{"type": "FeatureCollection", "name": "p533411_forest_grid", "crs": {"type": "name", "properties": {"name": "urn:ogc:def:crs:OGC:1.3:CRS84"}}, "features": [{"type": "Feature", "properties": {"MESH2_C": "533411", "grid_code": "53341109", "grid_area": 1049134.7522123381, "grid_perimeter": 4118.684856895094, "area": 750912.2425129788, "perimeter": 8910.623406187118, "connect": 0.5122899993701096, "connect_rev": 0.3666686585615303}, "geometry": {"type": "Polygon", "coordinates": [[[134.24668747, 35.41982483], [134.24658756, 35.41982483], [134.24648765, 35.41982483], [134.24638774, 35.41982483], [134.24628783, 35.41982483], [134.24618792, 35.41982482], [134.24608802, 35.41982482], [134.24598811, 35.41982482], [134.2458882, 35.41982482], [134.24578829, 35.41982481], [134.24568838, 35.41982481], [134.24558847, 35.41982481], [134.24548856, 35.41982481], [134.24542924, 35.41982481], [134.24538865, 35.4198248], [134.24528874, 35.4198248], [134.24518883, 35.4198248], [134.24508892, 35.4198248], [134.24505055, 35.4198248], [134.24498902, 35.4198248], [134.24488911, 35.41982479], [134.2447892, 35.41982479], [134.24473719, 35.41982479], [134.24468643, 35.41985834], [134.24462403, 35.41995007], [134.2445771, 35.4200353], [134.24443478, 35.42019264], [134.244396, 35.42021477], [134.24435338, 35.42022058], [134.24428541, 35.42019055], [134.2442256, 35.42010459], [134.24416537, 35.41997059], [134.2441751, 35.41987404], [134.24420751, 35.41982478], [134.24418974, 35.41982478], [134.24408983, 35.41982478], [134.24398992, 35.41982477], [134.24389002, 35.41982477], [134.24379011, 35.41982477], [134.2436902, 35.41982477], [134.24359029, 35.41982476], [134.24349038, 35.41982476], [134.24339047, 35.41982476], [134.24329056, 35.41982476], [134.24319065, 35.41982476], [134.24309074, 35.41982475], [134.24299083, 35.41982475], [134.24289092, 35.41982475], [134.24279101, 35.41982475], [134.24269111, 35.41982474], [134.2425912, 35.41982474], [134.24249129, 35.41982474], [134.24239138, 35.41982474], [134.24229147, 35.41982474], [134.24219156, 35.41982473], [134.24209165, 35.41982473], [134.24199174, 35.41982473], [134.24189183, 35.41982473], [134.24179192, 35.41982472], [134.24169201, 35.41982472], [134.2415921, 35.41982472], [134.2414922, 35.41982472], [134.24139229, 35.41982472], [134.24129238, 35.41982471], [134.24119247, 35.41982471], [134.24109256, 35.41982471], [134.24099265, 35.41982471], [134.24089274, 35.4198247], [134.24079283, 35.4198247], [134.24069292, 35.4198247], [134.24059301, 35.4198247], [134.24049311, 35.4198247], [134.2403932, 35.41982469], [134.24029329, 35.41982469], [134.24019338, 35.41982469], [134.24009347, 35.41982469], [134.23999356, 35.41982468], [134.23989365, 35.41982468], [134.23979374, 35.41982468], [134.23969383, 35.41982468], [134.23959392, 35.41982467], [134.23949401, 35.41982467], [134.23942782, 35.41982467], [134.23948002, 35.41987894], [134.23958539, 35.4199876], [134.2397106, 35.42009102], [134.23978378, 35.42012348], [134.23986487, 35.42012555], [134.24041294, 35.42003573], [134.24050578, 35.4200488], [134.24055791, 35.42007879], [134.24071017, 35.42026333], [134.24075159, 35.42035139], [134.24076395, 35.42041758], [134.24073701, 35.42048629], [134.24065508, 35.42055358], [134.24058804, 35.42058955], [134.24056553, 35.42061867], [134.24058135, 35.42066925], [134.24065287, 35.42074984], [134.24080838, 35.42088668], [134.24077442, 35.42095109], [134.24079783, 35.42112659], [134.24077465, 35.42151033], [134.24076705, 35.42154449], [134.24074868, 35.42156009], [134.24070253, 35.42156854], [134.24054039, 35.42154278], [134.24042393, 35.42151808], [134.24031958, 35.42151647], [134.24022286, 35.42153668], [134.24004767, 35.42161152], [134.23998418, 35.42161036], [134.23993957, 35.4215938], [134.23984747, 35.42151466], [134.23975268, 35.42132875], [134.23959603, 35.42114957], [134.23953265, 35.4207648], [134.23948691, 35.42067824], [134.2394477, 35.420634], [134.23931695, 35.42055466], [134.23910471, 35.42048592], [134.23897811, 35.42048321], [134.23868125, 35.42054923], [134.23863226, 35.42054886], [134.23860629, 35.42053557], [134.23858617, 35.42050259], [134.23856852, 35.4203489], [134.2385801, 35.4202862], [134.23861437, 35.42024431], [134.23895434, 35.42003881], [134.23916295, 35.41992648], [134.23927277, 35.41987994], [134.23935217, 35.41982467], [134.2392942, 35.41982467], [134.23919429, 35.41982467], [134.23909438, 35.41982466], [134.23899447, 35.41982466], [134.23889456, 35.41982466], [134.23879465, 35.41982466], [134.23869474, 35.41982465], [134.23859483, 35.41982465], [134.23855658, 35.41982465], [134.23853987, 35.41983464], [134.23850969, 35.41984079], [134.2384906, 35.41983525], [134.2384749, 35.41982465], [134.23839501, 35.41982465], [134.2382951, 35.41982465], [134.2381952, 35.41982464], [134.23809529, 35.41982464], [134.23799538, 35.41982464], [134.23791285, 35.41982464], [134.23789547, 35.41982464], [134.23779556, 35.41982463], [134.23769565, 35.41982463], [134.23759574, 35.41982463], [134.23749583, 35.41982463], [134.23739592, 35.41982463], [134.23729601, 35.41982462], [134.2371961, 35.41982462], [134.23709619, 35.41982462], [134.23700737, 35.41982462], [134.2370507, 35.41984557], [134.23708027, 35.4198756], [134.23709186, 35.41990818], [134.23709371, 35.41994725], [134.23707138, 35.420026], [134.23701125, 35.42012622], [134.23688728, 35.42029117], [134.23677929, 35.42045694], [134.23664679, 35.42071939], [134.23659455, 35.42076974], [134.23634766, 35.42094582], [134.23624536, 35.42105734], [134.23649443, 35.42120337], [134.23660009, 35.42129227], [134.23611268, 35.42170936], [134.23600426, 35.42181519], [134.23574923, 35.42201977], [134.23563498, 35.42207549], [134.23554653, 35.42208419], [134.23546302, 35.42207247], [134.23539781, 35.42202358], [134.2353348, 35.42186543], [134.23528428, 35.42182377], [134.23500064, 35.42179662], [134.23484453, 35.42179769], [134.2347819, 35.42178007], [134.23475785, 35.42176197], [134.23475784, 35.42214906], [134.23489876, 35.42224852], [134.23496912, 35.42229057], [134.23493639, 35.42235494], [134.23489843, 35.42250173], [134.23485676, 35.42257449], [134.23475782, 35.42267807], [134.2347578, 35.4233832], [134.23480605, 35.42343062], [134.23493163, 35.42349864], [134.23527459, 35.42362617], [134.23536314, 35.423664], [134.23537973, 35.42369749], [134.23536332, 35.4237495], [134.23520402, 35.42405664], [134.23518732, 35.42415699], [134.23526001, 35.42444984], [134.23544565, 35.42480422], [134.23546391, 35.42485613], [134.23546097, 35.4249005], [134.23542447, 35.42492837], [134.23537283, 35.4249247], [134.23524013, 35.42484724], [134.23509256, 35.42478346], [134.23509488, 35.42490018], [134.23506691, 35.42508816], [134.23475774, 35.42505871], [134.23475767, 35.42707943], [134.23478805, 35.42696094], [134.23479516, 35.42681044], [134.23488079, 35.42654142], [134.23510164, 35.42606685], [134.23516539, 35.42586772], [134.23521278, 35.42582465], [134.23526935, 35.42582136], [134.23534629, 35.42585442], [134.23540998, 35.42592063], [134.23565033, 35.42645711], [134.23567221, 35.42651248], [134.23571577, 35.42655038], [134.23600251, 35.42664937], [134.23608599, 35.42669315], [134.23613986, 35.42674384], [134.236158, 35.42679381], [134.23614994, 35.42688095], [134.23604112, 35.42720195], [134.23598396, 35.4272846], [134.23592884, 35.4273371], [134.23576833, 35.42744305], [134.23565605, 35.4275395], [134.23546013, 35.42766635], [134.23509798, 35.42782], [134.23499896, 35.42783268], [134.2348998, 35.42781619], [134.23484319, 35.4277886], [134.23475765, 35.42772927], [134.23475764, 35.4279843], [134.23491088, 35.4279886], [134.2350094, 35.42800356], [134.23511617, 35.42803958], [134.23518547, 35.4280773], [134.23522786, 35.42811787], [134.23523245, 35.42813098], [134.23699433, 35.42813109], [134.23692491, 35.42811795], [134.23670568, 35.4280619], [134.23648983, 35.42802958], [134.23643299, 35.42800325], [134.23639723, 35.42794725], [134.23640084, 35.42787607], [134.23644708, 35.42770721], [134.2366354, 35.42740922], [134.23687688, 35.42716759], [134.2370435, 35.42702062], [134.2370767, 35.42697637], [134.23708653, 35.42692887], [134.23707165, 35.4268656], [134.23693204, 35.42663607], [134.23692488, 35.42656574], [134.2369389, 35.42645248], [134.23696064, 35.42638539], [134.23700854, 35.42631242], [134.23729098, 35.42601654], [134.23734657, 35.42596011], [134.23736853, 35.42589725], [134.23734099, 35.42567604], [134.2373624, 35.42547872], [134.23732106, 35.42529819], [134.23732983, 35.42523755], [134.23737089, 35.42520948], [134.2374166, 35.42520293], [134.23766654, 35.42523415], [134.23787515, 35.42522256], [134.23787179, 35.42542886], [134.23788323, 35.42551264], [134.23791503, 35.42560416], [134.23795472, 35.42566453], [134.23804522, 35.42572078], [134.23864281, 35.42591569], [134.2387049, 35.42595976], [134.23873549, 35.42601293], [134.2388637, 35.42597577], [134.23896877, 35.42593772], [134.23940536, 35.42572538], [134.23951995, 35.4257083], [134.23983795, 35.42571864], [134.23997736, 35.42569023], [134.24016735, 35.42564161], [134.24029458, 35.42557863], [134.24045122, 35.42546658], [134.24060651, 35.42531673], [134.24065734, 35.42528433], [134.24084062, 35.42522652], [134.24112793, 35.42516287], [134.24117383, 35.42516577], [134.24121644, 35.42518338], [134.24133084, 35.42527411], [134.24141135, 35.42536328], [134.24150314, 35.42550583], [134.24146229, 35.42557912], [134.24130438, 35.42577215], [134.24117576, 35.42601907], [134.24107777, 35.42630573], [134.24104848, 35.42651417], [134.24097312, 35.42682352], [134.24098466, 35.42691558], [134.24103291, 35.42696619], [134.24112223, 35.42699419], [134.24135595, 35.42700456], [134.24160382, 35.42705118], [134.24205916, 35.42710775], [134.24215229, 35.42715906], [134.24237612, 35.42738672], [134.24245127, 35.42744241], [134.24252229, 35.42753527], [134.24262852, 35.42771893], [134.24265482, 35.42783707], [134.2426357, 35.42791585], [134.24255348, 35.42810802], [134.2425404, 35.42813127], [134.24608202, 35.42813125], [134.24608167, 35.428117], [134.24611997, 35.42806166], [134.24621734, 35.4280115], [134.24635771, 35.42797305], [134.24672657, 35.42789975], [134.24686557, 35.42788705], [134.24693907, 35.42791168], [134.24698031, 35.42796329], [134.24702184, 35.42813123], [134.24725652, 35.42813123], [134.2472568, 35.41982485], [134.24718702, 35.41982485], [134.24708711, 35.41982484], [134.2469872, 35.41982484], [134.24688729, 35.41982484], [134.2467873, 35.41982484], [134.24677461, 35.41982484], [134.24674671, 35.41982484], [134.24668747, 35.41982483]], [[134.24460334, 35.42674785], [134.24465226, 35.42681084], [134.24465263, 35.42687656], [134.24459669, 35.42714999], [134.24461127, 35.42732297], [134.24458738, 35.42736675], [134.24451794, 35.42739661], [134.24446702, 35.42739716], [134.24442206, 35.42738343], [134.24435949, 35.42732371], [134.24433842, 35.42723237], [134.24436012, 35.42708615], [134.24434478, 35.42703618], [134.24431731, 35.42700515], [134.24424373, 35.4269749], [134.24406194, 35.42694709], [134.24391933, 35.42687605], [134.24386042, 35.42683043], [134.24383966, 35.42675873], [134.24389698, 35.42662985], [134.24388959, 35.4265548], [134.24383825, 35.42650194], [134.24367396, 35.42639997], [134.24360445, 35.42634301], [134.24356641, 35.42628478], [134.24352887, 35.42613824], [134.24350386, 35.42608898], [134.24329414, 35.42589951], [134.24318695, 35.42577678], [134.24314604, 35.42570396], [134.24313719, 35.42563426], [134.24315575, 35.42553745], [134.24325385, 35.4252818], [134.24335517, 35.42488132], [134.24335572, 35.4248131], [134.24333683, 35.42474804], [134.24327981, 35.42465141], [134.24314821, 35.42447921], [134.24310394, 35.42439255], [134.24308743, 35.42432607], [134.24310444, 35.42422075], [134.24320689, 35.42408168], [134.24324195, 35.4239985], [134.24325621, 35.42388352], [134.24323262, 35.42380494], [134.24318427, 35.42375237], [134.24311777, 35.42370967], [134.24296299, 35.42363097], [134.24288726, 35.42360636], [134.24275295, 35.42358895], [134.24263818, 35.4235897], [134.2425751, 35.42359779], [134.242434, 35.42364037], [134.24234766, 35.42363092], [134.24228906, 35.42358261], [134.24224599, 35.42352173], [134.24218138, 35.42335609], [134.24208345, 35.42320186], [134.24204009, 35.42288244], [134.24194652, 35.42263836], [134.24194865, 35.42258982], [134.2419754, 35.42254157], [134.24209999, 35.42245025], [134.24226856, 35.42236435], [134.24238408, 35.42231358], [134.24260157, 35.42225584], [134.24286027, 35.42213921], [134.24301399, 35.42206546], [134.24307471, 35.42203527], [134.24319677, 35.42193963], [134.24326556, 35.42192063], [134.24335224, 35.42195192], [134.24358365, 35.42209797], [134.24349416, 35.42224437], [134.24332776, 35.422381], [134.24318681, 35.42255019], [134.24286101, 35.42301882], [134.24284947, 35.42305726], [134.24285805, 35.42311087], [134.24288635, 35.4231619], [134.24294002, 35.42321467], [134.24299979, 35.42324742], [134.24306097, 35.42326193], [134.24310651, 35.42325578], [134.24316381, 35.42322746], [134.24347594, 35.42289502], [134.24369431, 35.42271508], [134.24384431, 35.42262879], [134.24398597, 35.42252301], [134.24407714, 35.42248518], [134.24414403, 35.42270152], [134.24428309, 35.42300086], [134.24421573, 35.4230232], [134.24416274, 35.42305888], [134.24376471, 35.42343002], [134.24370716, 35.42351391], [134.24369718, 35.42360543], [134.24375593, 35.42366247], [134.2438207, 35.42368274], [134.24388804, 35.42368736], [134.24419322, 35.42366313], [134.24446209, 35.42360096], [134.24457494, 35.4237257], [134.24472873, 35.42398113], [134.24479583, 35.42406279], [134.24457225, 35.42428878], [134.24428904, 35.4245357], [134.24408236, 35.42470938], [134.24393399, 35.42481538], [134.24386144, 35.42490667], [134.24383083, 35.42497007], [134.24381994, 35.42504932], [134.24384309, 35.42511236], [134.24415026, 35.425501], [134.24420523, 35.42559779], [134.24424783, 35.42572988], [134.2441982, 35.42588251], [134.24414767, 35.42595707], [134.24404463, 35.42614062], [134.24403183, 35.42620881], [134.24404796, 35.42627687], [134.2441288, 35.42637571], [134.24460334, 35.42674785]], [[134.23745487, 35.42169589], [134.23754641, 35.42173375], [134.23763409, 35.42174642], [134.23786659, 35.42171756], [134.23794811, 35.42173667], [134.23801617, 35.42177641], [134.23805871, 35.42181964], [134.23813317, 35.42194189], [134.23829601, 35.42226536], [134.23830292, 35.42231238], [134.23828821, 35.42236996], [134.23809471, 35.42261021], [134.23792704, 35.42291788], [134.23780795, 35.42309058], [134.23725594, 35.42349713], [134.23694735, 35.42375766], [134.2368751, 35.423795], [134.23681508, 35.4238001], [134.23675726, 35.42376778], [134.23673077, 35.4237196], [134.23667115, 35.42350662], [134.23664427, 35.42334278], [134.23656268, 35.42308192], [134.23655368, 35.42301204], [134.23654647, 35.42264783], [134.23657973, 35.42253545], [134.23666748, 35.42234748], [134.23673058, 35.42226793], [134.23688547, 35.42211728], [134.23689628, 35.42207259], [134.23688344, 35.42203706], [134.23681259, 35.42198319], [134.23676974, 35.421977], [134.23672722, 35.42198603], [134.23654738, 35.42205695], [134.23630359, 35.42220648], [134.23620268, 35.42224465], [134.23613246, 35.42223079], [134.23599764, 35.42213497], [134.23623852, 35.4218917], [134.23656895, 35.42164082], [134.23680514, 35.42151082], [134.23684145, 35.42154019], [134.23689816, 35.42155681], [134.23716626, 35.42155427], [134.23723306, 35.42156671], [134.23729285, 35.42159065], [134.23745487, 35.42169589]]]}}, {"type": "Feature", "properties": {"MESH2_C": "533411", "grid_code": "53341109", "grid_area": 1049134.7522123381, "grid_perimeter": 4118.684856895094, "area": 265.55873872726806, "perimeter": 67.9096786182816, "connect": 0.5122899993701096, "connect_rev": 0.00012967169928213853}, "geometry": {"type": "Polygon", "coordinates": [[[134.23483126, 35.41998569], [134.2349408, 35.41994885], [134.2349011, 35.41982457], [134.23479829, 35.41982457], [134.23475792, 35.41982457], [134.23475791, 35.42002327], [134.23483126, 35.41998569]]]}}, {"type": "Feature", "properties": {"MESH2_C": "533411", "grid_code": "53341108", "grid_area": 1049135.2629142627, "grid_perimeter": 4118.685859357189, "area": 21330.43930268279, "perimeter": 1235.8604946868556, "connect": 0.2830667997745557, "connect_rev": 0.005755157990232622}, "geometry": {"type": "Polygon", "coordinates": [[[134.23472402, 35.42173651], [134.23456781, 35.42151384], [134.23431644, 35.42123669], [134.23402735, 35.42088448], [134.23399004, 35.42081386], [134.23397016, 35.42073961], [134.23397711, 35.4206593], [134.23400661, 35.42057897], [134.23407511, 35.42049589], [134.23443619, 35.42022338], [134.23467625, 35.42006512], [134.23475791, 35.42002327], [134.23475792, 35.41982457], [134.23469838, 35.41982457], [134.23459846, 35.41982456], [134.23449855, 35.41982456], [134.23439864, 35.41982456], [134.23429873, 35.41982456], [134.23419882, 35.41982456], [134.23409891, 35.41982456], [134.233999, 35.41982456], [134.23389909, 35.41982456], [134.23379918, 35.41982456], [134.23377379, 35.41982456], [134.23372022, 35.41990064], [134.23354427, 35.42019807], [134.23346821, 35.42031608], [134.23346236, 35.42033907], [134.23347081, 35.42036017], [134.23350557, 35.42037768], [134.23360187, 35.42037915], [134.23369732, 35.42039296], [134.23376902, 35.4204216], [134.23381275, 35.42045972], [134.23383533, 35.42054711], [134.23372448, 35.4205427], [134.23363373, 35.42058094], [134.2335646, 35.42064499], [134.23345659, 35.42080301], [134.23334111, 35.42103167], [134.23331118, 35.42105856], [134.23326118, 35.42107027], [134.23320792, 35.42104935], [134.23315836, 35.42099396], [134.23310841, 35.42087937], [134.23305268, 35.42065305], [134.2330176, 35.42059023], [134.23295939, 35.42053996], [134.23286739, 35.42052036], [134.23277376, 35.42054569], [134.23268865, 35.42059024], [134.23251613, 35.42072458], [134.23260144, 35.42079727], [134.23273633, 35.42095456], [134.2327819, 35.4210417], [134.23278396, 35.4211073], [134.23276099, 35.42117064], [134.23256903, 35.42157045], [134.23241843, 35.42175058], [134.23235691, 35.42187444], [134.23233404, 35.42193912], [134.23227053, 35.42224317], [134.23228592, 35.42229215], [134.2323279, 35.42231099], [134.23236378, 35.42230545], [134.23240538, 35.42227512], [134.23249328, 35.42215902], [134.23268275, 35.42195814], [134.23278178, 35.42180369], [134.23286993, 35.42160194], [134.23294147, 35.42152495], [134.23334831, 35.42127669], [134.2335457, 35.42121313], [134.23367914, 35.42118958], [134.23419257, 35.42165402], [134.23442796, 35.42187568], [134.23450559, 35.42197601], [134.23463229, 35.42206045], [134.23475784, 35.42214906], [134.23475785, 35.42176197], [134.23472402, 35.42173651]]]}}, {"type": "Feature", "properties": {"MESH2_C": "533411", "grid_code": "53341108", "grid_area": 1049135.2629142627, "grid_perimeter": 4118.685859357189, "area": 1058.4962062779814, "perimeter": 169.7095870494113, "connect": 0.2830667997745557, "connect_rev": 0.00028559247246377425}, "geometry": {"type": "Polygon", "coordinates": [[[134.23459599, 35.42284749], [134.2345467, 35.42291763], [134.23451703, 35.42299593], [134.23451806, 35.42307705], [134.23455698, 35.42315142], [134.23467362, 35.42330047], [134.2347578, 35.4233832], [134.23475782, 35.42267807], [134.23459599, 35.42284749]]]}}, {"type": "Feature", "properties": {"MESH2_C": "533411", "grid_code": "53341108", "grid_area": 1049135.2629142627, "grid_perimeter": 4118.685859357189, "area": 4522.649531593139, "perimeter": 284.65474629501165, "connect": 0.2830667997745557, "connect_rev": 0.0012202544082388588}, "geometry": {"type": "Polygon", "coordinates": [[[134.23364202, 35.42468177], [134.23373418, 35.42452922], [134.23373121, 35.42447727], [134.23368766, 35.42431606], [134.23366998, 35.42421951], [134.23352894, 35.4238017], [134.23348465, 35.42374768], [134.23341308, 35.4237295], [134.23298391, 35.42373028], [134.23295636, 35.42385957], [134.23300282, 35.42411696], [134.23304684, 35.42420373], [134.23311122, 35.42426702], [134.23357078, 35.42460506], [134.23364202, 35.42468177]]]}}, {"type": "Feature", "properties": {"MESH2_C": "533411", "grid_code": "53341119", "grid_area": 1049028.1285035536, "grid_perimeter": 4118.453585426104, "area": 494768.5996965066, "perimeter": 9733.751388864795, "connect": 0.22488528876954808, "connect_rev": 0.1060659637178422}, "geometry": {"type": "Polygon", "coordinates": [[[134.23478168, 35.43506607], [134.23484991, 35.43524634], [134.23491404, 35.43532787], [134.23502041, 35.43539796], [134.23513371, 35.43542092], [134.23524603, 35.43540061], [134.23551103, 35.43525697], [134.23585136, 35.43496895], [134.2359246, 35.43495892], [134.23597999, 35.43498396], [134.23601569, 35.43504324], [134.23601372, 35.43511213], [134.23598043, 35.43519001], [134.23587702, 35.4353573], [134.23585454, 35.43546619], [134.23587031, 35.43559196], [134.23593617, 35.43580121], [134.2359389, 35.4359272], [134.23590103, 35.43603091], [134.23581748, 35.43614565], [134.23569447, 35.43612819], [134.23538317, 35.43608045], [134.23513171, 35.43598334], [134.23500743, 35.43594675], [134.23492418, 35.4359356], [134.23484117, 35.4359487], [134.23477902, 35.43598724], [134.23475737, 35.43601674], [134.23475736, 35.43617857], [134.23480503, 35.43620848], [134.23526777, 35.43645238], [134.2353048, 35.43646335], [134.23574391, 35.43646338], [134.23593447, 35.43640749], [134.23637028, 35.43645791], [134.23650362, 35.43646064], [134.23677275, 35.43643563], [134.23686006, 35.43644157], [134.23694343, 35.43646346], [134.23822944, 35.43646352], [134.23813575, 35.43619983], [134.23805076, 35.43602655], [134.2380353, 35.43574775], [134.2380665, 35.43548801], [134.23818705, 35.43499392], [134.23823757, 35.43486988], [134.2382326, 35.43481204], [134.23807016, 35.43460504], [134.23799394, 35.4345607], [134.23791894, 35.43455672], [134.23767485, 35.43463457], [134.23744402, 35.43466397], [134.23738382, 35.43465364], [134.23732756, 35.43462811], [134.2371938, 35.43452051], [134.2370743, 35.43427181], [134.23701346, 35.43396101], [134.23695664, 35.43387913], [134.23685993, 35.43378169], [134.23681462, 35.4336816], [134.23678508, 35.43353219], [134.23678242, 35.43342368], [134.2368461, 35.43315323], [134.2369035, 35.43306624], [134.23699177, 35.43297882], [134.23705667, 35.43293356], [134.23713531, 35.43290979], [134.23727325, 35.43289013], [134.23743814, 35.43283276], [134.23748907, 35.43280035], [134.23751869, 35.43275548], [134.2375282, 35.43269863], [134.23750151, 35.43253238], [134.23754318, 35.43248926], [134.23762423, 35.43248187], [134.23777265, 35.43251391], [134.23787899, 35.4325503], [134.23799331, 35.43261038], [134.23807417, 35.43248977], [134.23810408, 35.43239731], [134.23810524, 35.43220718], [134.23806867, 35.43207617], [134.23784053, 35.43174542], [134.23771681, 35.43160566], [134.23763051, 35.43146323], [134.23742253, 35.43126856], [134.23726913, 35.43118096], [134.23720287, 35.43136632], [134.23717034, 35.43154659], [134.23714038, 35.43163757], [134.23712765, 35.43183847], [134.23711449, 35.43187684], [134.23707472, 35.431932], [134.2369958, 35.43200202], [134.23684966, 35.43222827], [134.23668843, 35.43240762], [134.23655579, 35.43251677], [134.23631405, 35.43262114], [134.23605288, 35.43250015], [134.23579604, 35.43234392], [134.23562605, 35.43225849], [134.23555967, 35.4322144], [134.23550932, 35.43215743], [134.23547804, 35.43208165], [134.235493, 35.43200565], [134.23573312, 35.43174499], [134.23575997, 35.43169535], [134.2357719, 35.4316272], [134.23576033, 35.4315588], [134.23573192, 35.43149528], [134.23557392, 35.43128768], [134.23548828, 35.43119847], [134.2355574, 35.43112053], [134.23563146, 35.43106717], [134.23585445, 35.43101379], [134.23637626, 35.43085178], [134.23656174, 35.43078069], [134.23665738, 35.43075571], [134.236828, 35.43076888], [134.23719555, 35.43077422], [134.23728104, 35.43081151], [134.23744677, 35.43095895], [134.23756116, 35.43086963], [134.23770517, 35.43074189], [134.2377751, 35.43069394], [134.23769729, 35.43066362], [134.23756677, 35.43055165], [134.23745847, 35.43048096], [134.23725822, 35.43041597], [134.23716266, 35.4303556], [134.23708935, 35.43026821], [134.23700976, 35.43006783], [134.23693229, 35.42997422], [134.23680969, 35.42988268], [134.23658602, 35.4297985], [134.23650147, 35.42974862], [134.23642165, 35.42990046], [134.23638253, 35.42994296], [134.23631383, 35.42997435], [134.23624968, 35.42997012], [134.23599945, 35.42986496], [134.23591793, 35.42981733], [134.23574937, 35.42967932], [134.23570963, 35.42962297], [134.23567863, 35.42954628], [134.23565081, 35.42929647], [134.23565332, 35.42909415], [134.23560218, 35.42889068], [134.23560978, 35.42881753], [134.23563904, 35.42877263], [134.23576742, 35.42865353], [134.23616237, 35.42821932], [134.23622992, 35.42819294], [134.23631909, 35.42821459], [134.23660168, 35.42835769], [134.23675059, 35.42841193], [134.23690704, 35.42848576], [134.23711892, 35.42862593], [134.23728094, 35.4287804], [134.23736745, 35.42884454], [134.23753359, 35.429018], [134.23754554, 35.4290501], [134.23753286, 35.42908086], [134.23748648, 35.42911783], [134.23739811, 35.42916226], [134.23740005, 35.42922146], [134.23738213, 35.42928821], [134.23721375, 35.42958054], [134.23720036, 35.42966231], [134.23722125, 35.42972738], [134.2372664, 35.42975996], [134.23742441, 35.42980118], [134.23749376, 35.42983865], [134.2375444, 35.42989143], [134.23759501, 35.43000613], [134.23764556, 35.43005553], [134.23772295, 35.43007988], [134.23799592, 35.43012136], [134.23830199, 35.4302107], [134.23825202, 35.43028526], [134.23818021, 35.4304951], [134.23805315, 35.43065817], [134.23826195, 35.43077349], [134.23845572, 35.43091298], [134.23864905, 35.43110688], [134.23880441, 35.43134358], [134.23889303, 35.431588], [134.23903697, 35.43181155], [134.23921241, 35.4318918], [134.23942416, 35.43196558], [134.23954307, 35.4319859], [134.24001264, 35.43193598], [134.24012548, 35.43191316], [134.24024258, 35.43186143], [134.24028102, 35.43181864], [134.24029168, 35.43177938], [134.24027374, 35.43173478], [134.24020945, 35.43169802], [134.24014361, 35.43168742], [134.23980988, 35.43167757], [134.23973584, 35.43164902], [134.2396453, 35.43158252], [134.23949398, 35.43144378], [134.23920923, 35.4311338], [134.23906426, 35.43095078], [134.23883577, 35.43070879], [134.23872539, 35.43054033], [134.23884313, 35.43048585], [134.23893512, 35.43045824], [134.23930892, 35.43043282], [134.2395747, 35.43047747], [134.23992888, 35.43050196], [134.2404784, 35.43052648], [134.24067142, 35.4305193], [134.24100137, 35.43053251], [134.24120316, 35.43052327], [134.24137634, 35.43054912], [134.24148426, 35.4305829], [134.24180667, 35.43073011], [134.24211527, 35.4308103], [134.24227652, 35.43088089], [134.24257943, 35.43102267], [134.24263434, 35.43105958], [134.24280866, 35.43100525], [134.24287322, 35.43100382], [134.24291928, 35.4310159], [134.24299053, 35.43105531], [134.24304916, 35.43111045], [134.24311681, 35.43122393], [134.24365066, 35.43112208], [134.24393315, 35.43112199], [134.24406807, 35.43110907], [134.24431107, 35.43099645], [134.24445043, 35.43095635], [134.24455084, 35.43095086], [134.24476474, 35.43097978], [134.24500556, 35.43092577], [134.24507089, 35.43089291], [134.24510406, 35.43085126], [134.24513612, 35.43064486], [134.24519573, 35.43053351], [134.24524822, 35.43050333], [134.24531322, 35.43048811], [134.24536657, 35.4304893], [134.24544427, 35.43051487], [134.24548473, 35.43055351], [134.24551463, 35.43063236], [134.24556856, 35.43081464], [134.24556296, 35.43089698], [134.24549741, 35.43107696], [134.24526781, 35.43137001], [134.24523617, 35.43149112], [134.24524609, 35.43157346], [134.24531439, 35.43182462], [134.24532862, 35.43200766], [134.24541443, 35.43226394], [134.24543736, 35.43240593], [134.24545672, 35.43245842], [134.24548222, 35.4327254], [134.24545115, 35.4329269], [134.24545829, 35.43318209], [134.24544544, 35.43326309], [134.24504537, 35.43324492], [134.24473272, 35.43319363], [134.24463081, 35.43318665], [134.24453104, 35.43319863], [134.24437041, 35.43326722], [134.24428411, 35.43326499], [134.24422237, 35.43339684], [134.24422044, 35.43355645], [134.24418218, 35.43371592], [134.24415936, 35.43375117], [134.24412595, 35.43377487], [134.24407224, 35.43377503], [134.24392244, 35.43368027], [134.24387285, 35.43367353], [134.2438292, 35.43369611], [134.24373535, 35.43378756], [134.24362137, 35.43381127], [134.24353883, 35.43380559], [134.24328097, 35.43375409], [134.24317635, 35.43374934], [134.2431916, 35.43383358], [134.24328722, 35.43403192], [134.24332467, 35.43409344], [134.24338095, 35.43414417], [134.24346538, 35.4341826], [134.24354705, 35.43419713], [134.24382645, 35.43420622], [134.24399648, 35.43419801], [134.24408701, 35.43421853], [134.24418697, 35.43429454], [134.2443285, 35.43445003], [134.24447196, 35.43466199], [134.24449016, 35.43474834], [134.24444157, 35.43486196], [134.24424726, 35.43511309], [134.24400896, 35.43536075], [134.2445677, 35.43573787], [134.24462738, 35.43580218], [134.24472708, 35.43594167], [134.24483371, 35.4359884], [134.24499384, 35.4360938], [134.24512765, 35.43616449], [134.24578517, 35.436441], [134.24577638, 35.43646363], [134.24725623, 35.4364636], [134.24725644, 35.43034904], [134.24701039, 35.43028659], [134.24677338, 35.4302637], [134.24646098, 35.43021259], [134.24634112, 35.430213], [134.24613775, 35.43023735], [134.24604373, 35.43022267], [134.24597709, 35.4301533], [134.24585951, 35.42985809], [134.24572905, 35.42968015], [134.2455812, 35.42952553], [134.24549826, 35.42940273], [134.2454862, 35.42935315], [134.24550698, 35.42931244], [134.24556157, 35.42928677], [134.24565093, 35.42928124], [134.24571531, 35.42929754], [134.24579568, 35.4293997], [134.24605608, 35.42960239], [134.24629666, 35.42982024], [134.24641244, 35.42989241], [134.24691719, 35.42998456], [134.24703416, 35.42999524], [134.24711816, 35.42998803], [134.24725645, 35.42997326], [134.24725652, 35.42813123], [134.24702184, 35.42813123], [134.247027, 35.42815208], [134.24709429, 35.42831723], [134.24713016, 35.42851606], [134.24665244, 35.42868138], [134.24652034, 35.42869631], [134.2464264, 35.42866792], [134.24636252, 35.42862279], [134.2462135, 35.42842034], [134.24608334, 35.42818497], [134.24608202, 35.42813125], [134.2425404, 35.42813127], [134.24240544, 35.42837128], [134.24278764, 35.42860232], [134.24308496, 35.42873784], [134.24357209, 35.42908776], [134.2434958, 35.42916393], [134.24327348, 35.42946326], [134.24323236, 35.42951104], [134.24313683, 35.42953652], [134.2429862, 35.42959173], [134.24289523, 35.42959599], [134.24261917, 35.42953163], [134.24243838, 35.42939433], [134.24252884, 35.42933542], [134.24260982, 35.42922894], [134.24262028, 35.42919222], [134.24261247, 35.42915842], [134.24255918, 35.42912024], [134.24240218, 35.42911331], [134.24218164, 35.42913502], [134.24178079, 35.42924947], [134.24161797, 35.42931542], [134.24154054, 35.42932445], [134.24144832, 35.42930063], [134.24131288, 35.42921706], [134.24121064, 35.42910596], [134.24111525, 35.42896223], [134.24106236, 35.42891305], [134.2409916, 35.42888872], [134.24067514, 35.42885294], [134.24040463, 35.42889114], [134.24033204, 35.42892245], [134.24016003, 35.42902666], [134.24008316, 35.42912774], [134.24003539, 35.42935373], [134.24000576, 35.42942528], [134.23990907, 35.42949427], [134.23977093, 35.42953274], [134.23965951, 35.42953624], [134.23955454, 35.42949753], [134.23940943, 35.42935179], [134.23927953, 35.42919381], [134.23920008, 35.42913868], [134.23910802, 35.42910394], [134.23904283, 35.42910886], [134.23898285, 35.4290941], [134.23867481, 35.42889185], [134.23832717, 35.42876752], [134.2380422, 35.42861884], [134.23791771, 35.42852869], [134.23740941, 35.42820965], [134.23699433, 35.42813109], [134.23523245, 35.42813098], [134.23526045, 35.42821089], [134.23524169, 35.42829177], [134.2350848, 35.42843975], [134.23492805, 35.42853782], [134.2348878, 35.42859295], [134.23477524, 35.42905057], [134.2347576, 35.42903509], [134.23475757, 35.43003343], [134.23481323, 35.43026586], [134.2348435, 35.43033053], [134.23493441, 35.4303925], [134.23513422, 35.43045563], [134.23522107, 35.43049494], [134.23540407, 35.43065074], [134.23519508, 35.43082637], [134.23514546, 35.43089799], [134.23512647, 35.43096384], [134.23516201, 35.43105034], [134.23530979, 35.43123437], [134.23536894, 35.43128893], [134.23513184, 35.43152899], [134.23504026, 35.4315943], [134.23494904, 35.43163219], [134.23483402, 35.43162552], [134.23475752, 35.43162339], [134.2347574, 35.43503408], [134.23478168, 35.43506607]], [[134.24598581, 35.43278498], [134.24600258, 35.43253567], [134.24599262, 35.43246466], [134.24597112, 35.4323959], [134.24596179, 35.43232608], [134.24586882, 35.43206838], [134.24582106, 35.43195436], [134.2457774, 35.43167447], [134.24584737, 35.43152495], [134.24608593, 35.43131135], [134.24620889, 35.43112089], [134.24628688, 35.43106774], [134.24636249, 35.4310567], [134.24642281, 35.43107228], [134.24648334, 35.4311171], [134.24653474, 35.43118701], [134.24665662, 35.43149351], [134.24667367, 35.4315822], [134.24673727, 35.43189087], [134.24675506, 35.43197289], [134.24675599, 35.43203963], [134.24679769, 35.43224162], [134.24680711, 35.43253542], [134.24678173, 35.4327823], [134.24671706, 35.43295456], [134.24653054, 35.43286748], [134.24638759, 35.43285386], [134.24605384, 35.43280097], [134.24598581, 35.43278498]]]}}, {"type": "Feature", "properties": {"MESH2_C": "533411", "grid_code": "53341119", "grid_area": 1049028.1285035536, "grid_perimeter": 4118.453585426104, "area": 37869.46713849869, "perimeter": 1078.3513499645749, "connect": 0.22488528876954808, "connect_rev": 0.008118262820215064}, "geometry": {"type": "Polygon", "coordinates": [[[134.2414518, 35.43351773], [134.24158617, 35.43308465], [134.24161524, 35.43292064], [134.24164313, 35.43285779], [134.24178667, 35.43265971], [134.24169691, 35.43254193], [134.24163167, 35.43240489], [134.24148409, 35.43222406], [134.24137192, 35.43216747], [134.24123676, 35.43214917], [134.24110905, 35.43243962], [134.24107081, 35.43261492], [134.24101459, 35.43272565], [134.24099005, 35.43286503], [134.24086731, 35.43316852], [134.24083828, 35.43336738], [134.24078179, 35.43343063], [134.24062949, 35.43348653], [134.2405689, 35.43352702], [134.24050971, 35.4336079], [134.24047135, 35.43369388], [134.24046922, 35.43375834], [134.240493, 35.43382205], [134.24061898, 35.43402616], [134.24072897, 35.4341482], [134.24082468, 35.43429087], [134.24084781, 35.43435219], [134.24084289, 35.4344032], [134.24079586, 35.43448966], [134.24069237, 35.43462785], [134.24043461, 35.43491591], [134.24035028, 35.43498302], [134.24038843, 35.43505993], [134.24044716, 35.43525773], [134.24049384, 35.4353427], [134.24051113, 35.43550097], [134.24062585, 35.43595716], [134.24074478, 35.43617834], [134.2408307, 35.43628294], [134.24110099, 35.43606704], [134.24119146, 35.43603428], [134.241491, 35.43596106], [134.2416238, 35.43590652], [134.24198782, 35.43563685], [134.24208987, 35.43556441], [134.24216968, 35.43553254], [134.24192502, 35.43513596], [134.2418392, 35.43493382], [134.24173758, 35.43475132], [134.24165052, 35.43452026], [134.24162154, 35.43432523], [134.24144261, 35.43389451], [134.24142836, 35.43382824], [134.24144979, 35.43368126], [134.2414518, 35.43351773]]]}}, {"type": "Feature", "properties": {"MESH2_C": "533411", "grid_code": "53341119", "grid_area": 1049028.1285035536, "grid_perimeter": 4118.453585426104, "area": 7042.604329613736, "perimeter": 349.931085410075, "connect": 0.22488528876954808, "connect_rev": 0.001509757522530998}, "geometry": {"type": "Polygon", "coordinates": [[[134.24243314, 35.43521307], [134.24243286, 35.43547548], [134.24241669, 35.43563716], [134.24238225, 35.43574506], [134.24245751, 35.4357682], [134.24265474, 35.43580721], [134.24289548, 35.43585743], [134.24306339, 35.43591052], [134.24309707, 35.43558835], [134.24311956, 35.43532117], [134.24307383, 35.43503127], [134.24283338, 35.43468672], [134.24267994, 35.43468013], [134.24256993, 35.43471948], [134.24246103, 35.43483028], [134.24243209, 35.43490206], [134.24242148, 35.43498275], [134.24244636, 35.43511966], [134.24243314, 35.43521307]]]}}, {"type": "Feature", "properties": {"MESH2_C": "533411", "grid_code": "53341129", "grid_area": 1048921.4824195206, "grid_perimeter": 4118.222266123157, "area": 20402.866054567858, "perimeter": 720.9437754287763, "connect": 0.37219613422918696, "connect_rev": 0.0072396914354251555}, "geometry": {"type": "Polygon", "coordinates": [[[134.24571205, 35.43662927], [134.24572418, 35.43675004], [134.24577755, 35.436834], [134.24597157, 35.43697235], [134.24620498, 35.43710544], [134.24630201, 35.43721814], [134.24632778, 35.43727929], [134.24633403, 35.43734076], [134.24632139, 35.43748665], [134.24629551, 35.43756877], [134.24638842, 35.43761096], [134.24645024, 35.43765436], [134.24649343, 35.43770879], [134.24656995, 35.4378642], [134.24649168, 35.43789652], [134.24653621, 35.43795722], [134.24661145, 35.43815002], [134.24675899, 35.43837677], [134.24695039, 35.43857463], [134.2471365, 35.43871535], [134.24725615, 35.4388268], [134.24725623, 35.4364636], [134.24577638, 35.43646363], [134.24571205, 35.43662927]]]}}, {"type": "Feature", "properties": {"MESH2_C": "533411", "grid_code": "53341129", "grid_area": 1048921.4824195206, "grid_perimeter": 4118.222266123157, "area": 639331.8265906952, "perimeter": 9259.412953709167, "connect": 0.37219613422918696, "connect_rev": 0.2268585764854893}, "geometry": {"type": "Polygon", "coordinates": [[[134.23703468, 35.43648742], [134.23708633, 35.43651677], [134.23711154, 35.4365883], [134.23708408, 35.43673009], [134.23700015, 35.43689466], [134.23694747, 35.43695226], [134.23668392, 35.43715293], [134.2365856, 35.43719494], [134.2362679, 35.43723137], [134.23598372, 35.43720476], [134.23579768, 35.43725656], [134.23567263, 35.43727747], [134.23507959, 35.43731378], [134.23501695, 35.43732817], [134.23497529, 35.43735905], [134.23496235, 35.4374186], [134.23501618, 35.43778426], [134.23504793, 35.43784926], [134.23493157, 35.43785868], [134.2347573, 35.43790108], [134.23475721, 35.44066582], [134.23476957, 35.44063545], [134.23482309, 35.44053812], [134.2348755, 35.44048378], [134.23510533, 35.44031123], [134.23514327, 35.44032349], [134.23522449, 35.44032027], [134.23519476, 35.44042959], [134.235048, 35.44065491], [134.23499163, 35.44079541], [134.23498915, 35.44087375], [134.23502736, 35.44110708], [134.23506098, 35.44119842], [134.23511526, 35.44125223], [134.23520135, 35.44129553], [134.23526456, 35.44131307], [134.23536512, 35.44132167], [134.23550762, 35.44128785], [134.23570592, 35.44118923], [134.23580631, 35.44117229], [134.23584384, 35.4412944], [134.23588773, 35.44135104], [134.23592698, 35.44137218], [134.23597322, 35.44137785], [134.23604785, 35.44135423], [134.23631989, 35.4411387], [134.23643414, 35.44103277], [134.23651021, 35.44091423], [134.23656299, 35.4408022], [134.23660785, 35.44065679], [134.23667635, 35.44051685], [134.23682189, 35.44028638], [134.23686074, 35.4402491], [134.23689474, 35.44024169], [134.23694562, 35.44027448], [134.23697744, 35.44034253], [134.23703282, 35.44072822], [134.23696137, 35.44093957], [134.23692511, 35.44111683], [134.23693079, 35.44122344], [134.23697802, 35.44132581], [134.23702312, 35.44136448], [134.23709792, 35.44139812], [134.23721022, 35.44141323], [134.23728618, 35.44139621], [134.23742374, 35.44131167], [134.23750261, 35.44127979], [134.23762594, 35.44129094], [134.23771951, 35.4413336], [134.23765039, 35.44139898], [134.23762244, 35.44147457], [134.23763921, 35.44158103], [134.23771092, 35.44177818], [134.23771323, 35.44187679], [134.23766128, 35.44205118], [134.23765046, 35.44210726], [134.23758115, 35.44224676], [134.23760012, 35.44243377], [134.23758168, 35.44247272], [134.23754816, 35.44250989], [134.23711166, 35.44227568], [134.23703383, 35.44225301], [134.23695217, 35.4422465], [134.23685456, 35.44225471], [134.23650871, 35.44234233], [134.23614561, 35.44239271], [134.23605109, 35.44245105], [134.23590562, 35.44263926], [134.23583269, 35.44268737], [134.2357869, 35.44269026], [134.23572346, 35.44267692], [134.23552996, 35.44259943], [134.23535581, 35.44255836], [134.23528565, 35.44251878], [134.23524217, 35.4424754], [134.23522714, 35.44240968], [134.23529858, 35.44218492], [134.23529888, 35.44210051], [134.23528271, 35.44204694], [134.23525128, 35.44198485], [134.23514101, 35.44184572], [134.23497524, 35.44167883], [134.23484551, 35.4415531], [134.23475718, 35.44149356], [134.23475711, 35.44360827], [134.23478908, 35.44366663], [134.23483657, 35.44377106], [134.23502172, 35.44361164], [134.23519006, 35.44342301], [134.23526231, 35.44330282], [134.2353144, 35.44310144], [134.23534322, 35.44305348], [134.23541792, 35.44301088], [134.23546854, 35.44301082], [134.23551126, 35.44302716], [134.23555942, 35.44307872], [134.23556724, 35.44314492], [134.23550588, 35.44328311], [134.23543644, 35.44353496], [134.23540131, 35.44376966], [134.23529585, 35.44402354], [134.23517316, 35.44421339], [134.23514166, 35.44430413], [134.23511855, 35.44448509], [134.23515479, 35.44466284], [134.23506831, 35.44479571], [134.24050238, 35.44479598], [134.24059952, 35.44477414], [134.24077513, 35.44473871], [134.24084412, 35.44479599], [134.24259889, 35.44479602], [134.24258031, 35.44477348], [134.24252258, 35.44470214], [134.24237331, 35.44457577], [134.24232685, 35.44453356], [134.24213118, 35.44432214], [134.24209117, 35.44426274], [134.2420692, 35.44418395], [134.24200701, 35.44380301], [134.24189145, 35.4435697], [134.24173537, 35.44340419], [134.24156548, 35.44317046], [134.24149907, 35.44305785], [134.24143918, 35.44293488], [134.24131389, 35.4425549], [134.24125033, 35.44239797], [134.24109506, 35.44248862], [134.24094414, 35.4425452], [134.24066485, 35.44259081], [134.24053754, 35.44261272], [134.24058476, 35.44236135], [134.24061819, 35.44225384], [134.24035769, 35.44225975], [134.23978451, 35.44231958], [134.23965483, 35.44231401], [134.23957988, 35.44229065], [134.23953458, 35.44225329], [134.23951925, 35.44221847], [134.23954002, 35.44214139], [134.23981632, 35.44179785], [134.23995865, 35.44164859], [134.24014216, 35.44147873], [134.24026471, 35.44134567], [134.24049765, 35.44120456], [134.2405629, 35.44118665], [134.24063395, 35.44119508], [134.2406764, 35.44124577], [134.24068621, 35.44144849], [134.24073158, 35.44172738], [134.24106354, 35.44162953], [134.24117036, 35.44158446], [134.24114633, 35.44151744], [134.24103996, 35.44125205], [134.24077132, 35.44063001], [134.2405749, 35.44012943], [134.24053578, 35.44006627], [134.24032457, 35.43983292], [134.24003405, 35.43953361], [134.240122, 35.4393979], [134.2401511, 35.43934943], [134.24024106, 35.43924902], [134.24051678, 35.43902126], [134.24064017, 35.43894831], [134.2407042, 35.43893283], [134.24077112, 35.43893389], [134.24084652, 35.43896132], [134.24089104, 35.43900149], [134.2409286, 35.43906245], [134.24098348, 35.43920434], [134.2409944, 35.43933745], [134.24093763, 35.43945042], [134.24092273, 35.43951165], [134.2409638, 35.43958677], [134.24102581, 35.43963025], [134.24108074, 35.43963575], [134.24131694, 35.43954393], [134.24138726, 35.43948877], [134.24140151, 35.43942972], [134.24130992, 35.43925626], [134.2411599, 35.43887321], [134.24112139, 35.43849628], [134.2411276, 35.43845835], [134.24115714, 35.43841022], [134.24124746, 35.43834267], [134.24136026, 35.43828394], [134.24143822, 35.43826339], [134.24167103, 35.43823514], [134.24205141, 35.43822778], [134.24234375, 35.43827794], [134.24294172, 35.43852969], [134.24301133, 35.43857123], [134.24308071, 35.43866185], [134.24316922, 35.43890916], [134.2431792, 35.43902359], [134.24322838, 35.43918079], [134.24344148, 35.44018246], [134.24343813, 35.44024844], [134.24353035, 35.44079677], [134.24351999, 35.44086243], [134.24347312, 35.44101312], [134.24346038, 35.44122197], [134.24346964, 35.44131906], [134.24344296, 35.44155752], [134.24339616, 35.44164277], [134.24335308, 35.44168698], [134.24324524, 35.44175854], [134.24304963, 35.44186254], [134.24296863, 35.44188673], [134.24305933, 35.44195848], [134.24311649, 35.44202678], [134.24315847, 35.4422183], [134.2432897, 35.44219961], [134.24369931, 35.44222625], [134.24384199, 35.44226012], [134.24395832, 35.44233393], [134.24423862, 35.44266039], [134.24426552, 35.44270908], [134.24433137, 35.44307623], [134.24430679, 35.44319442], [134.24435299, 35.44325218], [134.24438496, 35.44332844], [134.2444207, 35.44390161], [134.24440907, 35.44395563], [134.24437561, 35.44399743], [134.24431709, 35.44401546], [134.24426079, 35.44401072], [134.24425005, 35.44409137], [134.24427275, 35.44426682], [134.24430801, 35.44447131], [134.24436849, 35.44465269], [134.24444273, 35.44479602], [134.24725595, 35.44479597], [134.24725601, 35.44319151], [134.24723155, 35.44319514], [134.24707752, 35.44316362], [134.24685695, 35.44299524], [134.24681232, 35.44288575], [134.24679767, 35.442642], [134.24684789, 35.44215829], [134.24688209, 35.44202991], [134.24687678, 35.44178604], [134.24683962, 35.44165348], [134.24683059, 35.44141121], [134.24678748, 35.44110832], [134.24674308, 35.44098993], [134.24680071, 35.44093717], [134.24687147, 35.44090119], [134.24697702, 35.44088404], [134.24703373, 35.44090002], [134.24706669, 35.44093573], [134.24710118, 35.44106979], [134.24722572, 35.44125986], [134.24725607, 35.44127629], [134.24725612, 35.4397788], [134.24724049, 35.43977237], [134.24720651, 35.43972845], [134.24710547, 35.43942302], [134.24704018, 35.4392838], [134.24683874, 35.43907426], [134.24676727, 35.43901234], [134.24661232, 35.438913], [134.24650491, 35.43881823], [134.2464242, 35.43873967], [134.24624317, 35.43863534], [134.24619933, 35.43859724], [134.24599953, 35.43831287], [134.24583291, 35.43827945], [134.24560701, 35.43819601], [134.24550636, 35.43817843], [134.24488534, 35.43796511], [134.24474208, 35.43793023], [134.24462702, 35.43792128], [134.24429647, 35.4379326], [134.24413456, 35.43796279], [134.24393269, 35.43798369], [134.24364071, 35.43810782], [134.24348407, 35.43819398], [134.24340762, 35.43822394], [134.24322065, 35.43831901], [134.24317527, 35.43832757], [134.2431306, 35.43832076], [134.24275008, 35.43808367], [134.24256255, 35.43799889], [134.24240523, 35.43791305], [134.2423327, 35.43787256], [134.24228818, 35.43782886], [134.24226243, 35.43777914], [134.24225538, 35.43771167], [134.24227155, 35.43764508], [134.24237378, 35.43746125], [134.24241616, 35.43728039], [134.24241034, 35.43711803], [134.24237788, 35.43707248], [134.24206168, 35.4369615], [134.24196419, 35.43694972], [134.24188229, 35.43696144], [134.24164545, 35.43705397], [134.24153272, 35.43711214], [134.24131712, 35.43729324], [134.24122257, 35.43735275], [134.24108905, 35.43740341], [134.24091353, 35.43743568], [134.24080468, 35.43739968], [134.24070588, 35.43732655], [134.240529, 35.43706654], [134.24036408, 35.43703475], [134.24024939, 35.43698052], [134.24016935, 35.43690848], [134.24010408, 35.43681421], [134.24000565, 35.43652106], [134.24000975, 35.43647106], [134.24001302, 35.43646359], [134.23976391, 35.43646358], [134.23977749, 35.43656205], [134.239778, 35.43683679], [134.23984964, 35.43711434], [134.23982461, 35.43718743], [134.23975278, 35.43726566], [134.23932728, 35.43761036], [134.23924287, 35.43756516], [134.23916804, 35.4375126], [134.23889662, 35.43720466], [134.23882889, 35.43709309], [134.23872059, 35.43695778], [134.23865021, 35.43690278], [134.23844243, 35.43678775], [134.23835228, 35.43670407], [134.23824094, 35.4364959], [134.23822944, 35.43646352], [134.23694343, 35.43646346], [134.23703468, 35.43648742]], [[134.24459221, 35.44181909], [134.24450518, 35.4416892], [134.2443572, 35.4415218], [134.24404157, 35.44117906], [134.24393497, 35.44105694], [134.24393909, 35.44100281], [134.2439737, 35.440963], [134.24414386, 35.44085726], [134.24426379, 35.44081265], [134.24450825, 35.44077039], [134.24494825, 35.44075995], [134.24506365, 35.44074131], [134.24514468, 35.4407228], [134.24526579, 35.44071584], [134.24555299, 35.44065556], [134.24563569, 35.44065425], [134.24571492, 35.44067031], [134.24581383, 35.44072024], [134.24595789, 35.44084239], [134.24611426, 35.4409402], [134.24638815, 35.4411539], [134.24645195, 35.44123699], [134.24646196, 35.44127535], [134.24645381, 35.44133981], [134.24632829, 35.44155902], [134.24627588, 35.44168599], [134.24619098, 35.44181624], [134.24616878, 35.44189706], [134.24622688, 35.44216264], [134.24638899, 35.44251273], [134.24641815, 35.44285127], [134.24614708, 35.4428734], [134.24583955, 35.44287032], [134.24573515, 35.44287816], [134.24521826, 35.44243411], [134.24480319, 35.44203777], [134.24459221, 35.44181909]], [[134.24503521, 35.43851812], [134.24515381, 35.43852079], [134.24544987, 35.43847339], [134.24556455, 35.43850075], [134.24563134, 35.43855121], [134.24564857, 35.4385997], [134.24564477, 35.4387603], [134.24564182, 35.43907634], [134.24552319, 35.4390726], [134.24525064, 35.43901664], [134.24517389, 35.43899201], [134.24509256, 35.43894284], [134.24501514, 35.43883832], [134.24496964, 35.43867936], [134.24498144, 35.43859023], [134.24503521, 35.43851812]], [[134.23708269, 35.44386777], [134.23718424, 35.44391368], [134.23724667, 35.44397707], [134.23729407, 35.44406492], [134.23730199, 35.44414288], [134.23725192, 35.44420918], [134.23713241, 35.44425948], [134.23683899, 35.44435064], [134.23665658, 35.44421596], [134.23654647, 35.44408697], [134.23632412, 35.44379725], [134.23631052, 35.44375188], [134.23632399, 35.44370638], [134.23639112, 35.44364112], [134.23650282, 35.44357529], [134.23659218, 35.44356023], [134.23666896, 35.44360027], [134.23680272, 35.44376796], [134.23686032, 35.44381602], [134.23693579, 35.44384371], [134.23708269, 35.44386777]], [[134.24677293, 35.44373572], [134.24714709, 35.44402131], [134.24714129, 35.4440806], [134.24709546, 35.44418783], [134.24700047, 35.44422077], [134.24680003, 35.44423454], [134.24667644, 35.44422223], [134.2465834, 35.44419316], [134.24635064, 35.44399863], [134.24625539, 35.44393675], [134.24641638, 35.44377081], [134.24657415, 35.44368255], [134.2466264, 35.44363921], [134.24677293, 35.44373572]]]}}, {"type": "Feature", "properties": {"MESH2_C": "533411", "grid_code": "53341119", "grid_area": 1049028.1285035536, "grid_perimeter": 4118.453585426104, "area": 2319.3428088361397, "perimeter": 199.7808236088227, "connect": 0.22488528876954808, "connect_rev": 0.0004972088575591738}, "geometry": {"type": "Polygon", "coordinates": [[[134.24008738, 35.43629353], [134.24009923, 35.43622557], [134.24008373, 35.43611495], [134.24002282, 35.4359901], [134.23995496, 35.43593598], [134.239741, 35.43583444], [134.23964194, 35.43582059], [134.23955222, 35.43582291], [134.23957368, 35.43593269], [134.2397502, 35.43636415], [134.23976391, 35.43646358], [134.24001302, 35.43646359], [134.24008738, 35.43629353]]]}}, {"type": "Feature", "properties": {"MESH2_C": "533411", "grid_code": "53341128", "grid_area": 1048921.9928055257, "grid_perimeter": 4118.223268056289, "area": 56880.50081879017, "perimeter": 2130.4404408776772, "connect": 0.24934456478257028, "connect_rev": 0.013521352225003277}, "geometry": {"type": "Polygon", "coordinates": [[[134.23414732, 35.4380495], [134.23407437, 35.43807541], [134.23398805, 35.43802625], [134.23370936, 35.43781038], [134.23357493, 35.43767925], [134.23345365, 35.43776294], [134.23342815, 35.43781801], [134.23342882, 35.43791538], [134.23353618, 35.43825653], [134.23359837, 35.43841127], [134.23359376, 35.43847498], [134.23355206, 35.43853227], [134.23345804, 35.43859827], [134.23332588, 35.43865555], [134.23322494, 35.43867023], [134.2331464, 35.43865342], [134.2331102, 35.43862869], [134.23307459, 35.43856937], [134.23298718, 35.43830782], [134.23298368, 35.43822503], [134.23283391, 35.43828979], [134.23273981, 35.43837897], [134.23265455, 35.43849564], [134.2325845, 35.43868955], [134.23256632, 35.43875664], [134.23256741, 35.4388405], [134.23263504, 35.43912344], [134.23258496, 35.43932633], [134.23257907, 35.43942317], [134.23265439, 35.43965851], [134.23270948, 35.4397564], [134.2329476, 35.43998628], [134.23305385, 35.44006001], [134.23304507, 35.43973698], [134.23300455, 35.43949632], [134.23297576, 35.43915175], [134.23301625, 35.43907751], [134.23308511, 35.43901383], [134.23319834, 35.43895315], [134.23334368, 35.43891769], [134.23347763, 35.43932558], [134.23356529, 35.43938158], [134.23376009, 35.43942867], [134.233879, 35.43944057], [134.23409855, 35.43930086], [134.23417324, 35.43926922], [134.23426036, 35.43926119], [134.23429521, 35.43931355], [134.23430289, 35.43937903], [134.23428352, 35.43942955], [134.23418775, 35.43955788], [134.23411206, 35.43976468], [134.23407678, 35.44002571], [134.23406071, 35.44010671], [134.23403446, 35.44017068], [134.23385759, 35.44037074], [134.23380514, 35.44040331], [134.23362686, 35.44047085], [134.23346254, 35.44056744], [134.23340528, 35.44061658], [134.23337789, 35.44066225], [134.23337174, 35.44075303], [134.23340837, 35.44087072], [134.23365497, 35.44130819], [134.23399794, 35.44126738], [134.23408198, 35.44127699], [134.23414094, 35.44131914], [134.23422328, 35.44146971], [134.23427655, 35.44154256], [134.23433021, 35.44167719], [134.23432106, 35.44172328], [134.23426861, 35.44176951], [134.23414422, 35.44182745], [134.23400502, 35.4418732], [134.23374728, 35.44200084], [134.23376785, 35.44241265], [134.23386325, 35.44268334], [134.23392367, 35.44280964], [134.23426462, 35.44275939], [134.23433452, 35.44276209], [134.2343679, 35.44278169], [134.23440604, 35.44284204], [134.23456891, 35.44326475], [134.23475711, 35.44360827], [134.23475718, 35.44149356], [134.23468835, 35.44144716], [134.23459466, 35.44136305], [134.23451975, 35.44125736], [134.23450395, 35.44116637], [134.2345343, 35.44109063], [134.23465078, 35.44092741], [134.23475721, 35.44066582], [134.2347573, 35.43790108], [134.23414732, 35.4380495]]]}}, {"type": "Feature", "properties": {"MESH2_C": "533411", "grid_code": "53341128", "grid_area": 1048921.9928055257, "grid_perimeter": 4118.223268056289, "area": 9754.374859851901, "perimeter": 496.0966028691296, "connect": 0.24934456478257028, "connect_rev": 0.002318761901111894}, "geometry": {"type": "Polygon", "coordinates": [[[134.23115267, 35.43651588], [134.23109485, 35.43662598], [134.23110013, 35.43669038], [134.23119768, 35.43691943], [134.23134012, 35.43714874], [134.23138555, 35.43717919], [134.23146076, 35.43718603], [134.23174777, 35.43712066], [134.23220449, 35.43693828], [134.23260089, 35.43674098], [134.23276579, 35.43667987], [134.23284082, 35.43667459], [134.23289972, 35.43668901], [134.23306539, 35.43680147], [134.23314814, 35.43674874], [134.23320347, 35.43669698], [134.23327537, 35.43653142], [134.23331662, 35.43646335], [134.23120569, 35.43646337], [134.23115267, 35.43651588]]]}}, {"type": "Feature", "properties": {"MESH2_C": "533411", "grid_code": "53341129", "grid_area": 1048921.4824195206, "grid_perimeter": 4118.222266123157, "area": 63.80994880985236, "perimeter": 80.38494443058842, "connect": 0.37219613422918696, "connect_rev": 2.264212972128882e-05}, "geometry": {"type": "Polygon", "coordinates": [[[134.23537514, 35.4364842], [134.2357036, 35.43647521], [134.23574391, 35.43646338], [134.2353048, 35.43646335], [134.23537514, 35.4364842]]]}}, {"type": "Feature", "properties": {"MESH2_C": "533411", "grid_code": "53341118", "grid_area": 1049028.6390485093, "grid_perimeter": 4118.454587625469, "area": 42.66593608161202, "perimeter": 37.87943975373357, "connect": 0.20409804859664213, "connect_rev": 8.301045340100957e-06}, "geometry": {"type": "Polygon", "coordinates": [[[134.23472661, 35.43605864], [134.2347153, 35.43612201], [134.23475109, 35.43617464], [134.23475736, 35.43617857], [134.23475737, 35.43601674], [134.23472661, 35.43605864]]]}}, {"type": "Feature", "properties": {"MESH2_C": "533411", "grid_code": "53341118", "grid_area": 1049028.6390485093, "grid_perimeter": 4118.454587625469, "area": 8525.72066748119, "perimeter": 466.309166599593, "connect": 0.20409804859664213, "connect_rev": 0.001658756383134843}, "geometry": {"type": "Polygon", "coordinates": [[[134.23169734, 35.43629552], [134.23156379, 35.43630193], [134.23138601, 35.43633893], [134.23127234, 35.43639734], [134.23120569, 35.43646337], [134.23331662, 35.43646335], [134.23332669, 35.43644674], [134.23334793, 35.43632206], [134.23333696, 35.43616206], [134.23334164, 35.43612217], [134.23333309, 35.43607223], [134.23319064, 35.43585965], [134.2330823, 35.43580057], [134.23294926, 35.43577881], [134.23279888, 35.4357999], [134.23257026, 35.43587443], [134.23228531, 35.43601511], [134.23213583, 35.43612452], [134.23187656, 35.43626008], [134.23169734, 35.43629552]]]}}, {"type": "Feature", "properties": {"MESH2_C": "533411", "grid_code": "53341119", "grid_area": 1049028.1285035536, "grid_perimeter": 4118.453585426104, "area": 34528.635970845266, "perimeter": 1155.6023555914987, "connect": 0.22488528876954808, "connect_rev": 0.0074020725089602194}, "geometry": {"type": "Polygon", "coordinates": [[[134.23891431, 35.43225786], [134.23890677, 35.43219248], [134.23893432, 35.43196717], [134.23882686, 35.43196519], [134.23871542, 35.43199238], [134.23855207, 35.43211503], [134.23845938, 35.43222972], [134.23837736, 35.43253754], [134.23833413, 35.43264027], [134.238246, 35.43272257], [134.23812557, 35.43277539], [134.23815355, 35.43284062], [134.2381567, 35.4329117], [134.23809036, 35.43315143], [134.23801046, 35.43329852], [134.23778405, 35.43354774], [134.23774408, 35.43361768], [134.23776464, 35.43379728], [134.23786336, 35.43406731], [134.23794269, 35.43417826], [134.23810843, 35.43436685], [134.23816361, 35.43441869], [134.23822003, 35.43444729], [134.23833568, 35.43445864], [134.23852786, 35.43441484], [134.23880845, 35.43437733], [134.23885462, 35.43438947], [134.23890617, 35.43442342], [134.23902168, 35.43460371], [134.23914742, 35.43487852], [134.23926192, 35.43517218], [134.23930254, 35.43532185], [134.23940863, 35.43547267], [134.23955965, 35.43546524], [134.23973279, 35.43548368], [134.23979099, 35.43547259], [134.23982506, 35.43544688], [134.23985162, 35.43535706], [134.23983071, 35.4350699], [134.2398559, 35.43497859], [134.23981897, 35.43487901], [134.23976134, 35.43469579], [134.23973385, 35.43451477], [134.23967706, 35.43434818], [134.23963997, 35.43413038], [134.23955168, 35.43387204], [134.23945567, 35.43348681], [134.23931958, 35.43302516], [134.23913762, 35.43265903], [134.23901409, 35.43245551], [134.23891431, 35.43225786]], [[134.23847436, 35.4340021], [134.23839466, 35.43402347], [134.23833747, 35.43401387], [134.23830558, 35.43398897], [134.23827725, 35.43393944], [134.23823382, 35.43376338], [134.23825454, 35.43358049], [134.23825005, 35.43340067], [134.23826245, 35.43336181], [134.23830291, 35.43332011], [134.23837307, 35.43330822], [134.2384572, 35.43335294], [134.23849211, 35.43340104], [134.23859504, 35.43364111], [134.23863299, 35.43383587], [134.23860386, 35.43391006], [134.23847436, 35.4340021]]]}}, {"type": "Feature", "properties": {"MESH2_C": "533411", "grid_code": "53341118", "grid_area": 1049028.6390485093, "grid_perimeter": 4118.454587625469, "area": 331490.36086983804, "perimeter": 4810.00357211156, "connect": 0.20409804859664213, "connect_rev": 0.06449446017364838}, "geometry": {"type": "Polygon", "coordinates": [[[134.22708842, 35.42813724], [134.22704052, 35.42818341], [134.22702493, 35.42823368], [134.22702113, 35.42833634], [134.22704129, 35.42854695], [134.22703174, 35.4286314], [134.22696901, 35.42865906], [134.22685833, 35.42872852], [134.22679235, 35.42874951], [134.22684195, 35.42885289], [134.22705514, 35.42913419], [134.227357, 35.42961794], [134.22743148, 35.42976813], [134.22744959, 35.42992153], [134.22744727, 35.43005216], [134.22731717, 35.43066436], [134.22730448, 35.43085034], [134.2272666, 35.43094276], [134.22743998, 35.43096375], [134.22751005, 35.43100589], [134.227529, 35.43106969], [134.22752623, 35.43126055], [134.22755913, 35.43148112], [134.22765605, 35.43165152], [134.22786551, 35.43210308], [134.22791146, 35.4321794], [134.22801458, 35.43209466], [134.22809243, 35.4320162], [134.22823851, 35.43191298], [134.22835302, 35.43185462], [134.22846133, 35.43181996], [134.22864344, 35.43178806], [134.22872728, 35.43176538], [134.22876745, 35.43185823], [134.2287879, 35.43205482], [134.22875959, 35.43235096], [134.22870749, 35.43249326], [134.22861799, 35.43257599], [134.22856893, 35.43260483], [134.22852964, 35.43260498], [134.22824307, 35.43257671], [134.22808711, 35.43259392], [134.22813788, 35.43285249], [134.22821827, 35.43337932], [134.22825259, 35.43352555], [134.22829279, 35.43360511], [134.22838674, 35.43374546], [134.22842208, 35.43377139], [134.22845224, 35.43377469], [134.22879304, 35.4337701], [134.2289015, 35.43375698], [134.22899318, 35.43371941], [134.22906149, 35.43369799], [134.2291158, 35.43364979], [134.22918454, 35.43343907], [134.22917154, 35.43316597], [134.22915179, 35.43301967], [134.22914021, 35.4328601], [134.22916693, 35.43281802], [134.22921739, 35.43279016], [134.22928413, 35.43278064], [134.22935025, 35.43278758], [134.22940981, 35.43280725], [134.22951504, 35.43281292], [134.22968615, 35.4327582], [134.22978723, 35.43274443], [134.22987248, 35.4327561], [134.2299516, 35.43278647], [134.22987549, 35.43326373], [134.2298329, 35.43331976], [134.22968171, 35.43341326], [134.22963254, 35.43345513], [134.22967023, 35.43354496], [134.22967095, 35.43364591], [134.22959337, 35.43386619], [134.22957314, 35.43405665], [134.22958246, 35.43409398], [134.22963688, 35.43417723], [134.22974062, 35.4342625], [134.2297973, 35.43428371], [134.22987519, 35.43429361], [134.23019924, 35.43427831], [134.23036949, 35.43429004], [134.23068517, 35.43436579], [134.23079792, 35.43435129], [134.23099848, 35.43428265], [134.23108525, 35.43434736], [134.23121013, 35.43438669], [134.23130788, 35.43439721], [134.23140869, 35.43437774], [134.23147821, 35.43457679], [134.23146956, 35.43464538], [134.23142671, 35.43470215], [134.23135721, 35.434741], [134.23124668, 35.43477033], [134.23071342, 35.43483672], [134.23065875, 35.43486577], [134.23061803, 35.4349068], [134.23059312, 35.43495677], [134.23058004, 35.43501064], [134.23068297, 35.43507463], [134.23109079, 35.43517781], [134.23148717, 35.43545219], [134.23156539, 35.43546799], [134.23164552, 35.43545689], [134.23192407, 35.43534032], [134.23205253, 35.43525187], [134.23211129, 35.43517079], [134.23213939, 35.43502128], [134.23219675, 35.43485766], [134.23227572, 35.43473353], [134.23238217, 35.43465313], [134.23265779, 35.43453292], [134.23276039, 35.43445617], [134.23298389, 35.43457859], [134.23304527, 35.43457843], [134.23321775, 35.43453017], [134.23327942, 35.43454205], [134.23331804, 35.43456552], [134.23338139, 35.43464723], [134.23338163, 35.43472311], [134.23330052, 35.43480769], [134.23310319, 35.43492215], [134.23309019, 35.43494225], [134.23309927, 35.43498661], [134.23314455, 35.43502566], [134.23319096, 35.43503934], [134.23338517, 35.43502266], [134.23357089, 35.43504846], [134.2336352, 35.43507503], [134.23368119, 35.43511441], [134.23384479, 35.43535389], [134.23387869, 35.4353808], [134.23393164, 35.43539376], [134.23399485, 35.4353661], [134.23412271, 35.43524705], [134.23435107, 35.43506797], [134.23446999, 35.4349887], [134.23455859, 35.43495465], [134.23464673, 35.43495723], [134.23472997, 35.43499794], [134.2347574, 35.43503408], [134.23475752, 35.43162339], [134.23460512, 35.43161915], [134.23447235, 35.43160492], [134.23451114, 35.43154212], [134.23465195, 35.43138577], [134.23467421, 35.43133382], [134.23467209, 35.43128306], [134.23464681, 35.43125323], [134.23457025, 35.4312306], [134.23421607, 35.4312771], [134.23412874, 35.43127047], [134.23405845, 35.43123856], [134.23401936, 35.43118028], [134.23400996, 35.43109535], [134.23409221, 35.43091816], [134.23410421, 35.43084977], [134.23408572, 35.43076989], [134.23402386, 35.43068727], [134.23394557, 35.43063642], [134.23388111, 35.43062391], [134.23364939, 35.43063022], [134.23350624, 35.43066109], [134.23344089, 35.43065865], [134.23335259, 35.43062082], [134.23327754, 35.43054645], [134.2335655, 35.43031281], [134.23362741, 35.43024174], [134.23385323, 35.43023987], [134.2340212, 35.4302228], [134.23408278, 35.43020464], [134.23440593, 35.43003773], [134.23460356, 35.42990273], [134.2346947, 35.42986498], [134.23474231, 35.42996969], [134.23475757, 35.43003343], [134.2347576, 35.42903509], [134.23468787, 35.42897387], [134.23410402, 35.42867122], [134.23400148, 35.42857594], [134.23382178, 35.42842544], [134.23375382, 35.4284699], [134.23358269, 35.42854912], [134.23333765, 35.42871026], [134.23317482, 35.42885611], [134.23298235, 35.42899707], [134.23275681, 35.42920923], [134.23260421, 35.4293748], [134.23248366, 35.42945339], [134.23234063, 35.42951971], [134.23221427, 35.42955341], [134.23211752, 35.42955016], [134.23204314, 35.42952441], [134.23186473, 35.42942125], [134.23175795, 35.42940657], [134.23117016, 35.42944357], [134.23092069, 35.42950762], [134.23080665, 35.42955672], [134.23068031, 35.42958913], [134.23021343, 35.42978963], [134.22991834, 35.42987684], [134.22978993, 35.42990309], [134.22923459, 35.42995949], [134.22891246, 35.43005838], [134.22873403, 35.43013238], [134.22853698, 35.43013332], [134.22831888, 35.43008168], [134.22819452, 35.43008129], [134.22819213, 35.43001588], [134.22811427, 35.42981117], [134.22796968, 35.42959945], [134.2278927, 35.42943743], [134.22783076, 35.42935698], [134.22772043, 35.42924929], [134.22751897, 35.42902215], [134.22749542, 35.42898579], [134.22744307, 35.42872665], [134.22745113, 35.42856195], [134.22747586, 35.428431], [134.22758459, 35.42813094], [134.22709944, 35.42813092], [134.22708842, 35.42813724]], [[134.22870583, 35.43168248], [134.22861773, 35.43149404], [134.22845246, 35.43120087], [134.22838759, 35.43104485], [134.22838487, 35.43099541], [134.22840902, 35.43095256], [134.228459, 35.43091778], [134.22883093, 35.43076536], [134.22897251, 35.43068837], [134.22910902, 35.43077254], [134.2293028, 35.43096778], [134.22944429, 35.43116582], [134.22947299, 35.43122974], [134.2294766, 35.43128219], [134.22943595, 35.43135314], [134.22933108, 35.43142837], [134.2289736, 35.43163201], [134.2288234, 35.43173316], [134.22872728, 35.43176538], [134.22870583, 35.43168248]], [[134.23325517, 35.43207908], [134.23323864, 35.43201495], [134.23324641, 35.4319345], [134.23329851, 35.43177285], [134.23336494, 35.43175782], [134.2334653, 35.43170004], [134.23355566, 35.4317373], [134.23363798, 35.43175692], [134.23391553, 35.43176283], [134.23402814, 35.43179463], [134.23407966, 35.43182274], [134.2341093, 35.431865], [134.23411228, 35.43190496], [134.23407816, 35.43206108], [134.23407471, 35.43220425], [134.23357531, 35.43218971], [134.23336265, 35.43214844], [134.23330608, 35.43212533], [134.23325517, 35.43207908]], [[134.23386465, 35.4289353], [134.23372707, 35.42918435], [134.23350855, 35.42946158], [134.23341181, 35.42943031], [134.23317236, 35.42929384], [134.23313482, 35.42923455], [134.2331488, 35.42917024], [134.2332079, 35.42912527], [134.23345584, 35.42901247], [134.23374929, 35.42892412], [134.23381361, 35.42892368], [134.23386465, 35.4289353]]]}}, {"type": "Feature", "properties": {"MESH2_C": "533411", "grid_code": "53341118", "grid_area": 1049028.6390485093, "grid_perimeter": 4118.454587625469, "area": 338506.08683805045, "perimeter": 4524.832532106748, "connect": 0.20409804859664213, "connect_rev": 0.0658594333748564}, "geometry": {"type": "Polygon", "coordinates": [[[134.22743524, 35.43641412], [134.227374, 35.43627249], [134.22747981, 35.43618386], [134.22767108, 35.43607358], [134.22784304, 35.43595663], [134.2280073, 35.4357994], [134.22820609, 35.4356703], [134.22839386, 35.43550749], [134.22850504, 35.43536992], [134.22822481, 35.43524946], [134.22807497, 35.43519716], [134.22804008, 35.43517028], [134.22801658, 35.4351294], [134.22814567, 35.4349649], [134.22816477, 35.43491519], [134.2281653, 35.43486323], [134.2281492, 35.43481291], [134.22808633, 35.43473248], [134.22801676, 35.43467139], [134.22792316, 35.43461941], [134.22750686, 35.43453242], [134.22727802, 35.43446882], [134.22661458, 35.43447133], [134.22629729, 35.43450604], [134.22621411, 35.4345229], [134.22620068, 35.43448053], [134.22614522, 35.43442156], [134.22621162, 35.43434476], [134.22630426, 35.43429348], [134.22641537, 35.4342662], [134.22664794, 35.43423796], [134.22682563, 35.43417001], [134.22707925, 35.43404197], [134.22737386, 35.43399207], [134.22743825, 35.43394998], [134.22749734, 35.43385266], [134.22759195, 35.43318746], [134.22760486, 35.43296084], [134.22759484, 35.43273887], [134.22754622, 35.43250996], [134.22750362, 35.43242319], [134.22744326, 35.43235618], [134.22735801, 35.43228503], [134.22720954, 35.43219097], [134.22712966, 35.43211769], [134.22707761, 35.43201918], [134.22706052, 35.4318807], [134.22705662, 35.43176664], [134.22698054, 35.43157556], [134.22690656, 35.43148322], [134.22677929, 35.43141613], [134.22624183, 35.43138603], [134.22600121, 35.43139029], [134.2256588, 35.43140201], [134.22555989, 35.43141741], [134.2255068, 35.43122837], [134.22551008, 35.43120382], [134.2255419, 35.43116812], [134.22562995, 35.43114756], [134.2258471, 35.43118619], [134.22613392, 35.4311597], [134.22622355, 35.43114081], [134.22636284, 35.43106954], [134.22646528, 35.43099446], [134.2265088, 35.43087748], [134.22648099, 35.43079651], [134.22649006, 35.43070658], [134.22667063, 35.43040465], [134.22675039, 35.43031355], [134.22681096, 35.43023214], [134.22683169, 35.43010762], [134.22683211, 35.4299056], [134.22678337, 35.42974682], [134.22676299, 35.42966291], [134.22672881, 35.42952628], [134.22670639, 35.42925384], [134.22665366, 35.42897963], [134.22662579, 35.4288441], [134.22659042, 35.42878049], [134.22652506, 35.42871319], [134.22634542, 35.42864882], [134.22626232, 35.42860023], [134.22619288, 35.42853562], [134.22616379, 35.42847393], [134.22619216, 35.4283861], [134.22628125, 35.42828534], [134.22634231, 35.42817584], [134.22634713, 35.42813089], [134.22225875, 35.42813066], [134.2222587, 35.42976697], [134.2224857, 35.42963293], [134.22260679, 35.42959291], [134.22297138, 35.42951115], [134.22310897, 35.42946887], [134.22322643, 35.42945491], [134.2234024, 35.42945353], [134.22363664, 35.42947839], [134.22388304, 35.42952656], [134.22448395, 35.42967191], [134.22456662, 35.42968412], [134.22491464, 35.42970006], [134.22521772, 35.42964964], [134.22529811, 35.42964818], [134.22533761, 35.42965927], [134.22537681, 35.42969789], [134.22541115, 35.42979116], [134.22540306, 35.42989967], [134.22534243, 35.42997463], [134.22528426, 35.42999562], [134.22486526, 35.43007822], [134.22457776, 35.43021389], [134.22449561, 35.43031426], [134.22442945, 35.43051035], [134.22438397, 35.43061848], [134.22415109, 35.43052146], [134.22385499, 35.43040774], [134.22335897, 35.43019448], [134.22330177, 35.43018234], [134.22326346, 35.43019076], [134.22321837, 35.43022323], [134.22294768, 35.43052624], [134.22267242, 35.43089636], [134.22243109, 35.431073], [134.22225865, 35.43117013], [134.22225863, 35.43187791], [134.22238327, 35.43193896], [134.22244783, 35.43198466], [134.22250262, 35.43204286], [134.22288316, 35.4322732], [134.22305026, 35.43236871], [134.22324156, 35.4324453], [134.22331639, 35.43246089], [134.22380303, 35.43245971], [134.22419441, 35.4323871], [134.22427303, 35.43238805], [134.2243071, 35.43240597], [134.22433178, 35.43243763], [134.22437031, 35.43260319], [134.22426041, 35.43272102], [134.22416625, 35.43277185], [134.22401601, 35.43279585], [134.22370257, 35.43281819], [134.22329916, 35.43283513], [134.22310889, 35.43287877], [134.22303676, 35.43286778], [134.22233312, 35.43238728], [134.22227435, 35.43244573], [134.22225861, 35.43246654], [134.2222586, 35.43261624], [134.22227731, 35.43262755], [134.2229124, 35.43294149], [134.22330804, 35.43313608], [134.22354679, 35.43325621], [134.22368773, 35.43330219], [134.22371304, 35.43338244], [134.22370218, 35.43347682], [134.2235507, 35.43368645], [134.22341908, 35.43396249], [134.2230543, 35.43369632], [134.22268508, 35.43351014], [134.22227039, 35.43315149], [134.22225858, 35.43315992], [134.22225856, 35.43395749], [134.2223615, 35.43398649], [134.2225564, 35.43402295], [134.22262041, 35.43406117], [134.22267634, 35.43416027], [134.22269921, 35.43428233], [134.222689, 35.43437781], [134.22262686, 35.4345203], [134.22225854, 35.43445624], [134.22225852, 35.43502982], [134.22228562, 35.43509262], [134.2223584, 35.43509635], [134.22251352, 35.43507003], [134.22260478, 35.43507343], [134.22276816, 35.43510281], [134.22298384, 35.4351656], [134.22316067, 35.43520068], [134.22374757, 35.4353682], [134.22405947, 35.43548654], [134.22411152, 35.43551803], [134.22415001, 35.4355625], [134.22423742, 35.43582588], [134.22426843, 35.43601803], [134.22435313, 35.43626612], [134.22436254, 35.43633296], [134.22434629, 35.43639671], [134.22430009, 35.4364466], [134.22427589, 35.43646316], [134.22744831, 35.43646331], [134.22743524, 35.43641412]]]}}, {"type": "Feature", "properties": {"MESH2_C": "533411", "grid_code": "53341128", "grid_area": 1048921.9928055257, "grid_perimeter": 4118.223268056289, "area": 8315.060268576846, "perimeter": 404.7270141987106, "connect": 0.24934456478257028, "connect_rev": 0.001976615132516853}, "geometry": {"type": "Polygon", "coordinates": [[[134.2312511, 35.43823483], [134.23132848, 35.43858777], [134.23131271, 35.43884354], [134.23143265, 35.43883237], [134.231647, 35.43882594], [134.23169041, 35.43880996], [134.23172003, 35.43878007], [134.23173844, 35.43872744], [134.23174493, 35.43856864], [134.23179652, 35.43836555], [134.23189185, 35.43820056], [134.23192297, 35.43774464], [134.23192259, 35.43768922], [134.23178505, 35.43745827], [134.23171156, 35.43737905], [134.23130462, 35.43759543], [134.23112009, 35.43770653], [134.23101106, 35.43774524], [134.23104309, 35.43781033], [134.23109937, 35.43790778], [134.23122561, 35.43816989], [134.2312511, 35.43823483]]]}}, {"type": "Feature", "properties": {"MESH2_C": "533411", "grid_code": "53341128", "grid_area": 1048921.9928055257, "grid_perimeter": 4118.223268056289, "area": 10117.749562280922, "perimeter": 389.31337524897566, "connect": 0.24934456478257028, "connect_rev": 0.0024051415438800087}, "geometry": {"type": "Polygon", "coordinates": [[[134.22908817, 35.43979287], [134.22909443, 35.4398629], [134.22910708, 35.43991732], [134.22914373, 35.43999319], [134.22918201, 35.44026625], [134.22924186, 35.44054155], [134.22945479, 35.44058709], [134.22982585, 35.44057675], [134.22992105, 35.4405554], [134.23000587, 35.4405131], [134.23010366, 35.44034216], [134.2301184, 35.44020245], [134.23000743, 35.43961407], [134.2298848, 35.4393171], [134.22980194, 35.43936937], [134.22956299, 35.43942086], [134.22929177, 35.43951733], [134.22921934, 35.43956109], [134.22917563, 35.43960157], [134.22909646, 35.43973857], [134.22908817, 35.43979287]]]}}, {"type": "Feature", "properties": {"MESH2_C": "533411", "grid_code": "53341128", "grid_area": 1048921.9928055257, "grid_perimeter": 4118.223268056289, "area": 520334.78411536507, "perimeter": 6239.699080919096, "connect": 0.24934456478257028, "connect_rev": 0.12369141954918775}, "geometry": {"type": "Polygon", "coordinates": [[[134.23190844, 35.44447559], [134.23187935, 35.44428282], [134.23190008, 35.44423706], [134.23200162, 35.44415112], [134.23213027, 35.4439939], [134.23214195, 35.44393005], [134.23212448, 35.4438626], [134.23206574, 35.44376802], [134.2320293, 35.44374485], [134.23196688, 35.44372747], [134.23183072, 35.44372876], [134.23168876, 35.44376568], [134.2315926, 35.4437731], [134.23145771, 35.44375904], [134.23134995, 35.44372021], [134.23130546, 35.44379753], [134.23111945, 35.44398426], [134.23108072, 35.44403011], [134.23102909, 35.44406333], [134.23058886, 35.44424253], [134.23029315, 35.44432062], [134.22976771, 35.44439695], [134.2293941, 35.44444752], [134.22905967, 35.44441112], [134.22898143, 35.44439113], [134.22875629, 35.4442774], [134.22857165, 35.44412953], [134.2282501, 35.44396163], [134.22795589, 35.44384549], [134.22750031, 35.44368891], [134.22752841, 35.4435415], [134.22763063, 35.44341498], [134.22780551, 35.44328105], [134.22798647, 35.44324018], [134.22805132, 35.44324233], [134.22811282, 35.44325953], [134.22822379, 35.443321], [134.22846453, 35.44352166], [134.22852083, 35.44346672], [134.22865034, 35.4432784], [134.22877841, 35.44314728], [134.22885917, 35.44309872], [134.22908524, 35.44305261], [134.2295086, 35.44300498], [134.22990133, 35.44286696], [134.23012241, 35.44281325], [134.23019167, 35.44277445], [134.2302524, 35.44271844], [134.23019106, 35.4426866], [134.23012916, 35.44267012], [134.22971339, 35.44266692], [134.22961528, 35.44264946], [134.22943488, 35.44258424], [134.22932709, 35.44256158], [134.22916187, 35.4425447], [134.22895403, 35.4425341], [134.22875615, 35.4425035], [134.22842059, 35.44242923], [134.2282436, 35.44235826], [134.22792222, 35.4421558], [134.22787136, 35.44210269], [134.22785544, 35.44201455], [134.2279035, 35.44183131], [134.22796232, 35.44165971], [134.22803027, 35.44159374], [134.22822608, 35.44150165], [134.22830803, 35.44148004], [134.22873535, 35.44128814], [134.22880038, 35.44129327], [134.22885602, 35.44131653], [134.22900206, 35.44145418], [134.22905042, 35.44152968], [134.22943923, 35.44204357], [134.22950351, 35.44210972], [134.22958349, 35.44219866], [134.22966485, 35.44219074], [134.22990915, 35.44220458], [134.23016727, 35.44224818], [134.22999579, 35.44180686], [134.22985384, 35.44156114], [134.22981894, 35.44153083], [134.22976409, 35.44150736], [134.22970084, 35.44150778], [134.22958054, 35.44153031], [134.22952679, 35.44151567], [134.22948145, 35.44146644], [134.2294405, 35.44131659], [134.22935988, 35.44110425], [134.22930012, 35.44105744], [134.22911312, 35.44097467], [134.22889539, 35.44084599], [134.22882205, 35.4408207], [134.22833298, 35.44083732], [134.22816888, 35.44082135], [134.22809236, 35.44078767], [134.22789719, 35.44071055], [134.2277089, 35.44058636], [134.22760384, 35.44053625], [134.22752071, 35.44075904], [134.22747391, 35.44081238], [134.2274203, 35.44083643], [134.22733812, 35.44083459], [134.22709711, 35.44077895], [134.22696914, 35.44076432], [134.22680819, 35.4407788], [134.22668953, 35.44079889], [134.22657788, 35.4403736], [134.22654459, 35.44030596], [134.22611417, 35.44042441], [134.22599101, 35.4404472], [134.2259033, 35.44045967], [134.22588186, 35.44035192], [134.22587051, 35.44020038], [134.22611283, 35.44017333], [134.2261592, 35.44016309], [134.22635436, 35.44008934], [134.22643006, 35.44003844], [134.22647628, 35.43998136], [134.22650564, 35.43990356], [134.22652321, 35.43958674], [134.22653662, 35.43954268], [134.22656435, 35.43950776], [134.22667651, 35.43943775], [134.22677473, 35.43953169], [134.22696037, 35.43972577], [134.22724708, 35.43991763], [134.22741159, 35.44005718], [134.22755205, 35.44012933], [134.22783492, 35.44023287], [134.22832028, 35.44035575], [134.22861069, 35.44041052], [134.22888265, 35.44043263], [134.22888391, 35.44019849], [134.22878286, 35.44000181], [134.22859521, 35.4397463], [134.22838334, 35.43958555], [134.22815688, 35.43934565], [134.22811361, 35.43927397], [134.22811242, 35.43922192], [134.22815843, 35.43917206], [134.22819989, 35.43916402], [134.22824385, 35.43917212], [134.22854284, 35.43935237], [134.22869443, 35.43945708], [134.22875751, 35.43947109], [134.22879516, 35.43945804], [134.22881095, 35.43942738], [134.22881904, 35.43931944], [134.22888275, 35.43907897], [134.22892636, 35.43899185], [134.2291356, 35.43880295], [134.22936626, 35.43864539], [134.22942986, 35.43856722], [134.22947471, 35.438452], [134.22948524, 35.43831054], [134.22946904, 35.43822756], [134.22944366, 35.43817888], [134.22937456, 35.43813287], [134.22927843, 35.43811137], [134.22919314, 35.43810462], [134.22915418, 35.43808436], [134.22914245, 35.4380488], [134.22914533, 35.43799219], [134.22915346, 35.43783283], [134.22917132, 35.43775455], [134.22920379, 35.43769301], [134.22926085, 35.43764938], [134.22933837, 35.43763644], [134.22956082, 35.4376537], [134.2298793, 35.4376644], [134.23001678, 35.43769165], [134.22994793, 35.43756126], [134.22972429, 35.43721677], [134.22962446, 35.43703132], [134.2295818, 35.43698669], [134.22951683, 35.43694734], [134.22945486, 35.436943], [134.22940226, 35.43696021], [134.22932285, 35.43697817], [134.22924367, 35.43696873], [134.22908892, 35.43687276], [134.22904071, 35.43686391], [134.22887188, 35.43688416], [134.22855548, 35.43695917], [134.22828031, 35.43694193], [134.22809763, 35.43688664], [134.22796743, 35.43686225], [134.22789298, 35.43681835], [134.227832, 35.43672121], [134.22778023, 35.43667369], [134.22772162, 35.43665291], [134.22758907, 35.43663164], [134.22750398, 35.43659199], [134.2274708, 35.43654791], [134.22744831, 35.43646331], [134.22427589, 35.43646316], [134.22404758, 35.43661941], [134.22341921, 35.43695312], [134.22331874, 35.4370254], [134.22314746, 35.4371337], [134.2230701, 35.43719968], [134.22303912, 35.43724592], [134.22300752, 35.43733757], [134.22291722, 35.43781617], [134.22289833, 35.43801361], [134.22286511, 35.43809065], [134.22281663, 35.43814563], [134.22274721, 35.43818259], [134.2226647, 35.4381978], [134.22254323, 35.43819211], [134.22244956, 35.43816571], [134.22237399, 35.43811326], [134.22229632, 35.43801958], [134.22225842, 35.43795909], [134.22225819, 35.4447954], [134.23187297, 35.44479574], [134.23190844, 35.44447559]], [[134.22297088, 35.44134216], [134.2230708, 35.44135658], [134.22311358, 35.44137385], [134.22317954, 35.44143045], [134.2233732, 35.4417012], [134.22345511, 35.44177201], [134.22361273, 35.44187759], [134.2237682, 35.44205743], [134.22382299, 35.44216912], [134.22382481, 35.44230128], [134.22364313, 35.4423623], [134.22333992, 35.44242435], [134.22302628, 35.44244844], [134.22276022, 35.44245181], [134.22268176, 35.44243309], [134.22261548, 35.44237545], [134.2224031, 35.44205458], [134.22236929, 35.44186349], [134.22236046, 35.44164968], [134.22232005, 35.4414286], [134.22258964, 35.44136269], [134.22277095, 35.44133574], [134.22297088, 35.44134216]], [[134.22843724, 35.43720995], [134.22857479, 35.4374402], [134.22868651, 35.43755172], [134.22870438, 35.43758401], [134.22869719, 35.43761327], [134.22862069, 35.43764954], [134.22836309, 35.4376715], [134.22787104, 35.43785647], [134.22779499, 35.43787059], [134.22773878, 35.43785846], [134.22767332, 35.43781699], [134.22757606, 35.43771663], [134.22749828, 35.43760834], [134.2274206, 35.43745527], [134.22742208, 35.43741818], [134.22744276, 35.43738658], [134.22759118, 35.43732903], [134.22778123, 35.43728189], [134.22786057, 35.43725445], [134.22792926, 35.43724739], [134.22811193, 35.43718948], [134.22827582, 35.43715928], [134.22838476, 35.43716601], [134.22843724, 35.43720995]]]}}, {"type": "Feature", "properties": {"MESH2_C": "533411", "grid_code": "53341127", "grid_area": 1048922.569751963, "grid_perimeter": 4118.224400650998, "area": 624357.0105475069, "perimeter": 3802.5317259667404, "connect": 0.35430684127620893, "connect_rev": 0.21089636796360853}, "geometry": {"type": "Polygon", "coordinates": [[[134.21427486, 35.43672821], [134.21421003, 35.43693354], [134.21408403, 35.43720601], [134.21408553, 35.4372728], [134.21408328, 35.43767901], [134.21411148, 35.43809256], [134.21412748, 35.43820421], [134.21426485, 35.43850569], [134.21434888, 35.43879601], [134.21439001, 35.43907231], [134.21436527, 35.43932728], [134.21435763, 35.43949811], [134.21450157, 35.43952094], [134.21454787, 35.43955117], [134.2145695, 35.43958404], [134.21454928, 35.44013199], [134.21453962, 35.44032442], [134.21452828, 35.44066907], [134.21443536, 35.44106812], [134.21441281, 35.44116294], [134.21442153, 35.44121311], [134.21444518, 35.44123936], [134.21451608, 35.44125178], [134.21472449, 35.44125628], [134.21477204, 35.44127738], [134.21475065, 35.44152172], [134.21473312, 35.44162427], [134.21470299, 35.44164662], [134.21412091, 35.44167196], [134.21411515, 35.44173572], [134.21409304, 35.44193221], [134.21410074, 35.44204614], [134.21416426, 35.44267932], [134.21423302, 35.44296355], [134.21425461, 35.44311098], [134.21437799, 35.4437069], [134.21452247, 35.44440928], [134.21457863, 35.44457823], [134.21461455, 35.4447539], [134.21462571, 35.44479538], [134.21977031, 35.44479545], [134.2197288, 35.4447161], [134.21963958, 35.44443856], [134.21962116, 35.44428493], [134.21962022, 35.44401296], [134.21964919, 35.44385301], [134.21981666, 35.44344831], [134.21994695, 35.44329093], [134.22001279, 35.44323326], [134.22020224, 35.44311687], [134.22040903, 35.44303762], [134.22053326, 35.44300462], [134.22096149, 35.44295578], [134.221066, 35.44296826], [134.22112733, 35.44298965], [134.22118655, 35.44303321], [134.22120228, 35.44307479], [134.22118202, 35.44311742], [134.22110155, 35.44321416], [134.22094095, 35.44350152], [134.22092351, 35.44355555], [134.22092347, 35.44359632], [134.22095179, 35.44363711], [134.22101081, 35.44365023], [134.22131093, 35.44360027], [134.22154078, 35.44359939], [134.22158624, 35.44376116], [134.22157982, 35.44396164], [134.22155015, 35.44406794], [134.22147776, 35.4442323], [134.221367, 35.44442764], [134.22134367, 35.44451478], [134.22131761, 35.44473437], [134.22138018, 35.44479542], [134.22225819, 35.4447954], [134.22225842, 35.43795909], [134.22222446, 35.43790489], [134.22216905, 35.43785403], [134.22206277, 35.43781286], [134.22172888, 35.43773782], [134.22139322, 35.43768806], [134.22124798, 35.43764873], [134.2211741, 35.43761376], [134.22113623, 35.43757087], [134.22112966, 35.43752045], [134.22129099, 35.43719636], [134.22140856, 35.43691631], [134.22145987, 35.43674452], [134.22158129, 35.43646305], [134.21435261, 35.436463], [134.21427486, 35.43672821]]]}}, {"type": "Feature", "properties": {"MESH2_C": "533411", "grid_code": "53341117", "grid_area": 1049029.2161732167, "grid_perimeter": 4118.455720518642, "area": 1156.9626815818483, "perimeter": 179.0218585185109, "connect": 0.21498561156962603, "connect_rev": 0.00023710524533383215}, "geometry": {"type": "Polygon", "coordinates": [[[134.22196733, 35.43440558], [134.22190384, 35.4344068], [134.2218451, 35.4344334], [134.22195064, 35.43458087], [134.22210703, 35.43475336], [134.22220163, 35.434898], [134.22225852, 35.43502982], [134.22225854, 35.43445624], [134.22196733, 35.43440558]]]}}, {"type": "Feature", "properties": {"MESH2_C": "533411", "grid_code": "53341117", "grid_area": 1049029.2161732167, "grid_perimeter": 4118.455720518642, "area": 2371.7225740637805, "perimeter": 214.5381597641092, "connect": 0.21498561156962603, "connect_rev": 0.0004860553168563006}, "geometry": {"type": "Polygon", "coordinates": [[[134.22218919, 35.43320949], [134.22199792, 35.43332449], [134.22190986, 35.43345581], [134.22184343, 35.43359313], [134.22183256, 35.4336855], [134.2218566, 35.43376353], [134.22190942, 35.43383339], [134.2220053, 35.43388613], [134.22225856, 35.43395749], [134.22225858, 35.43315992], [134.22218919, 35.43320949]]]}}, {"type": "Feature", "properties": {"MESH2_C": "533411", "grid_code": "53341117", "grid_area": 1049029.2161732167, "grid_perimeter": 4118.455720518642, "area": 58.6038308480056, "perimeter": 38.78468257916264, "connect": 0.21498561156962603, "connect_rev": 1.2010133007678829e-05}, "geometry": {"type": "Polygon", "coordinates": [[[134.22218088, 35.43256924], [134.2222586, 35.43261624], [134.22225861, 35.43246654], [134.22218088, 35.43256924]]]}}, {"type": "Feature", "properties": {"MESH2_C": "533411", "grid_code": "53341117", "grid_area": 1049029.2161732167, "grid_perimeter": 4118.455720518642, "area": 1377.4766638556612, "perimeter": 179.26302967560042, "connect": 0.21498561156962603, "connect_rev": 0.0002822968687966446}, "geometry": {"type": "Polygon", "coordinates": [[[134.22221045, 35.43119728], [134.22209384, 35.43128263], [134.22204449, 35.43135399], [134.22203234, 35.43143892], [134.22200206, 35.4315769], [134.22200297, 35.43176191], [134.22209701, 35.43179875], [134.22225863, 35.43187791], [134.22225865, 35.43117013], [134.22221045, 35.43119728]]]}}, {"type": "Feature", "properties": {"MESH2_C": "533411", "grid_code": "53341117", "grid_area": 1049029.2161732167, "grid_perimeter": 4118.455720518642, "area": 486275.30150173954, "perimeter": 5617.755716551439, "connect": 0.21498561156962603, "connect_rev": 0.09965613109034102}, "geometry": {"type": "Polygon", "coordinates": [[[134.21555302, 35.42815602], [134.21545364, 35.42834997], [134.21536275, 35.4286226], [134.21533162, 35.4287848], [134.21539798, 35.42883487], [134.21544251, 35.42889217], [134.2154921, 35.42900629], [134.2155058, 35.42910022], [134.21544446, 35.42929732], [134.2154156, 35.42951944], [134.21534601, 35.42969869], [134.21529991, 35.42990291], [134.21530349, 35.43010031], [134.21525291, 35.43033062], [134.2152423, 35.43043066], [134.2152123, 35.43053828], [134.21518075, 35.43075978], [134.21510312, 35.43095108], [134.21504719, 35.43101858], [134.21494061, 35.431113], [134.2147144, 35.43127648], [134.21466201, 35.43134598], [134.21456819, 35.43154206], [134.21448702, 35.43183809], [134.21445421, 35.4320878], [134.21449603, 35.4323623], [134.21453396, 35.4325731], [134.21452494, 35.43262566], [134.21450176, 35.43265619], [134.21447828, 35.43266911], [134.21443895, 35.43267383], [134.21422854, 35.43265565], [134.21418195, 35.43265241], [134.21415379, 35.43267322], [134.21414091, 35.43272937], [134.21415584, 35.43284782], [134.21416467, 35.43317414], [134.21418966, 35.43331085], [134.21419464, 35.43358562], [134.21415641, 35.43367455], [134.21404094, 35.43377972], [134.21410784, 35.43386106], [134.2141359, 35.43398212], [134.21411387, 35.43414691], [134.21401289, 35.43443885], [134.21401661, 35.43451474], [134.21402745, 35.43459497], [134.21404836, 35.43468739], [134.21413432, 35.43555607], [134.21417417, 35.43563043], [134.21422526, 35.43568244], [134.2143034, 35.43573162], [134.21449324, 35.43581251], [134.21456988, 35.43586995], [134.21464065, 35.43596309], [134.21467313, 35.43610204], [134.21461336, 35.43619293], [134.21437499, 35.43638667], [134.21435261, 35.436463], [134.22158129, 35.43646305], [134.22159294, 35.43643605], [134.22154573, 35.43633017], [134.22131441, 35.43593907], [134.22126561, 35.4358397], [134.22118626, 35.43556252], [134.22120075, 35.43532944], [134.22124234, 35.4351694], [134.2212931, 35.43508524], [134.22156536, 35.43478708], [134.22176038, 35.4345058], [134.2218451, 35.4344334], [134.22182259, 35.43439283], [134.22172286, 35.43428855], [134.22158617, 35.43409889], [134.2214815, 35.43388662], [134.22139243, 35.43374183], [134.22134972, 35.43363978], [134.22132666, 35.43351689], [134.22124678, 35.43343938], [134.22109557, 35.43325718], [134.2209453, 35.4331182], [134.2208928, 35.43315443], [134.22084984, 35.43319522], [134.22059141, 35.43354408], [134.22050245, 35.43359702], [134.22025912, 35.43364496], [134.22010669, 35.43366162], [134.21996927, 35.43366204], [134.2199036, 35.43364626], [134.21984726, 35.43361778], [134.21980445, 35.43357518], [134.21977967, 35.43351984], [134.21973548, 35.4334015], [134.21964107, 35.43324538], [134.21958384, 35.43317639], [134.21948732, 35.43312298], [134.21903371, 35.43300081], [134.21896706, 35.43296464], [134.21893359, 35.43290821], [134.21895323, 35.43268637], [134.21899384, 35.43258309], [134.21907943, 35.43250315], [134.21930892, 35.43242841], [134.21944665, 35.43233187], [134.21950803, 35.43223189], [134.21952293, 35.43204495], [134.21955224, 35.43199288], [134.21957542, 35.43194092], [134.21959958, 35.43181613], [134.21965439, 35.43167209], [134.21966025, 35.43160001], [134.21967519, 35.43148868], [134.21967465, 35.4310789], [134.21992547, 35.43059932], [134.21999631, 35.43050786], [134.22032476, 35.43017217], [134.22035393, 35.43010977], [134.22037352, 35.42997155], [134.22040599, 35.42992404], [134.2205757, 35.4298056], [134.22074592, 35.42971548], [134.22080729, 35.42969488], [134.22086897, 35.42970886], [134.22091324, 35.42977723], [134.22093128, 35.4300037], [134.22097626, 35.43029133], [134.22103682, 35.43050421], [134.22109151, 35.43051349], [134.22115836, 35.43050928], [134.22145028, 35.43042284], [134.22170039, 35.43028762], [134.22185778, 35.43021682], [134.22192067, 35.43015936], [134.22200794, 35.42999948], [134.22216197, 35.42982408], [134.2222587, 35.42976697], [134.22225875, 35.42813066], [134.21968402, 35.42813071], [134.21988158, 35.42828574], [134.21987705, 35.4284084], [134.21969326, 35.42853702], [134.21951895, 35.42864591], [134.2192316, 35.42886364], [134.21871892, 35.42915114], [134.21864975, 35.42916631], [134.21860407, 35.429146], [134.21855822, 35.42909015], [134.21849584, 35.42894974], [134.21845531, 35.42876091], [134.21846752, 35.42864989], [134.21850837, 35.42859209], [134.21856075, 35.42856281], [134.2186579, 35.42854126], [134.21883255, 35.42853072], [134.21887107, 35.42851502], [134.21889209, 35.4284749], [134.21887762, 35.4284238], [134.21882054, 35.42835203], [134.21864846, 35.42820218], [134.21861833, 35.42813071], [134.21557307, 35.42813067], [134.21555302, 35.42815602]], [[134.21597373, 35.43291996], [134.2159035, 35.43288431], [134.21586992, 35.43282545], [134.21587389, 35.43277477], [134.21590354, 35.43272509], [134.21596128, 35.43267512], [134.21603584, 35.4326434], [134.2162436, 35.43259981], [134.21639986, 35.43254889], [134.21667827, 35.43249973], [134.21680542, 35.43250788], [134.21693792, 35.43255838], [134.21721563, 35.43270888], [134.21756777, 35.43281864], [134.21771204, 35.43289367], [134.21774434, 35.43292374], [134.2177553, 35.43295533], [134.21773679, 35.43300058], [134.21769949, 35.43303176], [134.217575, 35.43308259], [134.21750732, 35.43308218], [134.21729925, 35.43310283], [134.21622118, 35.43299355], [134.21597373, 35.43291996]], [[134.21733635, 35.43175236], [134.21740176, 35.43174168], [134.2182111, 35.43172735], [134.21841142, 35.43170958], [134.21864138, 35.43162051], [134.21889696, 35.43156391], [134.21898566, 35.43156344], [134.21908508, 35.43158118], [134.21915676, 35.43161647], [134.2191991, 35.43165966], [134.21921326, 35.43169592], [134.21920958, 35.43173392], [134.2191138, 35.43186548], [134.21897577, 35.431967], [134.21880307, 35.43204545], [134.21853368, 35.43210305], [134.21801127, 35.4321584], [134.21762396, 35.43213355], [134.21734281, 35.43209434], [134.2172537, 35.43206215], [134.21719695, 35.43201106], [134.21715949, 35.43194877], [134.2171708, 35.4318839], [134.21724997, 35.43179403], [134.21733635, 35.43175236]], [[134.21871036, 35.43075578], [134.21868037, 35.43080257], [134.21861146, 35.43084484], [134.21836022, 35.43090939], [134.21821523, 35.43092715], [134.21775459, 35.43092518], [134.21742827, 35.43086858], [134.21726994, 35.43079851], [134.21709492, 35.43069368], [134.21705254, 35.43069076], [134.21702195, 35.43044738], [134.21750217, 35.43060474], [134.21774759, 35.43067745], [134.21807664, 35.43072027], [134.21815898, 35.43071205], [134.21843049, 35.43065238], [134.21856329, 35.43064289], [134.21862882, 35.43065396], [134.21867302, 35.43067621], [134.21870842, 35.43071888], [134.21871036, 35.43075578]], [[134.21780256, 35.43002326], [134.21783222, 35.43007269], [134.21783965, 35.4301414], [134.21781445, 35.43018466], [134.21773239, 35.43022202], [134.21754627, 35.43024529], [134.21717558, 35.43020706], [134.21694684, 35.43013494], [134.21669147, 35.43001146], [134.21654029, 35.42996084], [134.21641141, 35.4299357], [134.21622017, 35.42992824], [134.21613868, 35.42991261], [134.21606838, 35.42987726], [134.21602323, 35.42982198], [134.21600154, 35.42975589], [134.21599272, 35.42962738], [134.21601959, 35.42954932], [134.21607562, 35.42950654], [134.21635461, 35.42945928], [134.21645773, 35.42945661], [134.21660109, 35.42949038], [134.21692632, 35.42961597], [134.21707755, 35.42969196], [134.21724607, 35.42974332], [134.21761074, 35.4298955], [134.21772312, 35.42995624], [134.21780256, 35.43002326]]]}}, {"type": "Feature", "properties": {"MESH2_C": "533411", "grid_code": "53341118", "grid_area": 1049028.6390485093, "grid_perimeter": 4118.454587625469, "area": 7552.4967235364165, "perimeter": 468.10151198552717, "connect": 0.20409804859664213, "connect_rev": 0.001469406826399366}, "geometry": {"type": "Polygon", "coordinates": [[[134.2304407, 35.42814442], [134.23046327, 35.42818059], [134.23051177, 35.42821815], [134.23063561, 35.42826274], [134.23083964, 35.42827757], [134.2309837, 35.42828992], [134.23134911, 35.42834463], [134.23148347, 35.42839288], [134.23162803, 35.42848988], [134.23186532, 35.42883108], [134.23192956, 35.42887085], [134.23201223, 35.42888159], [134.23210798, 35.42885833], [134.23224699, 35.42878625], [134.23242863, 35.42864561], [134.23247996, 35.42857811], [134.23250973, 35.42847577], [134.23248685, 35.42822901], [134.23246408, 35.42813099], [134.23044006, 35.42813099], [134.2304407, 35.42814442]]]}}, {"type": "Feature", "properties": {"MESH2_C": "533411", "grid_code": "53341108", "grid_area": 1049135.2629142627, "grid_perimeter": 4118.685859357189, "area": 557436.6510751452, "perimeter": 7967.040013028213, "connect": 0.2830667997745557, "connect_rev": 0.15040177799245513}, "geometry": {"type": "Polygon", "coordinates": [[[134.23475707, 35.42505865], [134.23428991, 35.42506201], [134.23417081, 35.42508144], [134.23410712, 35.42511867], [134.23407748, 35.42516456], [134.23407271, 35.42520065], [134.23408334, 35.42523467], [134.23412941, 35.42528238], [134.23423361, 35.42532876], [134.23450902, 35.42541604], [134.23457546, 35.42545726], [134.23463075, 35.42551455], [134.23457192, 35.42554486], [134.23451596, 35.42559863], [134.2340964, 35.42612029], [134.23407259, 35.42614242], [134.23400748, 35.42616902], [134.23393193, 35.42617113], [134.23379274, 35.42614575], [134.23357361, 35.42605332], [134.23326302, 35.42586614], [134.23300764, 35.4257777], [134.23283571, 35.42573129], [134.23266796, 35.42573104], [134.23255163, 35.42574722], [134.23217536, 35.42587698], [134.23210396, 35.42587833], [134.23170916, 35.42593263], [134.23158707, 35.42591653], [134.23137099, 35.42585859], [134.23086479, 35.42564282], [134.23072183, 35.42557546], [134.23061518, 35.42550305], [134.23067075, 35.42545321], [134.2307032, 35.42538823], [134.23070013, 35.42514915], [134.2304966, 35.42513869], [134.23026846, 35.42512075], [134.23007533, 35.42510874], [134.22983045, 35.42503356], [134.22971619, 35.42501287], [134.22918454, 35.42503551], [134.22906447, 35.42502333], [134.22897841, 35.42499055], [134.22894058, 35.42494703], [134.22892621, 35.42489395], [134.22893723, 35.42484187], [134.22897509, 35.42478026], [134.22904145, 35.42472061], [134.22942031, 35.42452255], [134.22947232, 35.42447054], [134.22947766, 35.42442259], [134.22943678, 35.42436992], [134.22918883, 35.42418928], [134.22877837, 35.42395663], [134.22867562, 35.4239143], [134.22859588, 35.42390346], [134.22848275, 35.42390956], [134.22836859, 35.42392982], [134.22828054, 35.42396662], [134.22822112, 35.42403027], [134.22817395, 35.42420337], [134.22806894, 35.42435681], [134.22797357, 35.42442881], [134.22786352, 35.42446035], [134.22777996, 35.42446678], [134.22767991, 35.42445508], [134.22760065, 35.42443716], [134.22746786, 35.42438602], [134.22731796, 35.42429973], [134.22722955, 35.42418401], [134.22717545, 35.42405742], [134.22716472, 35.42395238], [134.22718803, 35.42375502], [134.22723547, 35.42361382], [134.22731123, 35.42349481], [134.22746476, 35.42339773], [134.22751847, 35.42334758], [134.22766347, 35.42317845], [134.22790783, 35.42284999], [134.22802191, 35.4225709], [134.22803729, 35.42243142], [134.22810722, 35.42217829], [134.22811835, 35.422046], [134.22815818, 35.42191695], [134.22811802, 35.4215507], [134.22808374, 35.42145649], [134.22794232, 35.42127443], [134.22789233, 35.42123616], [134.22775804, 35.42116914], [134.22770771, 35.42110275], [134.22753798, 35.42020216], [134.22754876, 35.42015331], [134.22757462, 35.42012349], [134.22779418, 35.42000413], [134.22792372, 35.4199062], [134.22800049, 35.41982449], [134.22790446, 35.41982449], [134.22780455, 35.41982448], [134.22770464, 35.41982448], [134.22760473, 35.41982448], [134.22750482, 35.41982448], [134.22740491, 35.41982448], [134.227305, 35.41982448], [134.22720509, 35.41982448], [134.22710518, 35.41982448], [134.22700741, 35.41982448], [134.22690536, 35.41982447], [134.22685873, 35.41982447], [134.22680545, 35.41982447], [134.22670554, 35.41982447], [134.22660563, 35.41982447], [134.2265971, 35.41982447], [134.2266137, 35.41984481], [134.22664741, 35.41985846], [134.22668793, 35.41985977], [134.22680494, 35.41983339], [134.22690732, 35.41983281], [134.22695639, 35.41983275], [134.22700495, 35.41984063], [134.22703684, 35.41988287], [134.22711771, 35.41992381], [134.22714764, 35.41995495], [134.22716767, 35.42000838], [134.22714828, 35.42003351], [134.2267478, 35.42015517], [134.22661607, 35.42021095], [134.22629003, 35.42041068], [134.22620792, 35.42043496], [134.22605204, 35.42040159], [134.2257416, 35.42023714], [134.22565031, 35.4201911], [134.22553458, 35.42006107], [134.22552753, 35.41998964], [134.22554772, 35.41990591], [134.2255916, 35.41985488], [134.22565132, 35.41982446], [134.22560652, 35.41982446], [134.22550661, 35.41982446], [134.2254067, 35.41982446], [134.22530679, 35.41982446], [134.22520688, 35.41982445], [134.22510697, 35.41982445], [134.22500706, 35.41982445], [134.22495299, 35.41982445], [134.22490715, 35.41982445], [134.22480724, 35.41982445], [134.22474351, 35.41982445], [134.22470733, 35.41982445], [134.22460741, 35.41982445], [134.2245075, 35.41982445], [134.22440759, 35.41982444], [134.22430768, 35.41982444], [134.22420777, 35.41982444], [134.22410786, 35.41982444], [134.22400795, 35.41982444], [134.22390804, 35.41982444], [134.22380813, 35.41982444], [134.22370822, 35.41982444], [134.22360831, 35.41982444], [134.22355112, 35.41982443], [134.2235084, 35.41982443], [134.22340849, 35.41982443], [134.22330858, 35.41982443], [134.22320867, 35.41982443], [134.22310876, 35.41982443], [134.22300963, 35.41982443], [134.22290894, 35.41982443], [134.22280903, 35.41982443], [134.22273504, 35.41982443], [134.22270912, 35.41982442], [134.22260921, 35.41982442], [134.22250929, 35.41982442], [134.22240938, 35.41982442], [134.22230947, 35.41982442], [134.22225904, 35.41982442], [134.22225875, 35.42813066], [134.22634713, 35.42813089], [134.22639486, 35.427686], [134.22646574, 35.42724686], [134.22645692, 35.42716647], [134.22640699, 35.42702343], [134.22616618, 35.42654081], [134.22613397, 35.42639285], [134.22614335, 35.42611165], [134.22567492, 35.42606006], [134.22561536, 35.42604714], [134.22528441, 35.42597067], [134.2252091, 35.42584175], [134.22518454, 35.42570157], [134.22519694, 35.42563223], [134.2252262, 35.42556881], [134.22527682, 35.42549859], [134.22534574, 35.42544477], [134.22541866, 35.42541868], [134.22573879, 35.42537151], [134.22581126, 35.42535118], [134.22595528, 35.42528212], [134.22603947, 35.42519716], [134.22618331, 35.42491302], [134.22620143, 35.42480235], [134.2262105, 35.42454476], [134.22614893, 35.42431745], [134.22613515, 35.42417313], [134.22614879, 35.4240348], [134.22643937, 35.42340394], [134.22650497, 35.42334847], [134.22660082, 35.42333629], [134.22668032, 35.42335743], [134.22674088, 35.42340332], [134.22676961, 35.42346686], [134.22677266, 35.42353908], [134.22675523, 35.42379559], [134.22665065, 35.42420824], [134.22662427, 35.42445674], [134.22660047, 35.4248359], [134.22658409, 35.4251685], [134.22658899, 35.42540202], [134.2265985, 35.42566161], [134.22660293, 35.42579705], [134.2266128, 35.4260521], [134.2266755, 35.42623311], [134.22678503, 35.4267013], [134.22682123, 35.42704964], [134.22687924, 35.42723363], [134.22690097, 35.42726767], [134.22693052, 35.42729756], [134.2269725, 35.42731474], [134.22725037, 35.42737087], [134.22738369, 35.42737226], [134.22760534, 35.42734855], [134.22767168, 35.42735362], [134.22773728, 35.42738967], [134.22775566, 35.4274335], [134.22772818, 35.42750444], [134.22749581, 35.42774433], [134.22737546, 35.4279204], [134.22720778, 35.42806884], [134.22709944, 35.42813092], [134.22758459, 35.42813094], [134.22758898, 35.42811883], [134.22763306, 35.42804698], [134.22774998, 35.42792765], [134.22785013, 35.42785662], [134.2283165, 35.42765265], [134.22854467, 35.42757371], [134.22862288, 35.4275471], [134.22878466, 35.42744559], [134.2290553, 35.42733824], [134.22969133, 35.42697643], [134.22978254, 35.42694661], [134.23003362, 35.4269234], [134.23039959, 35.42697246], [134.23074639, 35.42705528], [134.23107981, 35.42716396], [134.23146837, 35.42733725], [134.23161684, 35.42742689], [134.23178893, 35.42751206], [134.23185916, 35.42757158], [134.23186708, 35.42760342], [134.23185146, 35.42763293], [134.23181605, 35.42765679], [134.23174864, 35.42767478], [134.23163244, 35.42768012], [134.23142664, 35.42765735], [134.23126091, 35.42765888], [134.23100822, 35.42763608], [134.23091531, 35.42765598], [134.23074656, 35.42774002], [134.23046482, 35.42804724], [134.23043833, 35.4280952], [134.23044006, 35.42813099], [134.23246408, 35.42813099], [134.23245866, 35.42810766], [134.23246902, 35.42805795], [134.23256515, 35.42787162], [134.23264193, 35.42779326], [134.23270504, 35.42774875], [134.23281892, 35.42772635], [134.23300854, 35.42774195], [134.23366677, 35.42787251], [134.23402843, 35.42792717], [134.23413381, 35.42796149], [134.23416661, 35.42799105], [134.23418694, 35.42803303], [134.23427825, 35.42799707], [134.23440894, 35.42797451], [134.23475764, 35.4279843], [134.23475765, 35.42772927], [134.23462919, 35.42764017], [134.23450193, 35.42748858], [134.23448187, 35.42742528], [134.23452529, 35.42735055], [134.23467905, 35.42721425], [134.23475038, 35.42710786], [134.23475767, 35.42707943], [134.23475774, 35.42505871], [134.23475707, 35.42505865]], [[134.2315158, 35.42699706], [134.23105416, 35.42689014], [134.23072917, 35.42675146], [134.23079353, 35.42654961], [134.23077668, 35.42640524], [134.23085032, 35.42639051], [134.23094481, 35.42636273], [134.23114511, 35.42636516], [134.23127104, 35.42638497], [134.2313781, 35.42644601], [134.23159549, 35.42662956], [134.23183633, 35.42676523], [134.23198481, 35.4268163], [134.23216924, 35.42691076], [134.23212066, 35.4269863], [134.2320524, 35.42704743], [134.2319775, 35.42707441], [134.2319129, 35.42710203], [134.23176406, 35.42703364], [134.2315158, 35.42699706]], [[134.22861832, 35.42721638], [134.22850635, 35.42724029], [134.22840036, 35.42724113], [134.228365, 35.42716148], [134.22836282, 35.42706362], [134.22840876, 35.42695717], [134.22848349, 35.42688313], [134.22855779, 35.42685392], [134.22894883, 35.42678503], [134.22903722, 35.42674917], [134.22915977, 35.42667503], [134.22923632, 35.42665098], [134.22940214, 35.42662855], [134.22950769, 35.42662733], [134.22949881, 35.42666888], [134.22946581, 35.42671593], [134.22922065, 35.42694087], [134.22913484, 35.42700773], [134.22886264, 35.42713823], [134.22861832, 35.42721638]], [[134.22541448, 35.42451983], [134.22536656, 35.42457506], [134.22523088, 35.42467179], [134.22515705, 35.42477279], [134.22512544, 35.42495058], [134.22507013, 35.42503391], [134.2250047, 35.4250766], [134.22494494, 35.42509245], [134.22488155, 35.4250868], [134.2248073, 35.42505723], [134.22474623, 35.4250088], [134.22469646, 35.42493754], [134.22467746, 35.42487441], [134.22467372, 35.42475578], [134.22465719, 35.42469036], [134.22458699, 35.42455457], [134.22448215, 35.4244015], [134.22447544, 35.42433648], [134.22450948, 35.42427473], [134.22458388, 35.42422218], [134.22479359, 35.42418453], [134.22498149, 35.42421323], [134.22519195, 35.42422207], [134.22536668, 35.42426824], [134.22541596, 35.42430494], [134.22545013, 35.42435083], [134.22546117, 35.42438888], [134.22545238, 35.42444373], [134.22541448, 35.42451983]], [[134.23038315, 35.42549075], [134.23047971, 35.42550737], [134.23054059, 35.4255371], [134.23057041, 35.42558719], [134.23055175, 35.42565831], [134.23048834, 35.42572278], [134.23041796, 35.42576477], [134.2302149, 35.42584997], [134.23000173, 35.42588146], [134.2298306, 35.42592677], [134.22959768, 35.42606256], [134.22949524, 35.42609297], [134.22940046, 35.42609052], [134.22932478, 35.42606822], [134.2291207, 35.42594411], [134.22904962, 35.42592557], [134.22898883, 35.42593821], [134.22876406, 35.42602333], [134.22856754, 35.42605387], [134.22843603, 35.42604214], [134.22839452, 35.42601817], [134.22836142, 35.42597533], [134.2283579, 35.42586229], [134.22837455, 35.42580958], [134.22844081, 35.42572553], [134.22851719, 35.42567651], [134.22861068, 35.42566797], [134.22879792, 35.42569836], [134.22914837, 35.4257277], [134.22951726, 35.42569061], [134.22971314, 35.42562421], [134.23001653, 35.42548876], [134.23012782, 35.42546418], [134.23038315, 35.42549075]], [[134.2276521, 35.426139], [134.22756518, 35.42603703], [134.22724801, 35.425665], [134.2274832, 35.42554117], [134.2275639, 35.42552468], [134.22762776, 35.42553142], [134.22768775, 35.42555447], [134.22775139, 35.42559905], [134.22793905, 35.42581731], [134.22796804, 35.42586807], [134.22797541, 35.42590785], [134.22796029, 35.42594843], [134.22792877, 35.42597882], [134.2276521, 35.426139]]]}}, {"type": "Feature", "properties": {"MESH2_C": "533411", "grid_code": "53341108", "grid_area": 1049135.2629142627, "grid_perimeter": 4118.685859357189, "area": 18845.19805380993, "perimeter": 576.4047364905822, "connect": 0.2830667997745557, "connect_rev": 0.005084615962094111}, "geometry": {"type": "Polygon", "coordinates": [[[134.23042472, 35.42090013], [134.23036933, 35.42092376], [134.23032491, 35.42097278], [134.23030898, 35.42101171], [134.23026962, 35.42120481], [134.23018971, 35.42159985], [134.2301875, 35.42176092], [134.23020642, 35.42180872], [134.23023436, 35.42183711], [134.23039287, 35.4219058], [134.23102538, 35.42206001], [134.23133397, 35.42214834], [134.23141525, 35.4221478], [134.23153006, 35.42212492], [134.23175789, 35.42203952], [134.23179479, 35.42196586], [134.2318104, 35.42186841], [134.23181411, 35.42180013], [134.2317899, 35.42164782], [134.23179927, 35.42159749], [134.23184779, 35.42151206], [134.23202994, 35.42129978], [134.2321014, 35.42117958], [134.23213129, 35.42110207], [134.23219186, 35.42086155], [134.23219272, 35.42078724], [134.23209327, 35.42077738], [134.231985, 35.42080029], [134.23190697, 35.42084971], [134.23177637, 35.4209617], [134.23171902, 35.4209924], [134.23165778, 35.42100848], [134.23130986, 35.42099291], [134.23094257, 35.42094567], [134.23076526, 35.42091145], [134.23047412, 35.42089407], [134.23042472, 35.42090013]]]}}, {"type": "Feature", "properties": {"MESH2_C": "533411", "grid_code": "53341107", "grid_area": 1049135.8402173966, "grid_perimeter": 4118.686992548652, "area": 485769.9167207265, "perimeter": 5632.2410954366105, "connect": 0.21485285215763839, "connect_rev": 0.09948097100390713}, "geometry": {"type": "Polygon", "coordinates": [[[134.22220956, 35.41982442], [134.22210965, 35.41982442], [134.22200974, 35.41982441], [134.22190983, 35.41982441], [134.22180992, 35.41982441], [134.22171001, 35.41982441], [134.22169999, 35.41982441], [134.2216101, 35.41982441], [134.22151019, 35.41982441], [134.22141028, 35.4198244], [134.22131037, 35.4198244], [134.22121046, 35.4198244], [134.22111055, 35.4198244], [134.22107259, 35.4198244], [134.22101064, 35.4198244], [134.22091073, 35.4198244], [134.22081082, 35.41982439], [134.22071091, 35.41982439], [134.220611, 35.41982439], [134.22051109, 35.41982439], [134.22047472, 35.41982439], [134.22041118, 35.41982439], [134.22031127, 35.41982439], [134.22021136, 35.41982438], [134.22011145, 35.41982438], [134.22001154, 35.41982438], [134.21991163, 35.41982438], [134.21981172, 35.41982438], [134.21971181, 35.41982437], [134.21966478, 35.41982437], [134.2196119, 35.41982437], [134.21951199, 35.41982437], [134.21941208, 35.41982437], [134.21931216, 35.41982437], [134.21921225, 35.41982437], [134.21911234, 35.41982436], [134.21901243, 35.41982436], [134.21891252, 35.41982436], [134.21881261, 35.41982436], [134.2187127, 35.41982436], [134.21861279, 35.41982436], [134.21851288, 35.41982435], [134.21841297, 35.41982435], [134.21832269, 35.41982435], [134.21831306, 35.41982435], [134.21821315, 35.41982435], [134.21811324, 35.41982435], [134.21801333, 35.41982434], [134.21791342, 35.41982434], [134.21781351, 35.41982434], [134.2177136, 35.41982434], [134.21761369, 35.41982434], [134.21751378, 35.41982434], [134.21741387, 35.41982433], [134.21731396, 35.41982433], [134.21721405, 35.41982433], [134.21711414, 35.41982433], [134.21701423, 35.41982433], [134.21691432, 35.41982433], [134.21681441, 35.41982432], [134.2167145, 35.41982432], [134.21661459, 35.41982432], [134.21651468, 35.41982432], [134.21641477, 35.41982432], [134.21631486, 35.41982431], [134.21621495, 35.41982431], [134.21611504, 35.41982431], [134.21601513, 35.41982431], [134.21591521, 35.41982431], [134.2158153, 35.41982431], [134.21571539, 35.4198243], [134.21561548, 35.4198243], [134.21551557, 35.4198243], [134.21541566, 35.4198243], [134.215382, 35.4198243], [134.21536155, 35.4198243], [134.21531575, 35.4198243], [134.21528876, 35.4198243], [134.21521584, 35.4198243], [134.21511593, 35.41982429], [134.21504664, 35.41982429], [134.21501602, 35.41982429], [134.21491611, 35.41982429], [134.2148162, 35.41982429], [134.21471629, 35.41982429], [134.21461638, 35.41982429], [134.21451647, 35.41982428], [134.21441656, 35.41982428], [134.21431665, 35.41982428], [134.21421674, 35.41982428], [134.21411683, 35.41982428], [134.21401692, 35.41982427], [134.21391701, 35.41982427], [134.2138171, 35.41982427], [134.21375804, 35.41982427], [134.21371719, 35.41982427], [134.21361728, 35.41982427], [134.21351737, 35.41982427], [134.21341746, 35.41982426], [134.21331755, 35.41982426], [134.21321764, 35.41982426], [134.21311773, 35.41982426], [134.21301782, 35.41982426], [134.21291791, 35.41982426], [134.212818, 35.41982425], [134.21271809, 35.41982425], [134.21261818, 35.41982425], [134.21251827, 35.41982425], [134.21241835, 35.41982425], [134.21231844, 35.41982424], [134.21221853, 35.41982424], [134.21211862, 35.41982424], [134.21201871, 35.41982424], [134.2119188, 35.41982424], [134.21181889, 35.41982424], [134.21171898, 35.41982423], [134.21162785, 35.41982423], [134.211704, 35.41991198], [134.21179329, 35.41998054], [134.21206809, 35.42010883], [134.21220621, 35.42015067], [134.21244533, 35.42030603], [134.21256939, 35.42039551], [134.21275685, 35.42056997], [134.21289526, 35.42069253], [134.21301576, 35.42080636], [134.21311897, 35.42084389], [134.21332649, 35.42084895], [134.21340526, 35.42089541], [134.21342817, 35.42094391], [134.21342786, 35.42098374], [134.21333742, 35.4211877], [134.21333185, 35.42124029], [134.21334485, 35.42129019], [134.21338759, 35.42135003], [134.21346386, 35.42142116], [134.21370379, 35.42155969], [134.21379295, 35.42158511], [134.21383301, 35.42157423], [134.21386692, 35.42154691], [134.21399398, 35.42136764], [134.21405768, 35.42120178], [134.21408625, 35.42113257], [134.21420384, 35.42112637], [134.21424103, 35.42112661], [134.21442366, 35.42117092], [134.21447797, 35.4211952], [134.21450319, 35.42122579], [134.21451196, 35.42126489], [134.21449798, 35.42141945], [134.2145141, 35.42168648], [134.2145018, 35.42183081], [134.21451444, 35.42188406], [134.21455437, 35.42192907], [134.21465869, 35.42200236], [134.21517693, 35.42224065], [134.21525337, 35.42224164], [134.21544381, 35.42215663], [134.21550885, 35.422156], [134.21555367, 35.42216853], [134.21613638, 35.42253265], [134.21620385, 35.42257394], [134.21627418, 35.42265112], [134.21631302, 35.42274103], [134.21632347, 35.42279924], [134.2163569, 35.42291825], [134.21634633, 35.42298596], [134.21657584, 35.42306731], [134.21700382, 35.42316915], [134.21713724, 35.42318655], [134.21731346, 35.42318511], [134.21749583, 35.42316047], [134.21772759, 35.42309268], [134.21809485, 35.42294128], [134.21830251, 35.42289645], [134.21838275, 35.42286487], [134.21858297, 35.4227353], [134.21875171, 35.42268461], [134.21885408, 35.4226772], [134.21900681, 35.42268812], [134.21915776, 35.42266655], [134.21920936, 35.42267955], [134.21922912, 35.42270599], [134.21922694, 35.42274189], [134.21919273, 35.42280833], [134.21912783, 35.42288591], [134.21905579, 35.42294144], [134.21887411, 35.42303897], [134.21854143, 35.42315328], [134.21848185, 35.42319022], [134.21845459, 35.42324883], [134.21844244, 35.42340567], [134.218453, 35.42352769], [134.21843386, 35.42357156], [134.21839879, 35.42359316], [134.21835538, 35.4236015], [134.2178393, 35.42360307], [134.21776112, 35.42364107], [134.21771478, 35.42372896], [134.21769881, 35.42391236], [134.21767455, 35.4240773], [134.21777324, 35.42408723], [134.2179139, 35.42409448], [134.21834061, 35.42404151], [134.21858238, 35.42399344], [134.21868699, 35.42398772], [134.21873676, 35.42399491], [134.21880817, 35.42402624], [134.218851, 35.42407006], [134.21888062, 35.42410721], [134.2191294, 35.42407013], [134.21933683, 35.42402193], [134.21952524, 35.42397661], [134.21954248, 35.42385781], [134.21950574, 35.42378615], [134.21930815, 35.42366922], [134.21920624, 35.42359167], [134.21917211, 35.42354823], [134.21917237, 35.4235014], [134.21925694, 35.42339852], [134.2192788, 35.42334801], [134.21929194, 35.42297245], [134.21933778, 35.42292644], [134.21941199, 35.42291224], [134.21967038, 35.42291306], [134.21988363, 35.42293329], [134.21987936, 35.42340717], [134.21987705, 35.42355217], [134.21988039, 35.42365752], [134.2198802, 35.4239144], [134.21989477, 35.42399949], [134.2200933, 35.42450207], [134.220144, 35.42456873], [134.22022214, 35.42460421], [134.22043717, 35.42460799], [134.22055196, 35.42458838], [134.22064322, 35.42457882], [134.22069781, 35.42463091], [134.22094673, 35.42495122], [134.22105313, 35.42511743], [134.22109242, 35.42520515], [134.22113701, 35.42549261], [134.22114323, 35.42571996], [134.22109479, 35.42590599], [134.22100363, 35.42609352], [134.22087231, 35.42606578], [134.22064456, 35.42599378], [134.22041413, 35.42589215], [134.22026134, 35.42580954], [134.22015447, 35.42572136], [134.22005247, 35.42555303], [134.21997339, 35.42546348], [134.21990036, 35.42540545], [134.21967012, 35.42526776], [134.2196006, 35.42520478], [134.21951615, 35.42510074], [134.21945631, 35.42505921], [134.21939227, 35.42504572], [134.21904723, 35.4250326], [134.21889713, 35.42503895], [134.21878881, 35.42475656], [134.21862848, 35.42427726], [134.21861513, 35.4241984], [134.21805216, 35.42437412], [134.21797183, 35.42442294], [134.21769653, 35.42460892], [134.21797702, 35.42483646], [134.21834015, 35.42507034], [134.21838429, 35.42513734], [134.21836652, 35.42517813], [134.21825183, 35.42523145], [134.2177268, 35.42535308], [134.21761871, 35.42532112], [134.21737802, 35.42516162], [134.21727493, 35.42510539], [134.21718045, 35.42526533], [134.21708821, 35.42546497], [134.21700937, 35.42559766], [134.21680741, 35.42602602], [134.21655324, 35.42631421], [134.21632804, 35.42646351], [134.21627528, 35.42651939], [134.21625562, 35.42657055], [134.21628192, 35.42683632], [134.2162292, 35.42700956], [134.216032, 35.42731967], [134.21587455, 35.42767185], [134.21573903, 35.42787184], [134.21566121, 35.4280192], [134.21557307, 35.42813067], [134.21861833, 35.42813071], [134.21859484, 35.42807499], [134.21859609, 35.42792525], [134.21865162, 35.42771482], [134.21862793, 35.42752267], [134.2186405, 35.42746953], [134.21867627, 35.42742139], [134.21872969, 35.42739047], [134.21879077, 35.42738553], [134.2188656, 35.42741397], [134.21893205, 35.42745749], [134.21907277, 35.42760588], [134.21956422, 35.42803669], [134.21968402, 35.42813071], [134.22225875, 35.42813066], [134.22225904, 35.41982442], [134.22220956, 35.41982442]]]}}, {"type": "Feature", "properties": {"MESH2_C": "533411", "grid_code": "53341106", "grid_area": 1049136.4841368198, "grid_perimeter": 4118.688256501993, "area": 9141.467406712414, "perimeter": 729.4958878684184, "connect": 0.1029152109472797, "connect_rev": 0.0008967337050560518}, "geometry": {"type": "Polygon", "coordinates": [[[134.20842195, 35.41982417], [134.20841051, 35.41982417], [134.20856981, 35.42000229], [134.20865712, 35.42013193], [134.20868444, 35.42020937], [134.20876045, 35.42061666], [134.20879961, 35.42069019], [134.20917386, 35.42108272], [134.20945965, 35.42132801], [134.20971931, 35.42158836], [134.20976009, 35.42161376], [134.2097601, 35.42138441], [134.20932795, 35.42090699], [134.20904638, 35.42051109], [134.2090015, 35.42040951], [134.20898857, 35.42034058], [134.20900239, 35.42029017], [134.20904091, 35.42025764], [134.20913827, 35.42025156], [134.20924548, 35.42029409], [134.20946073, 35.4205076], [134.2096366, 35.42073709], [134.20976012, 35.42092945], [134.20976014, 35.42036819], [134.20920468, 35.41982419], [134.20912132, 35.41982418], [134.20902141, 35.41982418], [134.2089215, 35.41982418], [134.20882159, 35.41982418], [134.20872168, 35.41982417], [134.20862177, 35.41982417], [134.20852186, 35.41982417], [134.20842195, 35.41982417]]]}}, {"type": "Feature", "properties": {"MESH2_C": "533411", "grid_code": "53341107", "grid_area": 1049135.8402173966, "grid_perimeter": 4118.686992548652, "area": 184.6209631980455, "perimeter": 68.76242938003726, "connect": 0.21485285215763839, "connect_rev": 3.7808583970376045e-05}, "geometry": {"type": "Polygon", "coordinates": [[[134.2098449, 35.42166658], [134.20985724, 35.42155983], [134.209844, 35.42149892], [134.20980942, 35.4214389], [134.2097601, 35.42138441], [134.20976009, 35.42161376], [134.2098449, 35.42166658]]]}}, {"type": "Feature", "properties": {"MESH2_C": "533411", "grid_code": "53341106", "grid_area": 1049136.4841368198, "grid_perimeter": 4118.688256501993, "area": 10335.86637436421, "perimeter": 841.0147414912302, "connect": 0.1029152109472797, "connect_rev": 0.0010138984625205983}, "geometry": {"type": "Polygon", "coordinates": [[[134.20718215, 35.41982414], [134.20712312, 35.41982414], [134.20702321, 35.41982413], [134.20692105, 35.41982413], [134.20692691, 35.41985221], [134.20696114, 35.4198994], [134.20733533, 35.42028337], [134.20775264, 35.42075031], [134.20808573, 35.42103428], [134.20877578, 35.42168289], [134.20976006, 35.42267691], [134.20976007, 35.42217085], [134.20956686, 35.42198494], [134.20911062, 35.4215885], [134.20881459, 35.42137357], [134.20833198, 35.42089957], [134.2081972, 35.42078547], [134.20805465, 35.42068884], [134.20780423, 35.42045794], [134.20752027, 35.42016338], [134.20722304, 35.41982414], [134.20718215, 35.41982414]]]}}, {"type": "Feature", "properties": {"MESH2_C": "533411", "grid_code": "53341107", "grid_area": 1049135.8402173966, "grid_perimeter": 4118.686992548652, "area": 8883.35179396486, "perimeter": 780.8780672399341, "connect": 0.21485285215763839, "connect_rev": 0.0018192243525466923}, "geometry": {"type": "Polygon", "coordinates": [[[134.20997942, 35.42127096], [134.21045399, 35.42184822], [134.21053965, 35.42191765], [134.21062285, 35.42196372], [134.21096756, 35.42205591], [134.21082484, 35.4218752], [134.21064951, 35.4217089], [134.21048088, 35.42156545], [134.21021058, 35.42127405], [134.21018506, 35.42122903], [134.21019099, 35.42120059], [134.21022175, 35.42118452], [134.21027022, 35.42119824], [134.21046503, 35.42136481], [134.21093437, 35.42186068], [134.21123165, 35.42212148], [134.21134235, 35.42220585], [134.21151777, 35.42209678], [134.21063941, 35.4212029], [134.21020097, 35.42079992], [134.20976014, 35.42036819], [134.20976012, 35.42092945], [134.20997942, 35.42127096]]]}}, {"type": "Feature", "properties": {"MESH2_C": "533411", "grid_code": "53341107", "grid_area": 1049135.8402173966, "grid_perimeter": 4118.686992548652, "area": 2321.308226504945, "perimeter": 216.98070058019783, "connect": 0.21485285215763839, "connect_rev": 0.0004753814273452239}, "geometry": {"type": "Polygon", "coordinates": [[[134.20998055, 35.42289958], [134.21004836, 35.42293368], [134.21010629, 35.42293021], [134.2103732, 35.42275739], [134.20985618, 35.42226333], [134.20976007, 35.42217085], [134.20976006, 35.42267691], [134.20998055, 35.42289958]]]}}, {"type": "Feature", "properties": {"MESH2_C": "533411", "grid_code": "53341107", "grid_area": 1049135.8402173966, "grid_perimeter": 4118.686992548652, "area": 20707.01223627373, "perimeter": 890.5527291836579, "connect": 0.21485285215763839, "connect_rev": 0.004240595419659515}, "geometry": {"type": "Polygon", "coordinates": [[[134.21193398, 35.42505132], [134.21205034, 35.42525741], [134.2123155, 35.42578837], [134.21237984, 35.42593973], [134.21253576, 35.42640614], [134.21259413, 35.42660266], [134.21261081, 35.42672667], [134.21273484, 35.42707412], [134.212851, 35.42751194], [134.21288474, 35.42755527], [134.21293467, 35.42758296], [134.21298268, 35.42758946], [134.21303658, 35.42758566], [134.21305912, 35.42721675], [134.2130612, 35.42676833], [134.21308633, 35.42644813], [134.21305843, 35.42618917], [134.21300609, 35.42596181], [134.21298933, 35.42578518], [134.21302604, 35.42570798], [134.21312712, 35.42562654], [134.2127487, 35.42505907], [134.2123961, 35.42465817], [134.21217715, 35.42444309], [134.21190109, 35.42411776], [134.21181373, 35.42402863], [134.2114659, 35.42417902], [134.21141958, 35.4242121], [134.21140578, 35.4242449], [134.21141214, 35.42428114], [134.21149444, 35.4244055], [134.21193398, 35.42505132]]]}}, {"type": "Feature", "properties": {"MESH2_C": "533411", "grid_code": "53341117", "grid_area": 1049029.2161732167, "grid_perimeter": 4118.455720518642, "area": 6817.689859722217, "perimeter": 383.95466530273393, "connect": 0.21498561156962603, "connect_rev": 0.0013972015282197822}, "geometry": {"type": "Polygon", "coordinates": [[[134.21233985, 35.42976674], [134.21238922, 35.42977074], [134.21241517, 35.42976338], [134.21244457, 35.42973736], [134.21253349, 35.42959671], [134.21272393, 35.4291227], [134.21283247, 35.42888303], [134.2128854, 35.42862406], [134.21288761, 35.42840591], [134.21276775, 35.42835928], [134.21257332, 35.42834718], [134.21248589, 35.42833472], [134.21242609, 35.42850488], [134.21223205, 35.42905173], [134.21212233, 35.4293764], [134.21204683, 35.42959252], [134.21204301, 35.42962813], [134.21206278, 35.42965432], [134.21224184, 35.42973174], [134.21233985, 35.42976674]]]}}, {"type": "Feature", "properties": {"MESH2_C": "533411", "grid_code": "53341106", "grid_area": 1049136.4841368198, "grid_perimeter": 4118.688256501993, "area": 336284.21836727095, "perimeter": 3837.8179536382004, "connect": 0.1029152109472797, "connect_rev": 0.032987854101731315}, "geometry": {"type": "Polygon", "coordinates": [[[134.19959122, 35.42808346], [134.1995065, 35.42795664], [134.19949876, 35.42790771], [134.1996169, 35.42772235], [134.19970507, 35.42765], [134.19979502, 35.42762], [134.1998817, 35.42765229], [134.19999245, 35.42775103], [134.20006393, 35.42778608], [134.20014816, 35.42779641], [134.20024939, 35.42777815], [134.20032564, 35.42772939], [134.20036441, 35.42766028], [134.20034759, 35.42747035], [134.2003595, 35.42738506], [134.20039944, 35.42733093], [134.20045211, 35.42730605], [134.20062637, 35.42727897], [134.20123705, 35.42732461], [134.20145758, 35.42671309], [134.20124571, 35.42659833], [134.20116588, 35.42652998], [134.20108333, 35.42640019], [134.20104703, 35.42626779], [134.20108902, 35.42593466], [134.20115802, 35.42569748], [134.20125275, 35.42551174], [134.2013195, 35.42545383], [134.201437, 35.42539856], [134.20146825, 35.42535047], [134.20138224, 35.42509042], [134.20132067, 35.4249421], [134.20132401, 35.4248846], [134.20136787, 35.42481338], [134.20151734, 35.42475549], [134.2016637, 35.42465292], [134.20185073, 35.42452249], [134.20200401, 35.4244405], [134.2021181, 35.42435919], [134.20217678, 35.42434318], [134.20222885, 35.42436046], [134.20224864, 35.42438024], [134.2022654, 35.42443217], [134.20224565, 35.42480572], [134.20227417, 35.4249698], [134.20227704, 35.42505601], [134.20240528, 35.42501798], [134.20273501, 35.4249012], [134.20283935, 35.42483611], [134.20290421, 35.42475583], [134.20306728, 35.42450755], [134.20318648, 35.42431697], [134.20323884, 35.4241847], [134.20332566, 35.42403241], [134.20357055, 35.4236918], [134.20367151, 35.42357454], [134.20371803, 35.42345405], [134.20370864, 35.4232994], [134.20365557, 35.42314386], [134.2035658, 35.42297282], [134.20349998, 35.42291851], [134.20327629, 35.42280038], [134.20277263, 35.42250514], [134.20251553, 35.42231533], [134.20238621, 35.42219888], [134.20201181, 35.42179783], [134.20188705, 35.42187431], [134.20154845, 35.42200925], [134.20142165, 35.42207373], [134.20114836, 35.42223312], [134.20098463, 35.42235872], [134.20094518, 35.42237382], [134.2009167, 35.42237435], [134.2008486, 35.4223404], [134.2007126, 35.42222137], [134.200695, 35.42218872], [134.20069705, 35.42216351], [134.20073329, 35.42210247], [134.20093927, 35.42186531], [134.20142329, 35.4214153], [134.20120313, 35.42129831], [134.20062448, 35.42108979], [134.20012093, 35.42082757], [134.19990547, 35.42069491], [134.1997938, 35.42060193], [134.19952093, 35.42040864], [134.19887303, 35.42008226], [134.19838139, 35.41982392], [134.19833104, 35.41982392], [134.19823113, 35.41982392], [134.19813122, 35.41982392], [134.19803131, 35.41982392], [134.1979314, 35.41982391], [134.19783149, 35.41982391], [134.19773158, 35.41982391], [134.19763167, 35.41982391], [134.19753176, 35.4198239], [134.19743185, 35.4198239], [134.19733194, 35.4198239], [134.19726127, 35.4198239], [134.19726107, 35.42572909], [134.19727038, 35.42572428], [134.19742593, 35.42564021], [134.1974999, 35.42561909], [134.19754235, 35.42562676], [134.19757988, 35.42565126], [134.19761755, 35.42571225], [134.19763573, 35.42577414], [134.19774115, 35.42634117], [134.19781251, 35.42653872], [134.19778565, 35.42668649], [134.1976909, 35.42667919], [134.19763479, 35.42668877], [134.19756109, 35.42662699], [134.1974404, 35.42648139], [134.19726132, 35.42632966], [134.19726105, 35.42632935], [134.19726099, 35.42813009], [134.19959041, 35.42813024], [134.19959122, 35.42808346]], [[134.20018462, 35.42616829], [134.20030048, 35.42615155], [134.20040469, 35.42618366], [134.20057822, 35.42630055], [134.2005664, 35.4263853], [134.20052179, 35.42645828], [134.20027668, 35.42664802], [134.20022101, 35.42667712], [134.20016197, 35.42669118], [134.19995342, 35.42667806], [134.19983482, 35.42670149], [134.19972129, 35.42676471], [134.19954689, 35.42690784], [134.19940346, 35.42682152], [134.19936473, 35.42676927], [134.19937324, 35.42670908], [134.19944022, 35.42661174], [134.19944709, 35.42656268], [134.19943727, 35.42653917], [134.19935719, 35.42646916], [134.1992186, 35.42641469], [134.19924406, 35.42633142], [134.19928665, 35.42625608], [134.19933958, 35.4262007], [134.19940836, 35.42615481], [134.19953126, 35.42611268], [134.19962605, 35.42611351], [134.19969991, 35.42614045], [134.19984156, 35.42622091], [134.1999377, 35.42624333], [134.20000201, 35.42623264], [134.20018462, 35.42616829]], [[134.1985766, 35.42509666], [134.19851369, 35.42512743], [134.19814778, 35.42517945], [134.197943, 35.42518814], [134.19776764, 35.42520609], [134.1976102, 35.42518998], [134.19748483, 35.42514005], [134.19741677, 35.42506006], [134.1974009, 35.42500416], [134.1974008, 35.424932], [134.19743972, 35.42479149], [134.19755624, 35.42455761], [134.19759363, 35.42451413], [134.19764765, 35.42448558], [134.19772045, 35.4244899], [134.19796014, 35.42462007], [134.19812849, 35.42473934], [134.19849601, 35.42495479], [134.19854602, 35.42499462], [134.1985851, 35.42505358], [134.1985766, 35.42509666]]]}}, {"type": "Feature", "properties": {"MESH2_C": "533411", "grid_code": "53341105", "grid_area": 1049137.1946592256, "grid_perimeter": 4118.689651188077, "area": 659452.3962754807, "perimeter": 4657.149021488422, "connect": 0.43062398162969134, "connect_rev": 0.27067576864589943}, "geometry": {"type": "Polygon", "coordinates": [[[134.19589816, 35.42011163], [134.19584528, 35.42013237], [134.19577242, 35.42024074], [134.19569294, 35.42053539], [134.19563264, 35.42058927], [134.1954554, 35.42072703], [134.19536543, 35.42087154], [134.19536962, 35.42096198], [134.1954925, 35.42119766], [134.19520302, 35.42136446], [134.19501461, 35.42144395], [134.19486082, 35.42147436], [134.19461818, 35.42149009], [134.19442343, 35.42153308], [134.19431337, 35.42152551], [134.19434768, 35.42120325], [134.19434912, 35.42108526], [134.19431785, 35.42089104], [134.19430513, 35.42073159], [134.19440388, 35.42073658], [134.19468402, 35.42066588], [134.19494364, 35.42054672], [134.19498384, 35.42049314], [134.19502507, 35.42028697], [134.19505472, 35.42020984], [134.19525191, 35.41992856], [134.1952963, 35.41988559], [134.19533401, 35.41986354], [134.19539411, 35.4198432], [134.19547768, 35.41982385], [134.19543365, 35.41982384], [134.19533374, 35.41982384], [134.19523383, 35.41982384], [134.19513392, 35.41982384], [134.19503401, 35.41982383], [134.1949341, 35.41982383], [134.19483419, 35.41982383], [134.19473428, 35.41982382], [134.19463437, 35.41982382], [134.19453446, 35.41982382], [134.19443455, 35.41982382], [134.19433464, 35.41982381], [134.19423473, 35.41982381], [134.19413482, 35.41982381], [134.19403491, 35.4198238], [134.193935, 35.4198238], [134.19386531, 35.4198238], [134.19383509, 35.4198238], [134.19373518, 35.4198238], [134.19363527, 35.41982379], [134.19353536, 35.41982379], [134.19343545, 35.41982379], [134.19333554, 35.41982378], [134.19323563, 35.41982378], [134.19313572, 35.41982378], [134.19309719, 35.41982378], [134.19303581, 35.41982378], [134.1929359, 35.41982377], [134.19283599, 35.41982377], [134.19273608, 35.41982377], [134.19263617, 35.41982376], [134.19253626, 35.41982376], [134.19243635, 35.41982376], [134.19233644, 35.41982376], [134.19228236, 35.41982375], [134.19223653, 35.41982375], [134.19213662, 35.41982375], [134.19203671, 35.41982375], [134.1919368, 35.41982374], [134.19183689, 35.41982374], [134.19179331, 35.41982374], [134.19173698, 35.41982374], [134.19163707, 35.41982374], [134.19153716, 35.41982373], [134.19143725, 35.41982373], [134.19133734, 35.41982373], [134.19123743, 35.41982372], [134.19113752, 35.41982372], [134.19103761, 35.41982372], [134.1909377, 35.41982372], [134.19083779, 35.41982371], [134.19073788, 35.41982371], [134.19063797, 35.41982371], [134.19061589, 35.41982371], [134.19053806, 35.4198237], [134.19043816, 35.4198237], [134.19033823, 35.4198237], [134.19029827, 35.4198237], [134.19023833, 35.4198237], [134.19013842, 35.41982369], [134.19003851, 35.41982369], [134.1899386, 35.41982369], [134.18983869, 35.41982368], [134.18973878, 35.41982368], [134.18963887, 35.41982368], [134.18953896, 35.41982368], [134.18943905, 35.41982367], [134.18933914, 35.41982367], [134.18923923, 35.41982367], [134.18920749, 35.41982367], [134.18913932, 35.41982366], [134.18905144, 35.41982366], [134.18903941, 35.41982366], [134.1889395, 35.41982366], [134.18883959, 35.41982366], [134.18873968, 35.41982365], [134.18863977, 35.41982365], [134.18853986, 35.41982365], [134.18850512, 35.41982365], [134.18843995, 35.41982364], [134.18834004, 35.41982364], [134.18824013, 35.41982364], [134.18814022, 35.41982364], [134.18804031, 35.41982363], [134.1879404, 35.41982363], [134.18784049, 35.41982363], [134.18774058, 35.41982362], [134.18764067, 35.41982362], [134.18754076, 35.41982362], [134.18744085, 35.41982362], [134.18734094, 35.41982361], [134.18724103, 35.41982361], [134.18714112, 35.41982361], [134.18704121, 35.4198236], [134.1869413, 35.4198236], [134.18684139, 35.4198236], [134.18674148, 35.4198236], [134.18664157, 35.41982359], [134.18654166, 35.41982359], [134.18644175, 35.41982359], [134.18634184, 35.41982358], [134.18624193, 35.41982358], [134.18618779, 35.41982358], [134.18614199, 35.41982358], [134.18604211, 35.41982358], [134.1859422, 35.41982357], [134.18584229, 35.41982357], [134.18574238, 35.41982357], [134.18564247, 35.41982356], [134.18554256, 35.41982356], [134.18544265, 35.41982356], [134.18534274, 35.41982355], [134.18524283, 35.41982355], [134.18514292, 35.41982355], [134.18504301, 35.41982355], [134.1849431, 35.41982354], [134.18484319, 35.41982354], [134.18476239, 35.41982354], [134.18476235, 35.4212176], [134.18494891, 35.42124532], [134.18541572, 35.42123907], [134.18573828, 35.42128373], [134.18587122, 35.421313], [134.18598058, 35.42140412], [134.18612026, 35.4216388], [134.18620457, 35.42179569], [134.18660172, 35.4219903], [134.18675889, 35.42209446], [134.18692729, 35.42203071], [134.1871065, 35.42192252], [134.18719849, 35.42191094], [134.18724242, 35.42192763], [134.18735839, 35.42201718], [134.18757387, 35.42215137], [134.18775381, 35.42225478], [134.18783117, 35.42231227], [134.18791811, 35.42235433], [134.18840889, 35.42247134], [134.18850846, 35.42248451], [134.18846548, 35.42255799], [134.18845628, 35.42271912], [134.18841476, 35.42289154], [134.18845919, 35.42297957], [134.18866797, 35.42317224], [134.18877061, 35.42325168], [134.18892222, 35.42333924], [134.18899107, 35.42340177], [134.18903756, 35.42348868], [134.1890607, 35.42365522], [134.18909174, 35.42373426], [134.1891423, 35.4238648], [134.18931107, 35.42412538], [134.18940675, 35.42422382], [134.18966145, 35.42441838], [134.18972712, 35.42449739], [134.18999183, 35.42521585], [134.19010529, 35.42548057], [134.19018549, 35.42559793], [134.19034883, 35.42577273], [134.19060436, 35.42592799], [134.19081795, 35.42602844], [134.19110414, 35.42609068], [134.19126538, 35.42612509], [134.19191794, 35.42615886], [134.19212105, 35.42617849], [134.19226344, 35.42621248], [134.19235066, 35.42625001], [134.1924696, 35.4263307], [134.19260372, 35.42646052], [134.19270554, 35.42660017], [134.19278595, 35.42665417], [134.19286203, 35.42668887], [134.19295071, 35.42675137], [134.19302791, 35.42682739], [134.19307526, 35.42689867], [134.19313388, 35.42709662], [134.193156, 35.42749507], [134.19320528, 35.42772513], [134.19325524, 35.42781003], [134.19336985, 35.42791699], [134.19352637, 35.42810012], [134.19353897, 35.42813014], [134.19726099, 35.42813009], [134.19726105, 35.42632935], [134.19706121, 35.42609749], [134.19695623, 35.42600936], [134.19692311, 35.42595618], [134.19693024, 35.42592325], [134.19698808, 35.42587018], [134.19726107, 35.42572909], [134.19726127, 35.4198239], [134.19723203, 35.4198239], [134.19713212, 35.41982389], [134.19708527, 35.41982389], [134.19703221, 35.41982389], [134.1969323, 35.41982389], [134.19683239, 35.41982388], [134.19673248, 35.41982388], [134.19663257, 35.41982388], [134.19656777, 35.41982388], [134.19653266, 35.41982388], [134.19643275, 35.41982387], [134.19633284, 35.41982387], [134.19623293, 35.41982387], [134.19613302, 35.41982386], [134.19603311, 35.41982386], [134.19593726, 35.41982386], [134.19596526, 35.4198444], [134.19597371, 35.41988056], [134.19597326, 35.4199263], [134.19589816, 35.42011163]], [[134.18804211, 35.42157834], [134.18796716, 35.42149998], [134.18783906, 35.42130992], [134.18783681, 35.42123663], [134.18845188, 35.42098203], [134.18851155, 35.42097088], [134.18861539, 35.42100043], [134.18883624, 35.42114579], [134.18890675, 35.42118833], [134.1890526, 35.42128336], [134.18917759, 35.4213606], [134.18909789, 35.42143322], [134.18893762, 35.42153894], [134.18858666, 35.42180782], [134.18849753, 35.42176206], [134.18828075, 35.42169985], [134.18813772, 35.42163959], [134.18804211, 35.42157834]]]}}, {"type": "Feature", "properties": {"MESH2_C": "533411", "grid_code": "53341105", "grid_area": 1049137.1946592256, "grid_perimeter": 4118.689651188077, "area": 197751.2416002361, "perimeter": 2498.189373466428, "connect": 0.43062398162969134, "connect_rev": 0.08116805644067239}, "geometry": {"type": "Polygon", "coordinates": [[[134.19214858, 35.428033], [134.19213246, 35.42771461], [134.1920665, 35.42738822], [134.19199883, 35.42726544], [134.19187101, 35.42715969], [134.19176066, 35.427098], [134.19161503, 35.42703749], [134.19145342, 35.42700624], [134.19131979, 35.42700345], [134.19122254, 35.42702041], [134.19084519, 35.42714597], [134.19062322, 35.42715921], [134.19024826, 35.42721915], [134.19016751, 35.42720603], [134.19004549, 35.4271612], [134.18999322, 35.42712859], [134.18978742, 35.42692196], [134.18955983, 35.42666568], [134.18934, 35.42646693], [134.18922745, 35.42636399], [134.18897646, 35.42619988], [134.18872323, 35.42607223], [134.18861596, 35.42600089], [134.18853838, 35.42593], [134.18834285, 35.42554864], [134.18822175, 35.42534362], [134.18811653, 35.42517656], [134.18795201, 35.42491379], [134.18763741, 35.42438347], [134.18750006, 35.42421348], [134.18706867, 35.42384671], [134.18694251, 35.42375218], [134.18688143, 35.4237803], [134.18681731, 35.42379247], [134.1866837, 35.42378183], [134.1866062, 35.42375982], [134.18638103, 35.42360487], [134.18612389, 35.42337562], [134.18599849, 35.42327601], [134.18591327, 35.42323544], [134.1857489, 35.42320893], [134.18552996, 35.42321586], [134.18526822, 35.42319867], [134.18494458, 35.4231395], [134.18476228, 35.42310875], [134.18476213, 35.42771058], [134.18480476, 35.42772665], [134.18503192, 35.42783852], [134.18516826, 35.42792128], [134.18527692, 35.42802972], [134.18536724, 35.42799089], [134.18568659, 35.42793662], [134.1861315, 35.4279371], [134.18638781, 35.4279904], [134.18646497, 35.42801306], [134.18669879, 35.42812994], [134.1877548, 35.42812999], [134.18779045, 35.42810093], [134.1878167, 35.42813], [134.192139, 35.42813013], [134.19214858, 35.428033]], [[134.18677846, 35.42680436], [134.1870023, 35.42685874], [134.18707836, 35.42688911], [134.18707881, 35.42706868], [134.18692514, 35.42741792], [134.18689862, 35.42744525], [134.18685677, 35.42745695], [134.18681119, 35.4274493], [134.18676543, 35.4274291], [134.18641914, 35.42723523], [134.18635153, 35.42717557], [134.18633158, 35.42711552], [134.186355, 35.42698482], [134.18635173, 35.42693458], [134.18624472, 35.42672003], [134.1862429, 35.42662463], [134.18627059, 35.42642381], [134.18650019, 35.42664653], [134.18664765, 35.42674412], [134.18677846, 35.42680436]]]}}, {"type": "Feature", "properties": {"MESH2_C": "533411", "grid_code": "53341115", "grid_area": 1049030.5701970682, "grid_perimeter": 4118.458378457887, "area": 2527.76551326811, "perimeter": 228.41116388822067, "connect": 0.511924496881349, "connect_rev": 0.001233543735880557}, "geometry": {"type": "Polygon", "coordinates": [[[134.18670721, 35.42813414], [134.18703505, 35.42844225], [134.18710514, 35.42847627], [134.18717211, 35.42848597], [134.1874244, 35.42845801], [134.1875442, 35.42841884], [134.18760363, 35.42835781], [134.18769029, 35.4281826], [134.1877548, 35.42812999], [134.18669879, 35.42812994], [134.18670721, 35.42813414]]]}}, {"type": "Feature", "properties": {"MESH2_C": "533411", "grid_code": "53341115", "grid_area": 1049030.5701970682, "grid_perimeter": 4118.458378457887, "area": 100162.38572418614, "perimeter": 1443.7273081912394, "connect": 0.511924496881349, "connect_rev": 0.0488790130383494}, "geometry": {"type": "Polygon", "coordinates": [[[134.19369432, 35.42850035], [134.1937451, 35.4285535], [134.19385774, 35.42863511], [134.1938811, 35.42870333], [134.19391428, 35.42876844], [134.19413092, 35.42905104], [134.19414439, 35.42910363], [134.19412632, 35.4292297], [134.19413328, 35.42928469], [134.1940534, 35.42962407], [134.19403168, 35.42979348], [134.19403269, 35.4299093], [134.19405234, 35.4299896], [134.19419454, 35.43033312], [134.19423245, 35.43050871], [134.1942655, 35.43058845], [134.19431528, 35.43095009], [134.19434379, 35.43101328], [134.19438493, 35.43105356], [134.195396, 35.43137374], [134.19551454, 35.43139284], [134.19627875, 35.43157992], [134.19709599, 35.43182585], [134.19726087, 35.43185866], [134.19726091, 35.43069757], [134.19705095, 35.43058305], [134.1969959, 35.43054673], [134.19692022, 35.43045717], [134.1967375, 35.43008402], [134.1966599, 35.42986305], [134.19665176, 35.42975669], [134.19671113, 35.42956384], [134.19675003, 35.42949664], [134.1969294, 35.42928241], [134.19699262, 35.42922933], [134.19704943, 35.42920773], [134.1970931, 35.42921046], [134.19714977, 35.42923836], [134.19726095, 35.42933638], [134.19726099, 35.42813009], [134.19353897, 35.42813014], [134.19369432, 35.42850035]]]}}, {"type": "Feature", "properties": {"MESH2_C": "533411", "grid_code": "53341116", "grid_area": 1049029.8598946407, "grid_perimeter": 4118.456984140581, "area": 113386.48596854234, "perimeter": 2163.882934533171, "connect": 0.017601226949625137, "connect_rev": 0.0019024637418359493}, "geometry": {"type": "Polygon", "coordinates": [[[134.1974014, 35.43188662], [134.19796262, 35.43203544], [134.19853239, 35.432202], [134.19886439, 35.43231327], [134.19902833, 35.43235426], [134.19905817, 35.4322574], [134.1991568, 35.43205755], [134.19926057, 35.43178642], [134.19927029, 35.43170568], [134.19938621, 35.4317349], [134.19963582, 35.43178898], [134.19992251, 35.43189951], [134.20023799, 35.43214981], [134.20015829, 35.43225812], [134.20009952, 35.43237566], [134.20008915, 35.432425], [134.20011475, 35.43249907], [134.20029206, 35.43268706], [134.20033283, 35.43274788], [134.20034084, 35.43284191], [134.20031298, 35.43299728], [134.20039744, 35.43304465], [134.20073087, 35.4331633], [134.2008048, 35.43317214], [134.20086727, 35.43314323], [134.20095984, 35.43304172], [134.2010159, 35.43290137], [134.20103729, 35.43279206], [134.20105141, 35.43259183], [134.20105031, 35.43238225], [134.20091611, 35.43236662], [134.20078405, 35.43234406], [134.2006876, 35.43229403], [134.20062156, 35.43221665], [134.20054973, 35.43206707], [134.20042652, 35.43160595], [134.20041712, 35.43141238], [134.2004346, 35.43109513], [134.20042735, 35.43081067], [134.20041476, 35.43063597], [134.20034147, 35.43017825], [134.20034415, 35.42999581], [134.20030966, 35.42952476], [134.20032903, 35.42946057], [134.20033698, 35.42930047], [134.20036172, 35.42917739], [134.2003758, 35.4289333], [134.20023341, 35.42888265], [134.19997267, 35.42883364], [134.19976585, 35.42876619], [134.19948328, 35.42877514], [134.19924798, 35.4288537], [134.19916286, 35.4288612], [134.199001, 35.42893006], [134.19886248, 35.42895622], [134.1987054, 35.42902079], [134.19863996, 35.42903614], [134.19857946, 35.42902865], [134.19853131, 35.42899772], [134.19850119, 35.42894652], [134.19848482, 35.42890322], [134.19864874, 35.42879617], [134.19877399, 35.42872852], [134.19902532, 35.42866528], [134.19955573, 35.42846285], [134.19958555, 35.42840941], [134.19959041, 35.42813024], [134.19726099, 35.42813009], [134.19726095, 35.42933638], [134.1973759, 35.42943772], [134.1974871, 35.42950518], [134.19747196, 35.42957593], [134.19746088, 35.42980157], [134.19750099, 35.43007542], [134.19752692, 35.43014273], [134.19755368, 35.43017241], [134.19760377, 35.43019069], [134.19766607, 35.4301837], [134.19784555, 35.43011127], [134.19811641, 35.42997982], [134.19820596, 35.42995659], [134.19825978, 35.42996817], [134.19830267, 35.43000329], [134.19837115, 35.43015623], [134.19836051, 35.43026012], [134.19828615, 35.43036683], [134.19812688, 35.43050749], [134.1979506, 35.43069134], [134.19776468, 35.4308445], [134.19768745, 35.43082077], [134.19749443, 35.43080291], [134.19741616, 35.43077895], [134.19733094, 35.43073578], [134.19726091, 35.43069757], [134.19726087, 35.43185866], [134.1974014, 35.43188662]]]}}, {"type": "Feature", "properties": {"MESH2_C": "533411", "grid_code": "53341116", "grid_area": 1049029.8598946407, "grid_perimeter": 4118.456984140581, "area": 80702.03185103461, "perimeter": 1275.307658794049, "connect": 0.017601226949625137, "connect_rev": 0.0013540651531583666}, "geometry": {"type": "Polygon", "coordinates": [[[134.20102832, 35.43547712], [134.20103418, 35.43539249], [134.20095853, 35.43520325], [134.2009272, 35.43513803], [134.20088964, 35.43516614], [134.20083887, 35.43516524], [134.20079187, 35.43513745], [134.20067999, 35.43505155], [134.2004966, 35.43492132], [134.20040919, 35.43488019], [134.20020017, 35.43483825], [134.19998632, 35.43482763], [134.19980971, 35.43479753], [134.19960475, 35.43470104], [134.19949798, 35.43466623], [134.19927325, 35.43461814], [134.19918117, 35.43458097], [134.19910772, 35.43454396], [134.19892097, 35.43442018], [134.19885877, 35.43439995], [134.19878894, 35.43438885], [134.19873709, 35.43437], [134.19869004, 35.43433133], [134.19859262, 35.43412831], [134.19841506, 35.43389782], [134.19809971, 35.43366089], [134.19801205, 35.43355967], [134.19788865, 35.43336913], [134.19781232, 35.43329722], [134.1977412, 35.43326139], [134.19748059, 35.43320295], [134.19735991, 35.43316292], [134.19726082, 35.4331086], [134.19726071, 35.43646246], [134.20085704, 35.43646268], [134.20102832, 35.43547712]]]}}, {"type": "Feature", "properties": {"MESH2_C": "533411", "grid_code": "53341115", "grid_area": 1049030.5701970682, "grid_perimeter": 4118.458378457887, "area": 743852.2491652574, "perimeter": 7413.771061489337, "connect": 0.511924496881349, "connect_rev": 0.3629981806311411}, "geometry": {"type": "Polygon", "coordinates": [[[134.19724961, 35.43310245], [134.19702708, 35.43295106], [134.19694129, 35.4329116], [134.1967152, 35.43283547], [134.19641531, 35.43279929], [134.19618316, 35.43273331], [134.19603391, 35.43273373], [134.19587351, 35.43271579], [134.19568962, 35.43272065], [134.19508272, 35.43262624], [134.19467399, 35.43249258], [134.19450363, 35.43241136], [134.1943832, 35.43233253], [134.19432776, 35.43228102], [134.1941901, 35.4320444], [134.19417463, 35.4318279], [134.19409717, 35.4316608], [134.19406647, 35.43143744], [134.19400214, 35.4312207], [134.19395743, 35.4311848], [134.19391051, 35.43117257], [134.19356297, 35.4311361], [134.19347669, 35.43108644], [134.19340754, 35.43102314], [134.19331638, 35.43087996], [134.19311934, 35.43067122], [134.19303927, 35.43062299], [134.19292723, 35.43059531], [134.19281298, 35.43056513], [134.19209022, 35.43041432], [134.1915877, 35.43027941], [134.19136314, 35.43020029], [134.19098189, 35.43003407], [134.1909178, 35.42999362], [134.19060025, 35.42975957], [134.19056939, 35.42970621], [134.19057538, 35.42966767], [134.19060825, 35.42961994], [134.19073142, 35.42952171], [134.19084638, 35.42946492], [134.19095461, 35.42945989], [134.19103875, 35.42950167], [134.19109823, 35.42955507], [134.19114186, 35.42962832], [134.19118534, 35.42974353], [134.19128079, 35.42984283], [134.1913965, 35.42989584], [134.19159891, 35.4299534], [134.19166476, 35.42995878], [134.19173079, 35.42994918], [134.19180601, 35.42992132], [134.19206096, 35.42975606], [134.19213001, 35.42968106], [134.1921479, 35.4296123], [134.19222647, 35.42943148], [134.19223736, 35.42934492], [134.19213318, 35.42878088], [134.19213954, 35.4287058], [134.19212397, 35.42852296], [134.19212341, 35.42833511], [134.19211068, 35.42823876], [134.19213883, 35.4281318], [134.192139, 35.42813013], [134.1878167, 35.42813], [134.18785115, 35.42816813], [134.18788853, 35.42824234], [134.18793203, 35.42844432], [134.18800112, 35.42860899], [134.18809344, 35.4289541], [134.18813936, 35.42902347], [134.18821959, 35.42906791], [134.18854301, 35.42913021], [134.18858396, 35.42912738], [134.18861922, 35.42910879], [134.18865875, 35.42903941], [134.18867022, 35.42884244], [134.18871942, 35.42861313], [134.18875573, 35.4285576], [134.18882412, 35.4285268], [134.18890788, 35.42852997], [134.18909762, 35.42858047], [134.1893109, 35.42864841], [134.18953398, 35.42874029], [134.18946035, 35.42890633], [134.18936909, 35.42924022], [134.18932026, 35.42935425], [134.1892789, 35.42941508], [134.18922911, 35.42945357], [134.18916734, 35.42947533], [134.18898686, 35.42946902], [134.18885052, 35.42949225], [134.18878349, 35.42952741], [134.18875239, 35.42957119], [134.18875396, 35.42968138], [134.188846, 35.4299542], [134.18896836, 35.43027352], [134.18901953, 35.43035832], [134.1890185, 35.4305371], [134.18887578, 35.4310978], [134.18889579, 35.43119079], [134.18899546, 35.43133379], [134.18901871, 35.43139652], [134.18900072, 35.43147023], [134.18891577, 35.43160701], [134.18850511, 35.43152763], [134.18855498, 35.43123608], [134.18854738, 35.43110895], [134.18851895, 35.43103179], [134.18834159, 35.43072732], [134.18831945, 35.43064482], [134.18831779, 35.43056257], [134.18840072, 35.43034295], [134.18841673, 35.43026494], [134.18839957, 35.43020092], [134.18834341, 35.43013216], [134.18823674, 35.43006871], [134.18814157, 35.43005427], [134.18791822, 35.4301342], [134.18776877, 35.43014498], [134.18767837, 35.43011157], [134.18763707, 35.43007107], [134.18761074, 35.43002186], [134.18759677, 35.42992459], [134.18761981, 35.42983093], [134.18779419, 35.42955689], [134.18783773, 35.4294627], [134.18785071, 35.42928251], [134.18783477, 35.42924471], [134.18779394, 35.42921599], [134.18772124, 35.42922285], [134.18757584, 35.42929356], [134.1872999, 35.42935071], [134.18720443, 35.42936075], [134.18712207, 35.42935105], [134.18701226, 35.4293214], [134.18686716, 35.42925922], [134.18663254, 35.42908228], [134.18656331, 35.42904487], [134.18625743, 35.42894784], [134.18605954, 35.42884538], [134.18596936, 35.42882854], [134.18577482, 35.42889221], [134.18563304, 35.42890278], [134.18533677, 35.42894818], [134.18519139, 35.42897805], [134.18510202, 35.42901256], [134.18504438, 35.42907434], [134.18499836, 35.42917552], [134.1849849, 35.42929423], [134.18500895, 35.42946607], [134.18499481, 35.42951433], [134.18497144, 35.42955425], [134.18486232, 35.42970002], [134.18483937, 35.42976445], [134.18484064, 35.42985845], [134.18490732, 35.43011049], [134.1848919, 35.43017544], [134.18485634, 35.43021625], [134.18479885, 35.43023997], [134.18476204, 35.43023912], [134.18476194, 35.43307482], [134.1849434, 35.43325956], [134.18513796, 35.43353841], [134.1851385, 35.43358377], [134.18511694, 35.43363016], [134.18490969, 35.43385009], [134.18479213, 35.43407285], [134.18476191, 35.43409975], [134.18476183, 35.43646218], [134.19726071, 35.43646246], [134.19726082, 35.4331086], [134.19724961, 35.43310245]], [[134.19171933, 35.43442055], [134.19132363, 35.4345457], [134.19104175, 35.43465363], [134.19054669, 35.43497962], [134.19038699, 35.43511564], [134.19010665, 35.43529683], [134.19005111, 35.43529703], [134.18997858, 35.4352433], [134.1897952, 35.43492511], [134.18980168, 35.43485928], [134.18990404, 35.43479053], [134.19007757, 35.43474005], [134.19023653, 35.43467467], [134.19077505, 35.43441121], [134.19123099, 35.43419429], [134.19164061, 35.43405856], [134.19171831, 35.43405289], [134.19189087, 35.43408364], [134.19235625, 35.43416326], [134.19247847, 35.43417586], [134.19245978, 35.43430134], [134.19229491, 35.43432892], [134.19214528, 35.43432309], [134.19191151, 35.43434649], [134.19171933, 35.43442055]], [[134.18637703, 35.43209667], [134.186345, 35.43219904], [134.18627611, 35.4323844], [134.18616103, 35.43256967], [134.18610979, 35.43272215], [134.18609189, 35.43289314], [134.18604083, 35.43302263], [134.18600772, 35.43307034], [134.18595807, 35.43310658], [134.18589328, 35.43312386], [134.1858299, 35.43311443], [134.18577645, 35.43308244], [134.18573742, 35.43303824], [134.18565357, 35.43284789], [134.18551526, 35.43267746], [134.18545015, 35.43253903], [134.18544421, 35.43247273], [134.18546755, 35.43242314], [134.18550095, 35.43239504], [134.18575377, 35.43227578], [134.18591173, 35.43218143], [134.18596059, 35.43211151], [134.1859909, 35.43200549], [134.18602579, 35.43174116], [134.18602585, 35.43128038], [134.18604167, 35.43121754], [134.18610118, 35.43115751], [134.18624103, 35.43107963], [134.18645558, 35.4309074], [134.18655211, 35.43081061], [134.1866376, 35.43067993], [134.18670616, 35.43064383], [134.18682335, 35.4306334], [134.18691324, 35.43066731], [134.18695199, 35.43071137], [134.18701939, 35.43085388], [134.18704974, 35.43090335], [134.18703232, 35.43101599], [134.18698, 35.43110279], [134.18683393, 35.43120173], [134.18677084, 35.43125966], [134.1865626, 35.43156584], [134.18643451, 35.43184138], [134.18638813, 35.43203324], [134.18637703, 35.43209667]], [[134.19492979, 35.43444304], [134.19457279, 35.43464802], [134.19438002, 35.43479301], [134.19388925, 35.43501501], [134.19379331, 35.43504042], [134.19373263, 35.43503853], [134.19369996, 35.43501973], [134.19368217, 35.43498855], [134.19369535, 35.4349071], [134.19374674, 35.43482119], [134.19390643, 35.43461511], [134.19397919, 35.4344515], [134.19401525, 35.43427509], [134.19404851, 35.43421162], [134.1942, 35.4340709], [134.19439919, 35.43393865], [134.19447684, 35.43391745], [134.19490604, 35.43388585], [134.19498113, 35.43390546], [134.19503343, 35.43395151], [134.19513223, 35.43418126], [134.19517046, 35.43424395], [134.19492979, 35.43444304]], [[134.19133954, 35.43209354], [134.19151161, 35.43216645], [134.19178511, 35.4323796], [134.19206049, 35.432635], [134.19213033, 35.43275609], [134.19214973, 35.4328362], [134.19215031, 35.43292254], [134.19186048, 35.43291569], [134.1918085, 35.43275686], [134.19174697, 35.4326617], [134.19159097, 35.43252458], [134.19147806, 35.43246759], [134.19129536, 35.43240783], [134.19119594, 35.4323926], [134.19093293, 35.43238467], [134.19054001, 35.43236641], [134.19033481, 35.43237442], [134.19022825, 35.43233367], [134.1899835, 35.432194], [134.18995059, 35.43212999], [134.19003451, 35.43179906], [134.19009114, 35.43164135], [134.19012049, 35.43159454], [134.19017629, 35.4315727], [134.19023228, 35.43158602], [134.19069607, 35.43179456], [134.19102293, 35.43191701], [134.19133954, 35.43209354]]]}}, {"type": "Feature", "properties": {"MESH2_C": "533411", "grid_code": "53341125", "grid_area": 1048923.9233551994, "grid_perimeter": 4118.2270578862335, "area": 775734.1314223878, "perimeter": 5957.557159529976, "connect": 0.5567523175107257, "connect_rev": 0.41174747360141184}, "geometry": {"type": "Polygon", "coordinates": [[[134.1849008, 35.44094785], [134.1851486, 35.44091955], [134.18553729, 35.44092774], [134.18593079, 35.44098708], [134.18629709, 35.44110886], [134.18650247, 35.44115683], [134.18694173, 35.44130042], [134.18712646, 35.44142245], [134.18741162, 35.44167075], [134.18789032, 35.4419132], [134.1879797, 35.44199699], [134.18808522, 35.44214965], [134.18826098, 35.44252325], [134.18832815, 35.44262127], [134.18848044, 35.44283856], [134.18851897, 35.44293422], [134.18858481, 35.44309579], [134.18874448, 35.44330794], [134.18909345, 35.44361585], [134.1893941, 35.44396334], [134.18962297, 35.44416239], [134.1898423, 35.44428758], [134.19007901, 35.4443799], [134.19017886, 35.44438584], [134.19036321, 35.44434528], [134.19054814, 35.44434427], [134.19062942, 35.44402536], [134.1906258, 35.44392338], [134.19059573, 35.44383873], [134.19046212, 35.44353567], [134.19043808, 35.44341759], [134.19044834, 35.44336676], [134.19047897, 35.44332157], [134.19052969, 35.44328483], [134.19059556, 35.44326786], [134.19067071, 35.44328373], [134.19074037, 35.4433267], [134.19099396, 35.44357326], [134.19102645, 35.44363487], [134.19104814, 35.44372918], [134.19105629, 35.44381317], [134.19104845, 35.44388623], [134.19100518, 35.44412214], [134.19085129, 35.44442399], [134.19084441, 35.4444825], [134.19089334, 35.44466268], [134.19090032, 35.44479485], [134.1915211, 35.44479487], [134.19151176, 35.44471774], [134.19150664, 35.44442964], [134.19153592, 35.44438227], [134.19157321, 35.44436352], [134.19161673, 35.44436314], [134.19166905, 35.44438951], [134.19170157, 35.44443573], [134.19175984, 35.44457817], [134.19182288, 35.44479487], [134.19342243, 35.44479489], [134.19339346, 35.44465963], [134.1932913, 35.44443326], [134.19327277, 35.44420795], [134.19323253, 35.44414875], [134.19312708, 35.44405451], [134.19310887, 35.44399482], [134.19313642, 35.44393521], [134.19333872, 35.44371839], [134.19323836, 35.44369011], [134.1930433, 35.44368494], [134.19262125, 35.44365841], [134.19261126, 35.44354254], [134.19262931, 35.44344194], [134.19292686, 35.44342507], [134.19337082, 35.44349277], [134.19340375, 35.4434435], [134.19341657, 35.44337726], [134.19340265, 35.44330904], [134.19336657, 35.44324902], [134.19320558, 35.44313068], [134.19296533, 35.44283346], [134.19276652, 35.4426242], [134.19261003, 35.44247833], [134.19251081, 35.44239589], [134.1922829, 35.44218337], [134.19213133, 35.4419806], [134.19186076, 35.44176835], [134.19149772, 35.44157807], [134.19103676, 35.44150589], [134.19078606, 35.4415032], [134.19053822, 35.44145092], [134.19052077, 35.44150696], [134.19048548, 35.44155618], [134.19023634, 35.44178654], [134.19015231, 35.44183371], [134.19007227, 35.44183878], [134.19001739, 35.44181535], [134.18997803, 35.44177207], [134.18994037, 35.44169725], [134.18988002, 35.44148671], [134.18976491, 35.44134049], [134.18973083, 35.44120055], [134.18973636, 35.44114809], [134.1897751, 35.44107488], [134.18983489, 35.44102509], [134.1898917, 35.44099694], [134.18995693, 35.44098445], [134.19019708, 35.44100033], [134.19028695, 35.44099758], [134.19052619, 35.44101167], [134.1905543, 35.44080909], [134.19079184, 35.44079915], [134.19093321, 35.44082266], [134.19105479, 35.44088066], [134.19122648, 35.44103174], [134.19131355, 35.44110113], [134.1914604, 35.44116237], [134.19202651, 35.44130926], [134.19245561, 35.44139081], [134.19265083, 35.44138675], [134.19275231, 35.44136936], [134.1928454, 35.44130491], [134.19290247, 35.44123524], [134.1930789, 35.44092416], [134.19311795, 35.44084234], [134.19318814, 35.44075752], [134.19332665, 35.44063748], [134.19339853, 35.44059723], [134.19347807, 35.44058869], [134.1935629, 35.44061602], [134.1935561, 35.44071804], [134.19352343, 35.44083841], [134.19347567, 35.44095414], [134.19342632, 35.4410306], [134.19333513, 35.44124075], [134.1931936, 35.44154638], [134.19315461, 35.44161253], [134.19324519, 35.44167575], [134.19331847, 35.44181329], [134.19332916, 35.44189588], [134.19329212, 35.44197704], [134.19346065, 35.44215429], [134.19349687, 35.44222885], [134.19355648, 35.44242567], [134.19362023, 35.44253448], [134.1937477, 35.44267997], [134.19397756, 35.44287947], [134.1941216, 35.4427738], [134.19419315, 35.44274928], [134.19426372, 35.44276654], [134.19439968, 35.44285772], [134.19446005, 35.44286735], [134.19450207, 35.44285586], [134.19456517, 35.44279119], [134.19464181, 35.44260109], [134.19471017, 35.44250763], [134.1947869, 35.44245903], [134.19498673, 35.44243347], [134.19503891, 35.44239754], [134.19505963, 35.44235122], [134.19507304, 35.44225645], [134.19505778, 35.44194237], [134.19502995, 35.44169194], [134.19496397, 35.4413821], [134.19500271, 35.44132094], [134.19512581, 35.44128524], [134.19528199, 35.44127634], [134.19534343, 35.44132033], [134.19553363, 35.44186165], [134.1955664, 35.44202336], [134.19556714, 35.44218217], [134.19553689, 35.44255261], [134.19550805, 35.44268031], [134.19563774, 35.44255874], [134.19570539, 35.44252018], [134.19574921, 35.44251365], [134.19579546, 35.44252281], [134.19587246, 35.44257633], [134.19589701, 35.44261119], [134.19591401, 35.44267885], [134.19590996, 35.44292535], [134.19593018, 35.4431507], [134.19641596, 35.44289745], [134.19648006, 35.44285184], [134.19653462, 35.442793], [134.19680685, 35.44321289], [134.19682987, 35.44322901], [134.19688003, 35.44324061], [134.19705598, 35.44322542], [134.1971001, 35.44321091], [134.1971316, 35.443179], [134.19726049, 35.44300136], [134.19726052, 35.44192895], [134.19720919, 35.44180684], [134.19720998, 35.44174516], [134.19724942, 35.44168753], [134.19726053, 35.44168026], [134.19726071, 35.43646246], [134.18476183, 35.43646218], [134.18476168, 35.44094722], [134.1849008, 35.44094785]]]}}, {"type": "Feature", "properties": {"MESH2_C": "533411", "grid_code": "53341126", "grid_area": 1048923.2132704705, "grid_perimeter": 4118.225663931965, "area": 301261.18034187343, "perimeter": 3215.347753355712, "connect": 0.0825123939862665, "connect_rev": 0.023698380291948627}, "geometry": {"type": "Polygon", "coordinates": [[[134.19730247, 35.44165286], [134.19739315, 35.44161733], [134.19752135, 35.44159528], [134.19758435, 35.44159544], [134.19765099, 35.44162059], [134.19782025, 35.44180401], [134.19812208, 35.44197343], [134.19825145, 35.44202668], [134.19838959, 35.44205858], [134.19846102, 35.4420939], [134.19849526, 35.44214822], [134.19849886, 35.44221539], [134.19839899, 35.44298264], [134.19839613, 35.44309727], [134.19861886, 35.44309961], [134.19863051, 35.44300054], [134.19868357, 35.44287182], [134.19874668, 35.44281753], [134.19887177, 35.44277797], [134.19894224, 35.44272738], [134.19908279, 35.44257293], [134.19916822, 35.44241402], [134.19919093, 35.44234939], [134.1991999, 35.44226456], [134.19916445, 35.44200123], [134.19916893, 35.44184259], [134.19920675, 35.44176659], [134.19926749, 35.44173451], [134.19933308, 35.44175253], [134.19936887, 35.4417945], [134.1994321, 35.44197835], [134.19952012, 35.44216527], [134.19955817, 35.44232616], [134.19954726, 35.44249006], [134.19942855, 35.44271027], [134.19941272, 35.44292998], [134.19943669, 35.44308321], [134.19953426, 35.44321523], [134.19963078, 35.44331125], [134.19969789, 35.44335049], [134.19986301, 35.44341209], [134.20006435, 35.44357406], [134.20027975, 35.44371168], [134.20035224, 35.44372283], [134.20059238, 35.44366865], [134.2006656, 35.44364364], [134.20074212, 35.44360687], [134.2007582, 35.44364867], [134.20085224, 35.4437569], [134.20090133, 35.44373641], [134.20095572, 35.4437052], [134.20125848, 35.44345364], [134.20143152, 35.44326682], [134.20149722, 35.44312951], [134.20161297, 35.4426843], [134.20167794, 35.44246046], [134.20170663, 35.44239707], [134.20184709, 35.44198476], [134.20193184, 35.44165883], [134.2019956, 35.44150863], [134.2020243, 35.44138539], [134.20219417, 35.44097764], [134.20221574, 35.44089577], [134.20229277, 35.44071233], [134.20246221, 35.44023763], [134.20249072, 35.44017093], [134.20250738, 35.44001631], [134.20256595, 35.43980267], [134.2026108, 35.4397491], [134.20267667, 35.43972966], [134.20267423, 35.43944221], [134.20259172, 35.4391669], [134.20253628, 35.43905554], [134.20237872, 35.43884713], [134.20231307, 35.43878475], [134.20224204, 35.43875176], [134.20212371, 35.43873699], [134.20185938, 35.43873208], [134.20179601, 35.43871606], [134.20173502, 35.43869062], [134.20173896, 35.43857326], [134.2017877, 35.43848601], [134.20187642, 35.43841998], [134.20208745, 35.43832642], [134.20219922, 35.43827459], [134.20223823, 35.43824093], [134.20227457, 35.43819173], [134.20232124, 35.43815283], [134.20258457, 35.43803796], [134.20260833, 35.43801079], [134.20261377, 35.43797827], [134.20237244, 35.43747876], [134.20224459, 35.43734011], [134.20210574, 35.43714005], [134.20209415, 35.43706105], [134.20209955, 35.43692933], [134.20207103, 35.43688286], [134.20204627, 35.43687397], [134.20200739, 35.4368771], [134.20184711, 35.43696065], [134.20165788, 35.4370045], [134.20142845, 35.43707572], [134.20128776, 35.4370837], [134.20120526, 35.43706808], [134.20114391, 35.43704226], [134.20110638, 35.43701515], [134.20106564, 35.43696073], [134.20086449, 35.43669191], [134.20083459, 35.43659182], [134.20085704, 35.43646268], [134.19726071, 35.43646246], [134.19726053, 35.44168026], [134.19730247, 35.44165286]], [[134.19992442, 35.44308333], [134.19984341, 35.4430613], [134.19978614, 35.44301626], [134.19975668, 35.4429518], [134.19975779, 35.4428827], [134.1997844, 35.44280345], [134.19983526, 35.44273547], [134.19991293, 35.44268435], [134.19999521, 35.44265639], [134.2002062, 35.4425984], [134.2003342, 35.44253785], [134.20050378, 35.44241864], [134.20056035, 35.44233535], [134.20058968, 35.44222718], [134.20057155, 35.44211729], [134.20052911, 35.44203058], [134.20039394, 35.44185867], [134.2003685, 35.44178075], [134.20039317, 35.44170653], [134.20048776, 35.44160522], [134.20065013, 35.4417467], [134.20077824, 35.44189121], [134.20112184, 35.44221915], [134.20115329, 35.44232162], [134.20113182, 35.44245774], [134.20104949, 35.44256832], [134.20081386, 35.44276349], [134.20060899, 35.44282501], [134.20007538, 35.44307018], [134.20001055, 35.44308409], [134.19992442, 35.44308333]]]}}, {"type": "Feature", "properties": {"MESH2_C": "533411", "grid_code": "53341117", "grid_area": 1049029.2161732167, "grid_perimeter": 4118.455720518642, "area": 8034.02421134233, "perimeter": 459.1044465872198, "connect": 0.21498561156962603, "connect_rev": 0.0016464742657419148}, "geometry": {"type": "Polygon", "coordinates": [[[134.21019037, 35.43619495], [134.21057698, 35.43554395], [134.21066609, 35.43540097], [134.2108591, 35.43490956], [134.21067866, 35.43479451], [134.21061882, 35.43476909], [134.21046905, 35.43473401], [134.2103574, 35.43494536], [134.21020775, 35.43527068], [134.20998687, 35.43564386], [134.20976, 35.43608737], [134.2097596, 35.436088], [134.20975959, 35.43646275], [134.21002932, 35.43646277], [134.21019037, 35.43619495]]]}}, {"type": "Feature", "properties": {"MESH2_C": "533411", "grid_code": "53341116", "grid_area": 1049029.8598946407, "grid_perimeter": 4118.456984140581, "area": 444.1335489167832, "perimeter": 109.6829505501467, "connect": 0.017601226949625137, "connect_rev": 7.451928385729523e-06}, "geometry": {"type": "Polygon", "coordinates": [[[134.20952426, 35.43646275], [134.20975959, 35.43646275], [134.2097596, 35.436088], [134.20952426, 35.43646275]]]}}, {"type": "Feature", "properties": {"MESH2_C": "533411", "grid_code": "53341127", "grid_area": 1048922.569751963, "grid_perimeter": 4118.224400650998, "area": 609.3273826176301, "perimeter": 129.713247292009, "connect": 0.35430684127620893, "connect_rev": 0.00020581963479859467}, "geometry": {"type": "Polygon", "coordinates": [[[134.21002932, 35.43646277], [134.20975959, 35.43646275], [134.20975958, 35.43691131], [134.21002932, 35.43646277]]]}}, {"type": "Feature", "properties": {"MESH2_C": "533411", "grid_code": "53341126", "grid_area": 1048923.2132704705, "grid_perimeter": 4118.225663931965, "area": 4897.525179505756, "perimeter": 313.3406531641584, "connect": 0.0825123939862665, "connect_rev": 0.00038525844604874663}, "geometry": {"type": "Polygon", "coordinates": [[[134.20893791, 35.43752052], [134.20908856, 35.43754702], [134.2092082, 35.43753946], [134.20927833, 35.43750827], [134.20945317, 35.43738376], [134.20951371, 35.43732015], [134.20975958, 35.43691131], [134.20975959, 35.43646275], [134.20952426, 35.43646275], [134.20951885, 35.43647137], [134.20917335, 35.43696056], [134.20902829, 35.43725847], [134.20893791, 35.43752052]]]}}, {"type": "Feature", "properties": {"MESH2_C": "533411", "grid_code": "53341126", "grid_area": 1048923.2132704705, "grid_perimeter": 4118.225663931965, "area": 12.48598937006318, "perimeter": 22.875337268950148, "connect": 0.0825123939862665, "connect_rev": 9.821966576549902e-07}, "geometry": {"type": "Polygon", "coordinates": [[[134.20901508, 35.44470565], [134.20902197, 35.44479514], [134.20904967, 35.44479514], [134.20901508, 35.44470565]]]}}, {"type": "Feature", "properties": {"MESH2_C": "533411", "grid_code": "53341137", "grid_area": 1048815.900946483, "grid_perimeter": 4117.993032934203, "area": 10480.3784856868, "perimeter": 786.3654363295642, "connect": 0.1548445421373951, "connect_rev": 0.0015472967244092015}, "geometry": {"type": "Polygon", "coordinates": [[[134.2097936, 35.44752695], [134.20998577, 35.44768153], [134.21018592, 35.44797406], [134.21026751, 35.44814835], [134.21046924, 35.44849852], [134.21079486, 35.44893706], [134.21095296, 35.44911475], [134.21114459, 35.44939636], [134.21120372, 35.44946658], [134.21128286, 35.4493905], [134.21133247, 35.44930461], [134.21134381, 35.44923731], [134.21132661, 35.44917263], [134.21121629, 35.44897718], [134.21098865, 35.44864833], [134.21068996, 35.44809757], [134.21054487, 35.44785687], [134.2104116, 35.44765559], [134.21014188, 35.44731179], [134.21004727, 35.447141], [134.20990653, 35.44694216], [134.20987018, 35.44682337], [134.2098691, 35.44673738], [134.20990928, 35.44664895], [134.2099881, 35.44658909], [134.20981387, 35.44638515], [134.20975926, 35.44630466], [134.20975922, 35.4475108], [134.2097936, 35.44752695]]]}}, {"type": "Feature", "properties": {"MESH2_C": "533411", "grid_code": "53341136", "grid_area": 1048816.544265546, "grid_perimeter": 4117.994295880783, "area": 10656.33671134345, "perimeter": 644.0713738456819, "connect": 0.00010323258687969681, "connect_rev": 1.0488785778483487e-06}, "geometry": {"type": "Polygon", "coordinates": [[[134.20927382, 35.44724185], [134.20938012, 35.44733279], [134.20975922, 35.4475108], [134.20975926, 35.44630466], [134.20951041, 35.44593789], [134.20929407, 35.44547616], [134.20920466, 35.44524629], [134.20917251, 35.44511286], [134.20904967, 35.44479514], [134.20902197, 35.44479514], [134.20908212, 35.44557652], [134.20910379, 35.44574716], [134.20913501, 35.4467984], [134.20916583, 35.44700389], [134.20921045, 35.44714728], [134.20927382, 35.44724185]]]}}, {"type": "Feature", "properties": {"MESH2_C": "533411", "grid_code": "53341126", "grid_area": 1048923.2132704705, "grid_perimeter": 4118.225663931965, "area": 1069.5905267094931, "perimeter": 242.362182859169, "connect": 0.0825123939862665, "connect_rev": 8.413816552754192e-05}, "geometry": {"type": "Polygon", "coordinates": [[[134.1972883, 35.44296302], [134.19739721, 35.44272469], [134.1974222, 35.44256016], [134.19742062, 35.44246368], [134.19735109, 35.442202], [134.19728904, 35.44199678], [134.19726052, 35.44192895], [134.19726049, 35.44300136], [134.1972883, 35.44296302]]]}}, {"type": "Feature", "properties": {"MESH2_C": "533411", "grid_code": "53341125", "grid_area": 1048923.9233551994, "grid_perimeter": 4118.2270578862335, "area": 904.1078029053169, "perimeter": 157.75558954827486, "connect": 0.5567523175107257, "connect_rev": 0.00047988619893133127}, "geometry": {"type": "Polygon", "coordinates": [[[134.19449008, 35.4447418], [134.19426646, 35.44464085], [134.1941608, 35.44460597], [134.194118, 35.44456232], [134.19384092, 35.4447634], [134.19381374, 35.44479489], [134.19458299, 35.44479488], [134.19449008, 35.4447418]]]}}, {"type": "Feature", "properties": {"MESH2_C": "533411", "grid_code": "53341135", "grid_area": 1048817.2541308552, "grid_perimeter": 4117.995689468091, "area": 5413.025409727226, "perimeter": 346.8582885602937, "connect": 0.0711384395914398, "connect_rev": 0.00036715088314972106}, "geometry": {"type": "Polygon", "coordinates": [[[134.1938464, 35.44492103], [134.19414775, 35.44502754], [134.19430423, 35.44510207], [134.19455463, 35.44534655], [134.19469178, 35.44551115], [134.19474255, 35.44560843], [134.1947727, 35.44563176], [134.1948008, 35.44563718], [134.19484324, 35.44562902], [134.19495138, 35.44556833], [134.19506197, 35.4455256], [134.19521661, 35.44546395], [134.19502879, 35.44513175], [134.19495208, 35.4450365], [134.19467901, 35.44484974], [134.19458299, 35.44479488], [134.19381374, 35.44479489], [134.19380324, 35.44480705], [134.19378962, 35.44485584], [134.19380236, 35.44488848], [134.1938464, 35.44492103]]]}}, {"type": "Feature", "properties": {"MESH2_C": "533411", "grid_code": "53341135", "grid_area": 1048817.2541308552, "grid_perimeter": 4117.995689468091, "area": 15863.255548834655, "perimeter": 949.7821720042025, "connect": 0.0711384395914398, "connect_rev": 0.0010759617484740111}, "geometry": {"type": "Polygon", "coordinates": [[[134.19191636, 35.44511624], [134.19204843, 35.44541779], [134.19215209, 35.44559928], [134.19223703, 35.44569901], [134.19242935, 35.44583687], [134.19273222, 35.44611607], [134.19306758, 35.44651159], [134.1931658, 35.44645258], [134.19345603, 35.44631148], [134.19359328, 35.44643282], [134.19372803, 35.44658932], [134.19376496, 35.4466164], [134.19381838, 35.44663214], [134.1938882, 35.44661926], [134.19430536, 35.44645352], [134.19423835, 35.44634223], [134.1941946, 35.44629865], [134.19412677, 35.44625418], [134.19393311, 35.44608378], [134.19353722, 35.44585366], [134.19325272, 35.44609701], [134.19288803, 35.44580992], [134.19267271, 35.44559279], [134.19253754, 35.44542182], [134.19239817, 35.44519312], [134.19238328, 35.4451277], [134.19240137, 35.44506373], [134.19245186, 35.44500744], [134.19253487, 35.44495693], [134.19259512, 35.44494655], [134.19265471, 35.44495875], [134.19271828, 35.44500074], [134.19285595, 35.44512929], [134.19306181, 35.44528138], [134.19313455, 35.44536219], [134.19325648, 35.44524839], [134.19342048, 35.44493954], [134.19343434, 35.4448505], [134.19342243, 35.44479489], [134.19182288, 35.44479487], [134.19191636, 35.44511624]]]}}, {"type": "Feature", "properties": {"MESH2_C": "533411", "grid_code": "53341125", "grid_area": 1048923.9233551994, "grid_perimeter": 4118.2270578862335, "area": 103911.92197774685, "perimeter": 1747.1327929600125, "connect": 0.5567523175107257, "connect_rev": 0.055154813509304734}, "geometry": {"type": "Polygon", "coordinates": [[[134.18600365, 35.44475366], [134.18599586, 35.4446913], [134.18602305, 35.44460817], [134.18605374, 35.44456265], [134.18610339, 35.44453717], [134.18614969, 35.44453474], [134.18623224, 35.4445553], [134.18639361, 35.44462191], [134.18666963, 35.44478103], [134.18672688, 35.44478761], [134.18677433, 35.44476398], [134.18682272, 35.44467786], [134.18683956, 35.44455995], [134.18681517, 35.4443383], [134.18673134, 35.44410658], [134.18674308, 35.44406035], [134.18678876, 35.44402919], [134.18685175, 35.44402505], [134.18690548, 35.44405109], [134.18695575, 35.44410617], [134.18701339, 35.444204], [134.18711179, 35.44445995], [134.18718252, 35.44475393], [134.18718299, 35.44479471], [134.18995127, 35.44479483], [134.18975485, 35.44466837], [134.18952096, 35.44453904], [134.18897086, 35.44427103], [134.18878657, 35.44411095], [134.18871988, 35.44406181], [134.18867172, 35.44400543], [134.18856767, 35.44377966], [134.18845431, 35.44358576], [134.18822282, 35.44333288], [134.18813802, 35.44324644], [134.18800713, 35.44306836], [134.18797905, 35.44299953], [134.18797827, 35.44295655], [134.18795893, 35.44290573], [134.18790619, 35.44284925], [134.18783835, 35.44280221], [134.18776354, 35.44277521], [134.18740609, 35.44270493], [134.18734688, 35.44267654], [134.1873207, 35.44264717], [134.18732293, 35.4426036], [134.18736564, 35.4425765], [134.18756292, 35.4425601], [134.18764273, 35.44251272], [134.1876571, 35.44247765], [134.18764728, 35.44242776], [134.18755076, 35.44232664], [134.18743858, 35.44226798], [134.18710081, 35.44216435], [134.18662631, 35.44186733], [134.18641116, 35.44176902], [134.18628262, 35.4417354], [134.18619529, 35.44169319], [134.18609487, 35.44167542], [134.18601161, 35.44168435], [134.18589948, 35.44171474], [134.18583725, 35.4417139], [134.18576836, 35.44167629], [134.18565093, 35.44157424], [134.18556613, 35.44154216], [134.18552049, 35.44154003], [134.18539253, 35.44156391], [134.18528172, 35.44155345], [134.18476167, 35.44129388], [134.18476155, 35.44479455], [134.18604735, 35.44479464], [134.18600365, 35.44475366]]]}}, {"type": "Feature", "properties": {"MESH2_C": "533411", "grid_code": "53341135", "grid_area": 1048817.2541308552, "grid_perimeter": 4117.995689468091, "area": 2193.898115246382, "perimeter": 184.20965242749944, "connect": 0.0711384395914398, "connect_rev": 0.00014880617946218141}, "geometry": {"type": "Polygon", "coordinates": [[[134.19090649, 35.44491141], [134.19093726, 35.44498754], [134.19101, 35.44506547], [134.19113512, 35.44513517], [134.19130132, 35.44519023], [134.19143778, 35.4452069], [134.19152816, 35.44518477], [134.19156068, 35.4451215], [134.1915211, 35.44479487], [134.19090032, 35.44479485], [134.19090649, 35.44491141]]]}}, {"type": "Feature", "properties": {"MESH2_C": "533411", "grid_code": "53341135", "grid_area": 1048817.2541308552, "grid_perimeter": 4117.995689468091, "area": 97125.14945931321, "perimeter": 1608.9750632189896, "connect": 0.0711384395914398, "connect_rev": 0.006587736376769098}, "geometry": {"type": "Polygon", "coordinates": [[[134.1871835, 35.44484024], [134.18720111, 35.44505079], [134.18724777, 35.44516522], [134.18730716, 35.445261], [134.18760951, 35.44562463], [134.1878509, 35.44583417], [134.18803248, 35.44603111], [134.18828672, 35.44648088], [134.18844231, 35.44667528], [134.18856679, 35.44680005], [134.18880166, 35.44699395], [134.18916356, 35.44717509], [134.18945275, 35.44723533], [134.18951804, 35.44723157], [134.18958363, 35.44721441], [134.18964879, 35.44722325], [134.18985242, 35.44723815], [134.18990615, 35.44726505], [134.19002555, 35.44736891], [134.19017282, 35.44746467], [134.1903782, 35.44755328], [134.19061653, 35.44758567], [134.19077898, 35.44758852], [134.19082519, 35.44760079], [134.19086994, 35.44762579], [134.19090882, 35.44759575], [134.19096726, 35.44756906], [134.19138744, 35.44747277], [134.19144741, 35.44748893], [134.19148178, 35.4475151], [134.19152642, 35.44759793], [134.19169464, 35.44772794], [134.19180992, 35.44781282], [134.19203734, 35.44786631], [134.19223341, 35.44793724], [134.19260583, 35.44814438], [134.192783, 35.44822318], [134.19293715, 35.44831897], [134.19308238, 35.44846468], [134.19328463, 35.44824544], [134.193305, 35.44813654], [134.19330384, 35.44791953], [134.19327997, 35.44784104], [134.19319702, 35.44772454], [134.19311317, 35.44763677], [134.1929626, 35.44751825], [134.19266841, 35.44774479], [134.19258525, 35.44778532], [134.19254418, 35.44778137], [134.19250751, 35.44775989], [134.19233202, 35.44758384], [134.19223259, 35.44745672], [134.19220538, 35.44740055], [134.19221418, 35.4473568], [134.19227785, 35.44727754], [134.19229712, 35.44721628], [134.19228678, 35.44716598], [134.19222501, 35.44706816], [134.19221071, 35.44701948], [134.19221984, 35.44698281], [134.19224692, 35.44694867], [134.19236885, 35.44686864], [134.19218814, 35.44659561], [134.19201646, 35.44642176], [134.19184987, 35.44630098], [134.19151562, 35.44616038], [134.19125391, 35.44598561], [134.19026406, 35.44501964], [134.18999377, 35.44482219], [134.18995127, 35.44479483], [134.18718299, 35.44479471], [134.1871835, 35.44484024]]]}}, {"type": "Feature", "properties": {"MESH2_C": "533411", "grid_code": "53341135", "grid_area": 1048817.2541308552, "grid_perimeter": 4117.995689468091, "area": 7678.9782999914605, "perimeter": 391.89320390466384, "connect": 0.0711384395914398, "connect_rev": 0.0005208443432508257}, "geometry": {"type": "Polygon", "coordinates": [[[134.18481079, 35.44900426], [134.18501721, 35.44891721], [134.18511008, 35.44889026], [134.18548466, 35.44886028], [134.18558148, 35.44883938], [134.18563897, 35.44880986], [134.18570889, 35.44872995], [134.18572667, 35.44866413], [134.18571732, 35.44859788], [134.18567843, 35.44850879], [134.18562907, 35.44843823], [134.18554149, 35.44835078], [134.18514811, 35.44804089], [134.18497285, 35.44780412], [134.18488297, 35.44773757], [134.18476145, 35.4476842], [134.1847614, 35.4490032], [134.18481079, 35.44900426]]]}}, {"type": "Feature", "properties": {"MESH2_C": "533411", "grid_code": "53341135", "grid_area": 1048817.2541308552, "grid_perimeter": 4117.995689468091, "area": 233370.4161358295, "perimeter": 2394.360227284499, "connect": 0.0711384395914398, "connect_rev": 0.015828884570044062}, "geometry": {"type": "Polygon", "coordinates": [[[134.1848874, 35.44543221], [134.18492698, 35.44552013], [134.18494172, 35.44561041], [134.18491053, 35.4457557], [134.18492084, 35.44584566], [134.18515211, 35.44624638], [134.18521521, 35.44630631], [134.18508793, 35.44653134], [134.18487042, 35.44672869], [134.18490896, 35.44699065], [134.1849893, 35.44717251], [134.18505529, 35.44725128], [134.18547456, 35.44762352], [134.18558439, 35.44774564], [134.18563637, 35.44782925], [134.18573779, 35.44805493], [134.18594576, 35.44836052], [134.18606399, 35.4485805], [134.18611566, 35.4486511], [134.18619258, 35.44872681], [134.18650462, 35.4488971], [134.18668881, 35.44898952], [134.18676598, 35.44904152], [134.18682358, 35.44913429], [134.18687467, 35.44933406], [134.1869128, 35.44960313], [134.18693316, 35.44965023], [134.18721878, 35.44985385], [134.18727726, 35.44989111], [134.18753726, 35.45000622], [134.18779896, 35.45012039], [134.18805364, 35.45022549], [134.18856861, 35.45044289], [134.18879825, 35.45056215], [134.18899048, 35.45067538], [134.18936552, 35.45092093], [134.18975752, 35.45108695], [134.18984545, 35.45108131], [134.18998276, 35.45107319], [134.19065021, 35.45092553], [134.19118141, 35.45085901], [134.1912219, 35.45084028], [134.19127115, 35.45079051], [134.19135388, 35.45064301], [134.19143143, 35.45055417], [134.19155351, 35.45047552], [134.19169344, 35.45041575], [134.19177969, 35.45039933], [134.19193133, 35.45040938], [134.19201053, 35.45040013], [134.19208331, 35.45037065], [134.19216639, 35.45030801], [134.19225905, 35.4501942], [134.1923512, 35.45002312], [134.19243764, 35.44974045], [134.19233662, 35.44973155], [134.19216947, 35.44967525], [134.19195473, 35.44955715], [134.19187169, 35.44942406], [134.19186381, 35.4493564], [134.19188124, 35.44930103], [134.19190463, 35.44926044], [134.19195034, 35.44921886], [134.19211896, 35.44912826], [134.19224447, 35.44904], [134.19233789, 35.44892337], [134.19230451, 35.44884243], [134.19220553, 35.44871611], [134.1921262, 35.44866505], [134.19158141, 35.4484854], [134.19138766, 35.4483815], [134.19129858, 35.44833018], [134.1912757, 35.44815333], [134.19123102, 35.44815373], [134.19114298, 35.44811322], [134.19100119, 35.44801202], [134.1908502, 35.44788634], [134.19074675, 35.44795353], [134.19069752, 35.44795037], [134.19061268, 35.44793874], [134.19037766, 35.4479707], [134.19018373, 35.44796047], [134.1900517, 35.44792359], [134.18991456, 35.44787173], [134.18965167, 35.44779921], [134.18913199, 35.44756836], [134.1889161, 35.44774228], [134.18869163, 35.44790277], [134.18860246, 35.44792353], [134.1885557, 35.44791233], [134.18850741, 35.44789306], [134.18848376, 35.44782368], [134.18847686, 35.44775425], [134.18849198, 35.44770022], [134.18852721, 35.44764912], [134.1885815, 35.44758974], [134.1887758, 35.44747702], [134.18884279, 35.44740921], [134.18875403, 35.44734703], [134.18856227, 35.44711914], [134.18833189, 35.44693227], [134.18828255, 35.44689461], [134.18823981, 35.44683772], [134.18807417, 35.44656117], [134.1880018, 35.44641244], [134.1879047, 35.44627189], [134.18785874, 35.44615741], [134.18762644, 35.44593284], [134.18719157, 35.44546731], [134.18706656, 35.44537583], [134.18694694, 35.44526309], [134.18659748, 35.44503475], [134.1864925, 35.44495924], [134.18629893, 35.44485238], [134.18605311, 35.44480004], [134.18604735, 35.44479464], [134.18476155, 35.44479455], [134.18476153, 35.44521969], [134.1848874, 35.44543221]]]}}, {"type": "Feature", "properties": {"MESH2_C": "533411", "grid_code": "53341135", "grid_area": 1048817.2541308552, "grid_perimeter": 4117.995689468091, "area": 3976.675099292479, "perimeter": 250.66850683162045, "connect": 0.0711384395914398, "connect_rev": 0.00026972712377832953}, "geometry": {"type": "Polygon", "coordinates": [[[134.19433218, 35.44760275], [134.19437544, 35.44758912], [134.19466278, 35.44744923], [134.19471656, 35.4474147], [134.19476498, 35.4473694], [134.19460374, 35.44711458], [134.19452071, 35.44686316], [134.19449455, 35.44680984], [134.19434174, 35.44690523], [134.19413744, 35.44699937], [134.19394368, 35.44712674], [134.19386995, 35.44716612], [134.19391388, 35.4472419], [134.19418501, 35.44754931], [134.19423135, 35.44758735], [134.19427287, 35.44760263], [134.19433218, 35.44760275]]]}}, {"type": "Feature", "properties": {"MESH2_C": "533411", "grid_code": "53341135", "grid_area": 1048817.2541308552, "grid_perimeter": 4117.995689468091, "area": 7400.275612000842, "perimeter": 334.9041707963907, "connect": 0.0711384395914398, "connect_rev": 0.0005019406932054967}, "geometry": {"type": "Polygon", "coordinates": [[[134.19547458, 35.44676456], [134.19560575, 35.44679446], [134.19567101, 35.44679106], [134.19571116, 35.44677569], [134.19574214, 35.44674934], [134.19581204, 35.44663042], [134.19600262, 35.44652192], [134.19606892, 35.44647398], [134.19602907, 35.44639717], [134.19587157, 35.44620191], [134.19550788, 35.44580607], [134.19537042, 35.44588995], [134.19510121, 35.44595179], [134.1949676, 35.44600761], [134.1948964, 35.44604988], [134.19475823, 35.4461926], [134.19490509, 35.44635465], [134.19521931, 35.44662913], [134.19532524, 35.44670064], [134.19547458, 35.44676456]]]}}, {"type": "Feature", "properties": {"MESH2_C": "533411", "grid_code": "53341145", "grid_area": 1048710.5625297353, "grid_perimeter": 4117.764273214641, "area": 61967.10574368865, "perimeter": 1933.7531847449604, "connect": 0.3565954821514782, "connect_rev": 0.021070818526799893}, "geometry": {"type": "Polygon", "coordinates": [[[134.19173109, 35.4531992], [134.1919098, 35.45329928], [134.19205264, 35.45340173], [134.19221593, 35.45355767], [134.19248119, 35.45369695], [134.19261152, 35.4537894], [134.19270829, 35.45386741], [134.19282586, 35.45398629], [134.19310633, 35.45420934], [134.19347757, 35.45445505], [134.19355291, 35.4545316], [134.19364263, 35.45466446], [134.19366931, 35.45490113], [134.19369523, 35.45498545], [134.19380117, 35.45520876], [134.19423733, 35.45598507], [134.19430409, 35.45606642], [134.19444178, 35.45615036], [134.19477678, 35.45628274], [134.1948601, 35.45625525], [134.19544648, 35.45584687], [134.19551223, 35.45579519], [134.19532491, 35.4557025], [134.19526522, 35.45563755], [134.19523374, 35.45557288], [134.19464998, 35.45572306], [134.19454137, 35.45576236], [134.1943937, 35.45567615], [134.19432949, 35.45560187], [134.19429867, 35.45549396], [134.19427177, 35.45526838], [134.19428313, 35.45515439], [134.19450157, 35.45508146], [134.19484508, 35.45501101], [134.19490346, 35.45498071], [134.19503318, 35.45486643], [134.19524151, 35.45501364], [134.19531247, 35.455048], [134.19539191, 35.45506747], [134.19551003, 35.45506582], [134.19560901, 35.4550497], [134.19573681, 35.45502044], [134.19581788, 35.45498103], [134.19592498, 35.45483881], [134.19594894, 35.45476573], [134.19589772, 35.45457985], [134.195858, 35.45424674], [134.19581322, 35.45408683], [134.19577273, 35.45404867], [134.19570201, 35.45402228], [134.19541365, 35.45402123], [134.19477713, 35.45405506], [134.19456533, 35.45405465], [134.19453477, 35.45393161], [134.19454342, 35.45386969], [134.1945618, 35.45381775], [134.19478806, 35.45378433], [134.19510614, 35.45375087], [134.19557356, 35.45365935], [134.19561396, 35.45364003], [134.19565061, 35.45360106], [134.19566148, 35.4535522], [134.19565023, 35.45343757], [134.19567801, 35.45339379], [134.19571654, 35.45337671], [134.19634019, 35.45337404], [134.19641965, 35.45335666], [134.19656158, 35.45328755], [134.19667762, 35.45327072], [134.19691348, 35.45326928], [134.19697125, 35.45324159], [134.19697909, 35.45318756], [134.19695596, 35.45312722], [134.1929415, 35.45312725], [134.19298046, 35.45322634], [134.19298309, 35.45327874], [134.19296168, 35.45332486], [134.19290465, 35.45335467], [134.19282618, 35.45335995], [134.19274279, 35.45334861], [134.1926051, 35.45331216], [134.19251671, 35.45327428], [134.19245667, 35.45322775], [134.19240724, 35.45315611], [134.19239821, 35.45312725], [134.19155228, 35.45312724], [134.19173109, 35.4531992]]]}}, {"type": "Feature", "properties": {"MESH2_C": "533411", "grid_code": "53341135", "grid_area": 1048817.2541308552, "grid_perimeter": 4117.995689468091, "area": 45077.08510047622, "perimeter": 1206.8132766419997, "connect": 0.0711384395914398, "connect_rev": 0.003057456847461755}, "geometry": {"type": "Polygon", "coordinates": [[[134.19686491, 35.45288959], [134.19673982, 35.45259956], [134.19657841, 35.45229274], [134.19636197, 35.45198885], [134.19627762, 35.45192028], [134.19617016, 35.45187034], [134.19586002, 35.45201631], [134.19579796, 35.45206194], [134.19570179, 35.45218876], [134.1956132, 35.4522154], [134.19553232, 35.45219873], [134.19532766, 35.45211362], [134.1952028, 35.45194397], [134.19514056, 35.45190029], [134.19508035, 35.45187514], [134.19502854, 35.45196152], [134.19500622, 35.45208506], [134.19502176, 35.45219648], [134.19508623, 35.45236464], [134.19508299, 35.45244402], [134.19505347, 35.4524928], [134.19500271, 35.45252981], [134.1949422, 35.4525491], [134.19486308, 35.45254488], [134.19472353, 35.4525014], [134.1946536, 35.45246506], [134.19448819, 35.45233873], [134.19406856, 35.45208631], [134.19394437, 35.45199103], [134.19392789, 35.45194469], [134.19395854, 35.45187062], [134.19425551, 35.45154681], [134.1942493, 35.45141003], [134.19354877, 35.45152145], [134.19338363, 35.4515523], [134.19325527, 35.45159062], [134.19303883, 35.4516915], [134.19297998, 35.45173563], [134.19285199, 35.45194022], [134.1927505, 35.45218804], [134.19284954, 35.45244297], [134.19289141, 35.45256566], [134.19289791, 35.45266334], [134.19286743, 35.45283068], [134.19286938, 35.4529535], [134.19289686, 35.4530137], [134.1929415, 35.45312725], [134.19695596, 35.45312722], [134.19686491, 35.45288959]]]}}, {"type": "Feature", "properties": {"MESH2_C": "533411", "grid_code": "53341135", "grid_area": 1048817.2541308552, "grid_perimeter": 4117.995689468091, "area": 11760.926971944631, "perimeter": 423.8412326396423, "connect": 0.0711384395914398, "connect_rev": 0.0007977118889280147}, "geometry": {"type": "Polygon", "coordinates": [[[134.19203048, 35.45195393], [134.19135921, 35.45215157], [134.19128633, 35.45218459], [134.19122421, 35.45223451], [134.19116647, 35.45232233], [134.19113249, 35.45247106], [134.19117635, 35.45280245], [134.19124156, 35.45290968], [134.19140015, 35.4530551], [134.19148086, 35.45309849], [134.19155228, 35.45312724], [134.19239821, 35.45312725], [134.19238218, 35.45307601], [134.1923617, 35.45297906], [134.19227286, 35.45277789], [134.19225082, 35.45265456], [134.19226865, 35.45250255], [134.19231066, 35.45234207], [134.19238512, 35.45218174], [134.19231294, 35.45214429], [134.19223051, 35.45204639], [134.19216318, 35.45198995], [134.19210561, 35.45196365], [134.19203048, 35.45195393]]]}}, {"type": "Feature", "properties": {"MESH2_C": "533411", "grid_code": "53341135", "grid_area": 1048817.2541308552, "grid_perimeter": 4117.995689468091, "area": 108503.1219501464, "perimeter": 1378.914118189967, "connect": 0.0711384395914398, "connect_rev": 0.007359473498297435}, "geometry": {"type": "Polygon", "coordinates": [[[134.18846665, 35.45303376], [134.18853778, 35.45295559], [134.18855829, 35.45289397], [134.18843502, 35.45176914], [134.1884087, 35.45170788], [134.18837977, 35.45167915], [134.18832031, 35.45165565], [134.18826626, 35.45164839], [134.18828709, 35.45159275], [134.18830627, 35.45141612], [134.18810329, 35.45138453], [134.18800635, 35.45135686], [134.18777233, 35.45119136], [134.18752077, 35.45090958], [134.18739778, 35.45083436], [134.18728319, 35.45080539], [134.18719133, 35.45076435], [134.18687498, 35.45059343], [134.18682327, 35.45054737], [134.1867706, 35.45049587], [134.18651976, 35.45004339], [134.18646862, 35.4496978], [134.18644916, 35.44965398], [134.18624217, 35.44949388], [134.18591203, 35.44930703], [134.1858173, 35.44928246], [134.18570217, 35.44927256], [134.18540223, 35.44933085], [134.18526678, 35.44937786], [134.18480588, 35.44951553], [134.18476139, 35.44953823], [134.18476126, 35.45312692], [134.18831485, 35.45312714], [134.18846665, 35.45303376]]]}}, {"type": "Feature", "properties": {"MESH2_C": "533411", "grid_code": "53341145", "grid_area": 1048710.5625297353, "grid_perimeter": 4117.764273214641, "area": 622819.9715788711, "perimeter": 7162.4185927985545, "connect": 0.3565954821514782, "connect_rev": 0.21177891783886765}, "geometry": {"type": "Polygon", "coordinates": [[[134.19341907, 35.4611908], [134.19343908, 35.46112529], [134.19347075, 35.46110086], [134.19351068, 35.46109625], [134.19356789, 35.46111802], [134.19360737, 35.46114829], [134.19379344, 35.46135001], [134.19387308, 35.46145963], [134.19487395, 35.46145962], [134.19490324, 35.4614073], [134.19429296, 35.46119807], [134.19422918, 35.46114004], [134.19422877, 35.46106438], [134.19426748, 35.4610016], [134.19457269, 35.46074095], [134.19469009, 35.46062166], [134.19480374, 35.46047203], [134.19502831, 35.46023833], [134.19517563, 35.46008579], [134.19525223, 35.45992258], [134.19528749, 35.45989779], [134.19534841, 35.45988555], [134.19539719, 35.45989566], [134.19544097, 35.45992345], [134.19598465, 35.46019608], [134.19603978, 35.4602468], [134.19615543, 35.46041331], [134.1962354, 35.46048064], [134.19632543, 35.46051534], [134.19653279, 35.46056124], [134.19665252, 35.46058074], [134.19689076, 35.46029989], [134.19694951, 35.46018996], [134.19697769, 35.46003983], [134.19695689, 35.45978537], [134.19697854, 35.45967578], [134.19702401, 35.4596216], [134.19722726, 35.45946702], [134.19725993, 35.45942626], [134.19725995, 35.45884001], [134.19676625, 35.45842536], [134.19667323, 35.45837067], [134.19656562, 35.4583679], [134.19608355, 35.45846234], [134.1958728, 35.45846417], [134.19556646, 35.45844066], [134.19548723, 35.45842282], [134.1952963, 35.45834732], [134.19517284, 35.4582782], [134.19480758, 35.45812932], [134.19455598, 35.45803261], [134.1944278, 35.45801498], [134.19429873, 35.45802579], [134.19415827, 35.45806504], [134.19408847, 35.45810223], [134.19400567, 35.45818825], [134.19394911, 35.45828578], [134.19393175, 35.45835048], [134.19393752, 35.45861875], [134.19394735, 35.45867589], [134.19398198, 35.45875399], [134.193976, 35.45878977], [134.19393016, 35.4588293], [134.1938032, 35.45888142], [134.19373401, 35.4588911], [134.19368873, 35.45888191], [134.19365406, 35.45883442], [134.19363845, 35.45867405], [134.19367632, 35.45836926], [134.1937495, 35.45813485], [134.19368322, 35.45776785], [134.19365329, 35.45769041], [134.1936043, 35.45763683], [134.19352518, 35.45758975], [134.1933758, 35.45753563], [134.19316906, 35.45784529], [134.19308234, 35.4579008], [134.19294253, 35.45794157], [134.1928659, 35.45794178], [134.19280565, 35.45792456], [134.19233897, 35.45771573], [134.19243211, 35.45765009], [134.19259848, 35.45747692], [134.19279779, 35.45733838], [134.19240281, 35.45717152], [134.1923246, 35.45723652], [134.19195511, 35.45734187], [134.19168896, 35.45743678], [134.19155102, 35.45752009], [134.19113404, 35.4576916], [134.19109844, 35.45771709], [134.19108332, 35.45774577], [134.19110282, 35.45778284], [134.19128965, 35.45784269], [134.19134815, 35.45790223], [134.19135705, 35.45796328], [134.19131085, 35.45821855], [134.19132308, 35.45826725], [134.19136283, 35.45830492], [134.19140333, 35.45832636], [134.19148709, 35.45834348], [134.19157282, 35.4583497], [134.1916558, 35.4583394], [134.19209168, 35.4581507], [134.19220217, 35.45812165], [134.19235026, 35.45814089], [134.19268626, 35.45825183], [134.19284609, 35.45833321], [134.19295533, 35.45841885], [134.19303377, 35.4585343], [134.19302395, 35.45860107], [134.19298071, 35.45862934], [134.19290074, 35.45863409], [134.1926536, 35.45856587], [134.1924756, 35.45853092], [134.19236036, 35.45852079], [134.19229259, 35.45854291], [134.19224159, 35.45860736], [134.1922112, 35.45871576], [134.19222267, 35.4589106], [134.19220375, 35.45915083], [134.19217976, 35.45924482], [134.19213084, 35.45931325], [134.1920707, 35.45935855], [134.19198137, 35.459396], [134.19182469, 35.45943976], [134.19176012, 35.45947912], [134.19173821, 35.45951218], [134.19173363, 35.45956446], [134.19178577, 35.45968201], [134.19189583, 35.45993117], [134.19189423, 35.4599635], [134.1918687, 35.45998644], [134.19184532, 35.45999044], [134.19180684, 35.45998157], [134.19168762, 35.45991778], [134.19139342, 35.4597914], [134.19123829, 35.4597405], [134.19112276, 35.45970561], [134.19073743, 35.45952665], [134.19063855, 35.45950159], [134.19052438, 35.45949113], [134.1904466, 35.45946677], [134.19034786, 35.45939626], [134.1901391, 35.45917751], [134.18994621, 35.45891032], [134.18978927, 35.45874638], [134.18975929, 35.45869873], [134.18973989, 35.45860441], [134.18975574, 35.4584342], [134.18978481, 35.45837183], [134.18988821, 35.45823308], [134.18992136, 35.4581048], [134.18988975, 35.45802399], [134.18975011, 35.45786843], [134.18973066, 35.45781731], [134.18973324, 35.45777326], [134.18973355, 35.4576699], [134.18976499, 35.45749183], [134.18966826, 35.4572582], [134.18958642, 35.45716102], [134.18955708, 35.45709589], [134.1895468, 35.45702446], [134.18954754, 35.45677656], [134.18955783, 35.45673606], [134.1895909, 35.45669497], [134.18967453, 35.45665632], [134.19005116, 35.45655915], [134.19033781, 35.45642538], [134.19045257, 35.45640859], [134.19071948, 35.45642018], [134.19091099, 35.45650229], [134.19104102, 35.45652665], [134.19137519, 35.45648968], [134.19151091, 35.45649095], [134.19173013, 35.45645981], [134.19205307, 35.45646142], [134.19242548, 35.45647086], [134.19240297, 35.45629029], [134.19236362, 35.45621799], [134.19226625, 35.4561425], [134.1920176, 35.45599622], [134.1918941, 35.45587707], [134.19186832, 35.4557995], [134.19190163, 35.45567911], [134.19197291, 35.4555243], [134.19176571, 35.45543605], [134.19158032, 35.45529069], [134.1915067, 35.45519997], [134.19147661, 35.45512366], [134.19145509, 35.45500138], [134.19136441, 35.4547438], [134.19133386, 35.45468219], [134.19123073, 35.45453972], [134.1911642, 35.45458257], [134.19108751, 35.45461579], [134.19103793, 35.45462443], [134.19097582, 35.45461391], [134.19088309, 35.45455807], [134.19072777, 35.4543811], [134.19059872, 35.45428483], [134.19049628, 35.45424235], [134.19024663, 35.45420858], [134.19019644, 35.45417627], [134.19017157, 35.45413734], [134.19012121, 35.45406373], [134.19004628, 35.45399088], [134.18986043, 35.45387887], [134.18968982, 35.45368852], [134.18955886, 35.45349861], [134.18953659, 35.45343656], [134.18954018, 35.453314], [134.18952408, 35.45327618], [134.18948191, 35.45323506], [134.18938479, 35.45318316], [134.18923948, 35.45314954], [134.18909047, 35.45314733], [134.18895838, 35.45317401], [134.18879418, 35.45320712], [134.18858275, 35.45323771], [134.18852733, 35.45327811], [134.18850441, 35.45335917], [134.18848377, 35.45338688], [134.18842606, 35.45341145], [134.18822203, 35.4534559], [134.18811866, 35.4534512], [134.18804405, 35.45342223], [134.18800228, 35.45336801], [134.18801177, 35.45330469], [134.18805373, 35.4532662], [134.18821378, 35.45318931], [134.18831485, 35.45312714], [134.18476126, 35.45312692], [134.18476114, 35.45679853], [134.185214, 35.45689342], [134.18532114, 35.45692688], [134.18538719, 35.45697422], [134.18536853, 35.45707313], [134.18539156, 35.45720722], [134.18525853, 35.45718231], [134.18501674, 35.45710299], [134.18476113, 35.45704257], [134.18476108, 35.45848127], [134.18484179, 35.45863374], [134.18489363, 35.45877685], [134.18487481, 35.45885546], [134.18478553, 35.45902838], [134.18476106, 35.45906743], [134.18476098, 35.46145929], [134.19259978, 35.46145962], [134.19251366, 35.46141396], [134.19227015, 35.46136502], [134.19218384, 35.46132401], [134.1921904, 35.46126965], [134.1922324, 35.46120927], [134.19229939, 35.4611611], [134.19236046, 35.46113973], [134.19273143, 35.46116425], [134.19285846, 35.46118862], [134.19308307, 35.461211], [134.19314105, 35.46123382], [134.19318644, 35.46126853], [134.19320785, 35.46130201], [134.19325151, 35.46145963], [134.19346265, 35.46145963], [134.19341907, 35.4611908]], [[134.1882139, 35.4612685], [134.18810664, 35.46126995], [134.18797587, 35.46124827], [134.18761676, 35.46111873], [134.18742635, 35.46104412], [134.18732783, 35.46101868], [134.18695967, 35.4610146], [134.18658986, 35.46101335], [134.18605899, 35.46100815], [134.18590641, 35.46098962], [134.18584435, 35.46094208], [134.18583236, 35.46089109], [134.18584788, 35.46079607], [134.18587464, 35.46075251], [134.18592092, 35.46072028], [134.18599851, 35.46070568], [134.18623868, 35.46071997], [134.18638979, 35.46072027], [134.18658043, 35.46073904], [134.186689, 35.46071115], [134.18677126, 35.46064516], [134.18681879, 35.46054611], [134.18677564, 35.46021685], [134.18675253, 35.46013803], [134.1867048, 35.46005295], [134.18664291, 35.45998688], [134.18648901, 35.45987349], [134.18638298, 35.45976394], [134.18632455, 35.45968868], [134.18625288, 35.45956035], [134.18620098, 35.45948563], [134.1861382, 35.45929697], [134.18614011, 35.45922504], [134.18615352, 35.45915583], [134.18626471, 35.45908893], [134.18648613, 35.45899342], [134.18668329, 35.45895687], [134.18684677, 35.45889695], [134.18694361, 35.45887953], [134.1873022, 35.45884957], [134.18736474, 35.45886295], [134.18740934, 35.4588938], [134.18744077, 35.45894052], [134.18747381, 35.45903306], [134.18746113, 35.45908081], [134.18743135, 35.4591071], [134.18736781, 35.45912605], [134.18695387, 35.4591459], [134.18664477, 35.45923769], [134.18660082, 35.45927257], [134.18657424, 35.45933625], [134.18658325, 35.45942178], [134.18662488, 35.45952343], [134.18672421, 35.4596775], [134.18688354, 35.45986917], [134.18692568, 35.4599415], [134.1870245, 35.46026824], [134.18711509, 35.46049706], [134.18717115, 35.46058062], [134.18724099, 35.4606385], [134.18746965, 35.46078912], [134.18760218, 35.46084245], [134.18785614, 35.46087245], [134.18810865, 35.46092258], [134.18862462, 35.46096226], [134.18870258, 35.46098251], [134.1887745, 35.46101847], [134.18885188, 35.46109168], [134.18887706, 35.46117858], [134.18882796, 35.46130822], [134.1887276, 35.461436], [134.1886833, 35.46143314], [134.18855839, 35.46137534], [134.18835185, 35.46128296], [134.1882139, 35.4612685]]]}}, {"type": "Feature", "properties": {"MESH2_C": "533411", "grid_code": "53341145", "grid_area": 1048710.5625297353, "grid_perimeter": 4117.764273214641, "area": 20901.59952969433, "perimeter": 832.560267520518, "connect": 0.3565954821514782, "connect_rev": 0.0071072193113503835}, "geometry": {"type": "Polygon", "coordinates": [[[134.19646628, 35.45700199], [134.19660615, 35.45718872], [134.19675794, 35.45751388], [134.1967949, 35.457648], [134.19726, 35.45756281], [134.19726001, 35.45717626], [134.19725598, 35.45715883], [134.19716803, 35.45684017], [134.19699573, 35.45630603], [134.19682941, 35.45604192], [134.19675516, 35.45597326], [134.19614427, 35.45581829], [134.19595186, 35.45577163], [134.19593464, 35.45582768], [134.19593155, 35.45589597], [134.19599903, 35.45616622], [134.19600012, 35.45625892], [134.19597531, 35.45635298], [134.19593742, 35.45642776], [134.19585031, 35.4565115], [134.19573973, 35.45657565], [134.1955006, 35.45666682], [134.19543308, 35.45674146], [134.19540951, 35.4568084], [134.19541162, 35.45688766], [134.19544266, 35.45703886], [134.1954929, 35.45715321], [134.19549601, 35.4574092], [134.19545823, 35.45749601], [134.19526813, 35.45768645], [134.19533088, 35.45773479], [134.19540447, 35.45776658], [134.19557687, 35.45778615], [134.19571285, 35.45776853], [134.19596435, 35.45768759], [134.19593034, 35.45763749], [134.1959069, 35.4575723], [134.19585135, 35.45728469], [134.19585252, 35.45714936], [134.1959039, 35.45703564], [134.19596122, 35.45696806], [134.19604224, 35.45692057], [134.1961365, 35.4569021], [134.19626797, 35.45690748], [134.19634838, 35.45692524], [134.19640711, 35.45695225], [134.19646628, 35.45700199]]]}}, {"type": "Feature", "properties": {"MESH2_C": "533411", "grid_code": "53341146", "grid_area": 1048709.8528858311, "grid_perimeter": 4117.762879999074, "area": 154.5295080806427, "perimeter": 89.81055739148722, "connect": 1.2888331484559644e-07, "connect_rev": 1.899121590980305e-11}, "geometry": {"type": "Polygon", "coordinates": [[[134.19726517, 35.45756186], [134.19731563, 35.45753908], [134.19733469, 35.45749952], [134.19726001, 35.45717626], [134.19726, 35.45756281], [134.19726517, 35.45756186]]]}}, {"type": "Feature", "properties": {"MESH2_C": "533411", "grid_code": "53341146", "grid_area": 1048709.8528858311, "grid_perimeter": 4117.762879999074, "area": 343.31547526462236, "perimeter": 133.98240153834578, "connect": 1.2888331484559644e-07, "connect_rev": 4.2192448529148093e-11}, "geometry": {"type": "Polygon", "coordinates": [[[134.19728175, 35.45939904], [134.19730621, 35.4592917], [134.19735089, 35.45897374], [134.19734922, 35.45893577], [134.19732091, 35.45889121], [134.19725995, 35.45884001], [134.19725993, 35.45942626], [134.19728175, 35.45939904]]]}}, {"type": "Feature", "properties": {"MESH2_C": "533411", "grid_code": "53341147", "grid_area": 1048709.2097652443, "grid_perimeter": 4117.761617384369, "area": 486.88520900459116, "perimeter": 154.50582310840446, "connect": 9.802624301658712e-05, "connect_rev": 4.55107358404431e-08}, "geometry": {"type": "Polygon", "coordinates": [[[134.21280507, 35.4531934], [134.21293489, 35.45319479], [134.2131803, 35.4532198], [134.21359908, 35.45312986], [134.21359902, 35.45312772], [134.21279115, 35.45312768], [134.21280507, 35.4531934]]]}}, {"type": "Feature", "properties": {"MESH2_C": "533411", "grid_code": "53341137", "grid_area": 1048815.900946483, "grid_perimeter": 4117.993032934203, "area": 13549.23373212808, "perimeter": 831.4646104024885, "connect": 0.1548445421373951, "connect_rev": 0.0020003747956820646}, "geometry": {"type": "Polygon", "coordinates": [[[134.21287751, 35.45221926], [134.21285524, 35.45215436], [134.21286045, 35.45207088], [134.21293128, 35.45184857], [134.21296473, 35.45178676], [134.21305517, 35.45171986], [134.21320029, 35.45168605], [134.21324506, 35.45166716], [134.21326458, 35.45163451], [134.21325624, 35.45156516], [134.21322762, 35.45153194], [134.21319002, 35.45151076], [134.21272575, 35.45150439], [134.21264443, 35.45148284], [134.21258814, 35.45143414], [134.21257623, 35.45139696], [134.21259639, 35.45134773], [134.21264489, 35.45130954], [134.21278607, 35.4512388], [134.21283613, 35.45115706], [134.21283563, 35.45114609], [134.21282465, 35.45090562], [134.2127722, 35.45068471], [134.2126909, 35.45067791], [134.21256197, 35.45064941], [134.21222393, 35.45060864], [134.21213896, 35.45061214], [134.21204882, 35.45060619], [134.2121842, 35.45085091], [134.21221314, 35.45092791], [134.21231779, 35.45134066], [134.21245597, 35.45187359], [134.21257262, 35.45227452], [134.21262611, 35.45241557], [134.21269652, 35.45268092], [134.21279115, 35.45312768], [134.21359902, 35.45312772], [134.21359706, 35.45305459], [134.21362124, 35.45279584], [134.21345246, 35.45282343], [134.21319916, 35.45279821], [134.2131363, 35.45278015], [134.21309886, 35.45275632], [134.21307759, 35.4527097], [134.21305403, 35.45239668], [134.21303159, 35.4523546], [134.21293651, 35.45228915], [134.21287751, 35.45221926]]]}}, {"type": "Feature", "properties": {"MESH2_C": "533411", "grid_code": "53341147", "grid_area": 1048709.2097652443, "grid_perimeter": 4117.761617384369, "area": 9690.343006896437, "perimeter": 632.8623284930811, "connect": 9.802624301658712e-05, "connect_rev": 9.057877147095472e-07}, "geometry": {"type": "Polygon", "coordinates": [[[134.21113162, 35.45893462], [134.21105838, 35.45899393], [134.21100469, 35.45906151], [134.21093245, 35.45924005], [134.21087513, 35.45959764], [134.21085199, 35.45991276], [134.21083954, 35.46004945], [134.21075759, 35.46052944], [134.21073382, 35.46069943], [134.21072924, 35.46088507], [134.21071766, 35.46102226], [134.21073086, 35.46119774], [134.21071637, 35.46145993], [134.21128567, 35.46145997], [134.21115058, 35.46095277], [134.21105094, 35.46072623], [134.21107432, 35.46064949], [134.21110566, 35.46055845], [134.21119044, 35.46015168], [134.21120479, 35.46002511], [134.21119021, 35.45983371], [134.2112018, 35.45971479], [134.21129325, 35.45948487], [134.21135197, 35.45919474], [134.2113496, 35.45912699], [134.21132384, 35.45907678], [134.21126741, 35.45902324], [134.21113162, 35.45893462]]]}}, {"type": "Feature", "properties": {"MESH2_C": "533411", "grid_code": "53341148", "grid_area": 1048708.6331749, "grid_perimeter": 4117.760485385845, "area": 196784.82094303315, "perimeter": 2348.939362643775, "connect": 0.03531212570692338, "connect_rev": 0.006626140106539853}, "geometry": {"type": "Polygon", "coordinates": [[[134.22293161, 35.45312835], [134.22266206, 35.45325951], [134.22225789, 35.4535112], [134.22225786, 35.45453407], [134.22233672, 35.4545381], [134.22245841, 35.45453066], [134.22266143, 35.45448149], [134.22275955, 35.45442302], [134.22292337, 35.4543462], [134.22303313, 35.4543329], [134.22313829, 35.45437462], [134.22329122, 35.45449502], [134.22322024, 35.45453233], [134.22311081, 35.45464186], [134.22300743, 35.45472444], [134.22307707, 35.4548024], [134.22328786, 35.45497201], [134.22349486, 35.45509047], [134.22379452, 35.455272], [134.22388911, 35.45533819], [134.22415917, 35.45552899], [134.22436355, 35.45568505], [134.22439722, 35.45572494], [134.22439675, 35.45576875], [134.22430569, 35.45583884], [134.2243012, 35.45586842], [134.22458872, 35.45618756], [134.2246624, 35.45620792], [134.22489734, 35.4562058], [134.2253585, 35.45619729], [134.22552517, 35.45617506], [134.22561319, 35.45616225], [134.22564655, 35.45621907], [134.22572658, 35.4564305], [134.22574266, 35.45667235], [134.22645943, 35.45661935], [134.22680657, 35.4566068], [134.22680117, 35.45653237], [134.22682175, 35.45645243], [134.22693328, 35.45628684], [134.22698537, 35.45623491], [134.22703703, 35.45620357], [134.22712928, 35.45617374], [134.22733504, 35.45613522], [134.22746521, 35.45612984], [134.22751704, 35.45610812], [134.2275473, 35.45606178], [134.2275552, 35.45600616], [134.22750674, 35.45580617], [134.22750583, 35.45575348], [134.22754345, 35.45569906], [134.22764131, 35.45564329], [134.22777819, 35.45558102], [134.22784207, 35.45556773], [134.2278903, 35.45557226], [134.22798111, 35.45565313], [134.22803163, 35.4556778], [134.22830124, 35.45569593], [134.22863163, 35.45569261], [134.22887363, 35.45565079], [134.22894516, 35.45561909], [134.22899242, 35.45557796], [134.22904337, 35.455492], [134.22908541, 35.45521909], [134.22906916, 35.45503864], [134.22900319, 35.45488537], [134.22889326, 35.45479392], [134.22870428, 35.45466372], [134.22866662, 35.45461944], [134.22866111, 35.45457392], [134.22868163, 35.45454188], [134.22873884, 35.45450696], [134.22879156, 35.4544891], [134.228843, 35.45447528], [134.22889475, 35.45444384], [134.22892253, 35.45439606], [134.22893003, 35.45434024], [134.2289025, 35.45424492], [134.22876177, 35.45405496], [134.22875038, 35.45399535], [134.22876468, 35.45397898], [134.22881651, 35.45396585], [134.22887945, 35.45397585], [134.22898769, 35.45401946], [134.22938678, 35.4542234], [134.22946209, 35.45429872], [134.22963813, 35.45457937], [134.22967414, 35.45461527], [134.22972755, 35.45463352], [134.23006852, 35.45463678], [134.23024142, 35.45462461], [134.23027828, 35.45460726], [134.23030795, 35.45456871], [134.23029671, 35.45445097], [134.23079958, 35.45416009], [134.23078602, 35.45404349], [134.23076633, 35.45385989], [134.23066694, 35.45360466], [134.23049319, 35.4533314], [134.2304198, 35.45323996], [134.23029088, 35.45312811], [134.2229324, 35.45312782], [134.22293161, 35.45312835]]]}}, {"type": "Feature", "properties": {"MESH2_C": "533411", "grid_code": "53341147", "grid_area": 1048709.2097652443, "grid_perimeter": 4117.761617384369, "area": 3697.103688960735, "perimeter": 273.14631937800726, "connect": 9.802624301658712e-05, "connect_rev": 3.455802440723417e-07}, "geometry": {"type": "Polygon", "coordinates": [[[134.22223122, 35.45352781], [134.22202534, 35.45369502], [134.22179962, 35.45386648], [134.22174126, 35.45391627], [134.22170795, 35.45397891], [134.2217033, 35.45404631], [134.22175815, 35.45426062], [134.22181799, 35.45431896], [134.22200599, 35.45441431], [134.22214499, 35.45449926], [134.22223664, 35.45453299], [134.22225786, 35.45453407], [134.22225789, 35.4535112], [134.22223122, 35.45352781]]]}}, {"type": "Feature", "properties": {"MESH2_C": "533411", "grid_code": "53341137", "grid_area": 1048815.900946483, "grid_perimeter": 4117.993032934203, "area": 412356.48056683445, "perimeter": 4156.403438008484, "connect": 0.1548445421373951, "connect_rev": 0.06087927382979028}, "geometry": {"type": "Polygon", "coordinates": [[[134.21487837, 35.44573417], [134.21501222, 35.44606495], [134.2151339, 35.44647375], [134.21531128, 35.44701361], [134.21541628, 35.44747682], [134.21551721, 35.4477463], [134.21561446, 35.44806098], [134.21577156, 35.44854129], [134.21581295, 35.44871463], [134.21582843, 35.44881022], [134.21582578, 35.44904185], [134.21580123, 35.44938093], [134.21575878, 35.44952542], [134.21576086, 35.44960355], [134.21593259, 35.45005179], [134.21621041, 35.45051252], [134.21630413, 35.45061304], [134.21638643, 35.4505585], [134.21664013, 35.45043083], [134.21674706, 35.45039415], [134.21681226, 35.45039598], [134.21687223, 35.45041889], [134.21704024, 35.45057753], [134.21711071, 35.45061372], [134.21717655, 35.45062731], [134.21727489, 35.45061515], [134.21754625, 35.45047862], [134.21760723, 35.45045968], [134.21765322, 35.45045976], [134.21769813, 35.45047449], [134.21776525, 35.45052145], [134.21785246, 35.45059724], [134.21787496, 35.45064189], [134.21784259, 35.45071116], [134.21770585, 35.45080387], [134.2177993, 35.450867], [134.21817077, 35.45111637], [134.21851025, 35.45131448], [134.21858718, 35.45133734], [134.21876083, 35.45135155], [134.21921711, 35.4513913], [134.21944239, 35.45144107], [134.21957595, 35.45146853], [134.21997182, 35.45161564], [134.22021336, 35.45164801], [134.22079809, 35.45162672], [134.22081636, 35.45168326], [134.22085384, 35.4517421], [134.2210209, 35.45191426], [134.22113087, 35.45200104], [134.22101576, 35.45200526], [134.22082796, 35.45203604], [134.22075831, 35.45207129], [134.22072613, 35.45211724], [134.22069085, 35.45226942], [134.22066873, 35.45242205], [134.22075486, 35.45243467], [134.22098456, 35.45245603], [134.22104654, 35.45247185], [134.22113535, 35.45255515], [134.22123801, 35.45249936], [134.22129981, 35.45243404], [134.22135407, 35.45226089], [134.22141898, 35.45211772], [134.2216125, 35.45212278], [134.22168183, 35.4520921], [134.22172333, 35.45203583], [134.22174098, 35.45193723], [134.2217067, 35.45170532], [134.22164034, 35.45152622], [134.22136874, 35.45155143], [134.22119221, 35.45157093], [134.22110731, 35.45090501], [134.2210773, 35.45082697], [134.22104112, 35.45077346], [134.22100088, 35.45069773], [134.22099094, 35.45066065], [134.22101787, 35.45049519], [134.22106784, 35.45030453], [134.2210655, 35.45020397], [134.22104011, 35.45014001], [134.22095355, 35.45002395], [134.22078885, 35.44969881], [134.22077664, 35.44964698], [134.22080775, 35.44959782], [134.22088137, 35.44957306], [134.22105841, 35.44956787], [134.2212269, 35.44959664], [134.22128624, 35.44975071], [134.22143672, 35.45034146], [134.22147486, 35.4505249], [134.22150501, 35.45066197], [134.22170571, 35.45117854], [134.22188425, 35.45144299], [134.22225796, 35.45141232], [134.22225819, 35.4447954], [134.22138018, 35.44479542], [134.22147029, 35.44488336], [134.22176858, 35.44509872], [134.2218564, 35.44518573], [134.22194158, 35.44530196], [134.22214914, 35.44565206], [134.22194808, 35.4457102], [134.22181532, 35.44575035], [134.22169657, 35.44577622], [134.22159303, 35.44578719], [134.22150939, 35.44578423], [134.22143225, 35.4457613], [134.22136141, 35.44572188], [134.22127742, 35.44565096], [134.22122906, 35.44558885], [134.22102553, 35.44536739], [134.22086016, 35.44527493], [134.22084987, 35.44526918], [134.22059913, 35.44508273], [134.22033638, 35.44497521], [134.21994985, 35.44493293], [134.21988678, 35.44491318], [134.21979815, 35.44484867], [134.21977031, 35.44479545], [134.21462571, 35.44479538], [134.21487837, 35.44573417]], [[134.21915962, 35.44555649], [134.219179, 35.44563073], [134.21912947, 35.44579846], [134.21907587, 35.44589573], [134.21859766, 35.44633636], [134.21842528, 35.4465801], [134.21822016, 35.44682854], [134.2181711, 35.44686653], [134.21809693, 35.44690118], [134.21804956, 35.44691318], [134.21798722, 35.44691184], [134.21793494, 35.44688776], [134.21789886, 35.4468299], [134.21787707, 35.44670415], [134.21788231, 35.44659306], [134.21809374, 35.44602599], [134.21815339, 35.44594517], [134.21827844, 35.44583933], [134.2184295, 35.44569775], [134.21855489, 35.44554703], [134.21881785, 35.4453732], [134.21888748, 35.44534424], [134.2189494, 35.44533705], [134.21902291, 35.44535945], [134.21907149, 35.44539471], [134.21915962, 35.44555649]]]}}, {"type": "Feature", "properties": {"MESH2_C": "533411", "grid_code": "53341128", "grid_area": 1048921.9928055257, "grid_perimeter": 4118.223268056289, "area": 9373.718412017857, "perimeter": 458.93096010774195, "connect": 0.24934456478257028, "connect_rev": 0.002228274127027767}, "geometry": {"type": "Polygon", "coordinates": [[[134.23043969, 35.44145193], [134.23053505, 35.44177483], [134.23061224, 35.44193522], [134.23063518, 35.44203635], [134.23071524, 35.44212309], [134.23081876, 35.44219196], [134.23098326, 35.44226586], [134.23102998, 35.44227201], [134.23106911, 35.44226114], [134.23110218, 35.44222504], [134.23111278, 35.44217166], [134.23106267, 35.44180771], [134.23107637, 35.44173281], [134.23112082, 35.44169337], [134.23119424, 35.4416601], [134.23137445, 35.4416283], [134.23132989, 35.44155047], [134.23100957, 35.44113849], [134.23077613, 35.44095614], [134.23054091, 35.44072915], [134.23045345, 35.44068915], [134.23037055, 35.44068498], [134.23025558, 35.4407073], [134.23015132, 35.44075255], [134.23008741, 35.44078098], [134.2301823, 35.4409107], [134.2303376, 35.44126296], [134.23043969, 35.44145193]]]}}, {"type": "Feature", "properties": {"MESH2_C": "533411", "grid_code": "53341138", "grid_area": 1048815.3241766766, "grid_perimeter": 4117.991900635112, "area": 347784.68289075105, "perimeter": 5231.907026762475, "connect": 0.22564127799310923, "connect_rev": 0.0748221145371804}, "geometry": {"type": "Polygon", "coordinates": [[[134.22262432, 35.45138226], [134.22271017, 35.45120777], [134.22279379, 35.45107615], [134.2228557, 35.45101049], [134.22291343, 35.45098347], [134.22299251, 35.45098718], [134.22306191, 35.45102813], [134.22311705, 35.4510988], [134.22314579, 35.45116063], [134.22315756, 35.45124712], [134.22318415, 35.45127246], [134.22322646, 35.45127534], [134.22356846, 35.45123227], [134.22414287, 35.45112809], [134.22419022, 35.45111169], [134.22421367, 35.45109314], [134.22422825, 35.45105631], [134.22422636, 35.4510132], [134.22411533, 35.45025782], [134.22410463, 35.44989951], [134.22408872, 35.44981614], [134.22403775, 35.44975229], [134.22355008, 35.44941757], [134.22340596, 35.44932121], [134.22320922, 35.44914408], [134.2231764, 35.44906859], [134.22315307, 35.4487777], [134.22320523, 35.44875403], [134.22331632, 35.44876131], [134.2233948, 35.44878036], [134.22361758, 35.44910064], [134.22381406, 35.44927345], [134.22430789, 35.4495083], [134.22438095, 35.44952109], [134.2244332, 35.44950135], [134.22445672, 35.44947156], [134.22447113, 35.44941965], [134.22454473, 35.44863604], [134.22456279, 35.44859661], [134.22461068, 35.44855541], [134.22466343, 35.44854381], [134.22469631, 35.4485583], [134.22473012, 35.44861553], [134.22487015, 35.44911985], [134.22488569, 35.4492517], [134.22486151, 35.44936754], [134.22477753, 35.44952827], [134.22471897, 35.44960475], [134.2246273, 35.44968399], [134.22454245, 35.44978606], [134.22448164, 35.44989138], [134.22444892, 35.45013229], [134.22447743, 35.45048972], [134.22450414, 35.45053933], [134.22453786, 35.45056572], [134.22464771, 35.45059129], [134.22490149, 35.45056277], [134.22534628, 35.45051865], [134.2254926, 35.45038597], [134.22578385, 35.45022739], [134.22597631, 35.45014244], [134.22611854, 35.45008052], [134.22625558, 35.44999587], [134.2263654, 35.44990861], [134.22646181, 35.44978023], [134.22653338, 35.44959209], [134.22657054, 35.44953869], [134.22661299, 35.44950004], [134.22677677, 35.44939902], [134.22684755, 35.44931796], [134.22686518, 35.44926882], [134.22686068, 35.44921904], [134.22680326, 35.44903463], [134.22676877, 35.44896975], [134.22670107, 35.44887376], [134.22657086, 35.4486174], [134.22617387, 35.44806003], [134.22610034, 35.44800824], [134.22593435, 35.44794931], [134.22580625, 35.44788517], [134.22560161, 35.44781503], [134.22548254, 35.4477362], [134.22541933, 35.4476727], [134.22539122, 35.44759333], [134.22539549, 35.44752297], [134.22547661, 35.44736141], [134.22554417, 35.44713836], [134.22566149, 35.44699035], [134.22575785, 35.44689832], [134.22584719, 35.44683461], [134.22587417, 35.44682481], [134.22591736, 35.44682836], [134.2259793, 35.44686952], [134.22608626, 35.44702607], [134.22629089, 35.4472319], [134.22648183, 35.44747106], [134.22661147, 35.44765968], [134.22668719, 35.44773218], [134.2267442, 35.44775767], [134.22699138, 35.44779836], [134.22732812, 35.44780836], [134.2275104, 35.4477797], [134.22759477, 35.44772449], [134.22768374, 35.44753553], [134.22791834, 35.44711059], [134.22801175, 35.44697984], [134.22789136, 35.44692807], [134.22774092, 35.44681486], [134.2276719, 35.44673896], [134.22765484, 35.44666443], [134.22767472, 35.44661617], [134.22772548, 35.44656329], [134.22809915, 35.44625695], [134.22841002, 35.44645288], [134.22867722, 35.44665088], [134.2288835, 35.44677689], [134.22882936, 35.44683432], [134.22873503, 35.44697738], [134.2285747, 35.44716748], [134.22866705, 35.44719656], [134.22893431, 35.44724802], [134.2291694, 35.44728119], [134.22944573, 35.44730113], [134.22976995, 35.44730586], [134.23001342, 35.44736343], [134.23017707, 35.44746299], [134.23040061, 35.44736163], [134.23023799, 35.44721623], [134.23012663, 35.44715482], [134.22970646, 35.44703858], [134.2294107, 35.44699357], [134.22925198, 35.44694244], [134.22921032, 35.44690215], [134.22918942, 35.44683807], [134.22924025, 35.44667872], [134.22924041, 35.44660787], [134.22926373, 35.44639393], [134.229259, 35.44635339], [134.22923138, 35.44630832], [134.2291643, 35.44626871], [134.22892733, 35.44620532], [134.22884577, 35.44616302], [134.22870009, 35.44603114], [134.22863302, 35.44592736], [134.22857518, 35.44587344], [134.22833489, 35.44571732], [134.22818477, 35.44552383], [134.22814857, 35.44544185], [134.22814835, 35.44540003], [134.2281728, 35.44534675], [134.22820809, 35.44531626], [134.2282529, 35.44529994], [134.22834767, 35.44531503], [134.22857114, 35.44543389], [134.2286777, 35.44550658], [134.22878872, 35.44561474], [134.22897948, 35.44572463], [134.22926111, 35.4458567], [134.2293368, 35.44585775], [134.22962941, 35.44580142], [134.22971092, 35.4458079], [134.22977092, 35.4458309], [134.22987306, 35.44590523], [134.2301991, 35.44625813], [134.23039516, 35.44643427], [134.23076355, 35.44664373], [134.23112094, 35.44680755], [134.23150438, 35.44698935], [134.23158914, 35.44703794], [134.23177136, 35.44710598], [134.23213344, 35.44716337], [134.23241793, 35.44723686], [134.23251231, 35.44722989], [134.23257082, 35.44718715], [134.23259068, 35.44712194], [134.23257111, 35.44703977], [134.23246413, 35.44686778], [134.23232834, 35.44655093], [134.23224463, 35.44644761], [134.2321263, 35.44638504], [134.23205678, 35.44634431], [134.23198218, 35.44631297], [134.23120601, 35.44609843], [134.23119979, 35.44602991], [134.23119809, 35.44597464], [134.23123509, 35.44591572], [134.23129187, 35.44589036], [134.23135569, 35.44588968], [134.23154896, 35.44595675], [134.2318509, 35.44601116], [134.23191625, 35.44601163], [134.23196819, 35.4459907], [134.23200297, 35.44593487], [134.23202754, 35.44579684], [134.23211409, 35.4455931], [134.23195289, 35.44546839], [134.23190864, 35.44540551], [134.2318734, 35.44528174], [134.23187246, 35.44509449], [134.23185469, 35.44496069], [134.23187297, 35.44479574], [134.22225819, 35.4447954], [134.22225796, 35.45141232], [134.22262432, 35.45138226]]]}}, {"type": "Feature", "properties": {"MESH2_C": "533411", "grid_code": "53341138", "grid_area": 1048815.3241766766, "grid_perimeter": 4117.991900635112, "area": 356727.14492186054, "perimeter": 4230.508379910462, "connect": 0.22564127799310923, "connect_rev": 0.07674598856399097}, "geometry": {"type": "Polygon", "coordinates": [[[134.23119233, 35.44814181], [134.23093844, 35.44807983], [134.23068126, 35.4480222], [134.23062028, 35.44799859], [134.23057293, 35.44793458], [134.23054955, 35.44779785], [134.23027842, 35.44785447], [134.22971539, 35.44800971], [134.22951675, 35.44804481], [134.22951233, 35.44818949], [134.22949448, 35.4482232], [134.22945989, 35.44824362], [134.22929487, 35.44824851], [134.22904271, 35.4482377], [134.2288634, 35.44826703], [134.22861033, 35.44829055], [134.22848178, 35.44831743], [134.22841243, 35.44834823], [134.22798032, 35.44866301], [134.22762779, 35.44908449], [134.22741522, 35.44936208], [134.22723348, 35.44966143], [134.22709063, 35.44985816], [134.22703922, 35.44995813], [134.22664581, 35.45043726], [134.22657794, 35.45049735], [134.22633828, 35.45066029], [134.22623339, 35.45073836], [134.22613747, 35.45079363], [134.22583978, 35.4509405], [134.22559468, 35.4510148], [134.22537862, 35.45104953], [134.22482574, 35.45121312], [134.22467119, 35.45135433], [134.22454604, 35.45144945], [134.22419684, 35.45182484], [134.22414377, 35.45189344], [134.22406906, 35.45205602], [134.22384222, 35.45229641], [134.22371783, 35.45247127], [134.22368055, 35.4525459], [134.22367784, 35.45259723], [134.22370104, 35.45264654], [134.22376961, 35.45270837], [134.22387902, 35.45277884], [134.22391355, 35.4528199], [134.2239205, 35.45286523], [134.22390905, 35.45290371], [134.22384431, 35.45300034], [134.2238094, 35.45301707], [134.22376891, 35.45301802], [134.2235635, 35.45293542], [134.22340465, 35.45289658], [134.22332367, 35.45289253], [134.22326408, 35.45290937], [134.2229324, 35.45312782], [134.23029088, 35.45312811], [134.23012582, 35.4529849], [134.23007263, 35.45295305], [134.22976601, 35.45285933], [134.22947659, 35.45280316], [134.22916635, 35.45271879], [134.22906111, 35.45267512], [134.22899772, 35.45261256], [134.22899395, 35.45255204], [134.22905691, 35.45249441], [134.2291417, 35.45247953], [134.22943442, 35.45254442], [134.22950294, 35.45253987], [134.22955614, 35.45250688], [134.22957396, 35.45245613], [134.22955831, 35.45239809], [134.22952084, 35.45233743], [134.22939825, 35.45218603], [134.22923203, 35.45200637], [134.22910799, 35.45182856], [134.2291546, 35.45178232], [134.22921012, 35.45174691], [134.22926954, 35.4517337], [134.22932533, 35.45174964], [134.22976107, 35.45216807], [134.23000627, 35.45248301], [134.23004777, 35.45249461], [134.23012742, 35.45248185], [134.23025266, 35.45248507], [134.23032939, 35.45250806], [134.23065574, 35.45273378], [134.23083944, 35.45282412], [134.23100642, 35.45287827], [134.2312749, 35.45290911], [134.23135949, 35.45290607], [134.23155855, 35.45286766], [134.23173174, 35.45277698], [134.23179303, 35.45275771], [134.23189341, 35.45275857], [134.23207086, 35.45279593], [134.23214777, 35.45278073], [134.2321871, 35.45275538], [134.23222334, 35.45270977], [134.2322554, 35.45262539], [134.23227244, 35.45252026], [134.23230733, 35.45244651], [134.23235273, 35.45240883], [134.2324577, 35.45236459], [134.23240618, 35.45225303], [134.23231533, 35.45207862], [134.2323039, 35.4520109], [134.23231027, 35.45183171], [134.23227949, 35.45168065], [134.2322304, 35.45161088], [134.23183974, 35.4513337], [134.23115023, 35.4510422], [134.23082672, 35.45093637], [134.23075761, 35.45088611], [134.23071796, 35.45082339], [134.23069816, 35.45077168], [134.23070034, 35.45073529], [134.23072069, 35.45070439], [134.23081019, 35.45067208], [134.23096059, 35.45068982], [134.23103972, 35.45068144], [134.23109416, 35.45064302], [134.23111179, 35.4505831], [134.23104029, 35.45041921], [134.23079741, 35.45014622], [134.23078258, 35.45009397], [134.23079167, 35.45005598], [134.23084862, 35.45001323], [134.23092715, 35.45001466], [134.23102711, 35.45006646], [134.23126715, 35.4502508], [134.23151754, 35.45047486], [134.23160599, 35.4505605], [134.23167158, 35.45061021], [134.23173511, 35.45067539], [134.23177925, 35.45074707], [134.23185434, 35.4509242], [134.23190589, 35.45099181], [134.23215643, 35.45115178], [134.23234091, 35.45124342], [134.23243681, 35.45125343], [134.2325005, 35.45122057], [134.23263914, 35.45101895], [134.23272068, 35.45095347], [134.23281058, 35.45094439], [134.23293723, 35.45098798], [134.23301833, 35.4510064], [134.2330953, 35.45103971], [134.23314076, 35.45107954], [134.2331669, 35.45112888], [134.23316743, 35.45130192], [134.2331364, 35.45146581], [134.2331301, 35.45158], [134.23314976, 35.4517043], [134.23319329, 35.45180555], [134.23324608, 35.45187588], [134.2333057, 35.45192494], [134.23352417, 35.45204547], [134.23366609, 35.45222975], [134.2336668, 35.45230224], [134.23369955, 35.45282617], [134.233743, 35.45295689], [134.23383558, 35.45311679], [134.23384056, 35.45312808], [134.23432038, 35.45312807], [134.23430018, 35.45304701], [134.23427025, 35.45298124], [134.23410392, 35.45240959], [134.23410069, 35.45235743], [134.23413116, 35.45229748], [134.23423226, 35.4522262], [134.23450921, 35.45210981], [134.23475682, 35.45209113], [134.23475685, 35.45115797], [134.23470415, 35.4510702], [134.23463086, 35.45101064], [134.23455398, 35.45097859], [134.23417972, 35.45077051], [134.2341259, 35.4507217], [134.23404714, 35.45060211], [134.23397667, 35.45046686], [134.23387792, 35.45019679], [134.23382416, 35.44998389], [134.23368493, 35.44959747], [134.23357037, 35.44939032], [134.2334678, 35.4492513], [134.23338894, 35.44917652], [134.23309806, 35.44887668], [134.23301361, 35.44864424], [134.23290921, 35.44824277], [134.23289133, 35.44820527], [134.23285335, 35.4481708], [134.23279902, 35.44816243], [134.23254621, 35.44816641], [134.23216303, 35.44825417], [134.2317132, 35.44828265], [134.23157843, 35.44826865], [134.23147967, 35.44822086], [134.23126223, 35.44817184], [134.23119233, 35.44814181]]]}}, {"type": "Feature", "properties": {"MESH2_C": "533411", "grid_code": "53341139", "grid_area": 1048814.8139484301, "grid_perimeter": 4117.990898966099, "area": 2989.29533121665, "perimeter": 214.293230305662, "connect": 0.04020918798263171, "connect_rev": 0.00011460282245250939}, "geometry": {"type": "Polygon", "coordinates": [[[134.23881176, 35.45052755], [134.23879614, 35.45090529], [134.23882886, 35.45109007], [134.23928657, 35.45100296], [134.23937186, 35.45096533], [134.23941528, 35.45090005], [134.23945146, 35.45074648], [134.23944955, 35.45065932], [134.23944765, 35.45059978], [134.23923172, 35.4505654], [134.23881176, 35.45052755]]]}}, {"type": "Feature", "properties": {"MESH2_C": "533411", "grid_code": "53341139", "grid_area": 1048814.8139484301, "grid_perimeter": 4117.990898966099, "area": 138328.38167004808, "perimeter": 2789.192983360527, "connect": 0.04020918798263171, "connect_rev": 0.005303197311797005}, "geometry": {"type": "Polygon", "coordinates": [[[134.23502094, 35.44486848], [134.23476552, 35.44505526], [134.23475706, 35.44506787], [134.23475705, 35.44528586], [134.23496349, 35.4452859], [134.23508932, 35.4453229], [134.23514553, 35.44535532], [134.23520119, 35.44540879], [134.23529547, 35.44558763], [134.23539001, 35.44596565], [134.23539911, 35.44614413], [134.23475702, 35.44638564], [134.23475701, 35.44655776], [134.23486134, 35.44678753], [134.23502094, 35.44674331], [134.23511763, 35.44668848], [134.23519104, 35.44661312], [134.23526933, 35.44646607], [134.23532742, 35.44643193], [134.23573553, 35.44642738], [134.23581646, 35.44643742], [134.23585437, 35.44645565], [134.23588575, 35.44649654], [134.2358865, 35.44658362], [134.23583325, 35.44679036], [134.23575799, 35.44701435], [134.2357295, 35.44713902], [134.23569138, 35.44719556], [134.23564295, 35.44721613], [134.23537563, 35.44721501], [134.23533587, 35.44724356], [134.23532468, 35.44730672], [134.23536842, 35.44739756], [134.23546683, 35.44750885], [134.23551092, 35.4475806], [134.2355894, 35.44784957], [134.23560851, 35.44788345], [134.23563404, 35.44789479], [134.23566372, 35.4478915], [134.23574075, 35.44786126], [134.23588176, 35.44782499], [134.23607185, 35.44781818], [134.23609289, 35.44788437], [134.23617345, 35.4480167], [134.23619541, 35.44808292], [134.23618184, 35.44816179], [134.2361251, 35.44821713], [134.23602061, 35.44828664], [134.2358725, 35.44835198], [134.23582255, 35.44840482], [134.23582954, 35.44846717], [134.23593034, 35.44869929], [134.23597988, 35.44875507], [134.23603116, 35.44877503], [134.23607231, 35.44876896], [134.23620103, 35.44870097], [134.23648716, 35.44860214], [134.23681715, 35.44852059], [134.23701554, 35.44849267], [134.23710325, 35.44845874], [134.23714886, 35.44842121], [134.23725335, 35.44828261], [134.23741788, 35.44819984], [134.23746046, 35.44816202], [134.23748004, 35.44807215], [134.23745393, 35.44790583], [134.23747794, 35.44775682], [134.23750664, 35.44767995], [134.23754469, 35.44763848], [134.23758689, 35.44761619], [134.23774555, 35.44757034], [134.2377959, 35.44756993], [134.23786952, 35.44759503], [134.23793408, 35.44765822], [134.23799597, 35.44775639], [134.23802269, 35.44782304], [134.23803406, 35.44789552], [134.23817257, 35.44791115], [134.23825665, 35.44794995], [134.23829109, 35.44800752], [134.2382985, 35.44815256], [134.23831547, 35.44820769], [134.23835321, 35.4482479], [134.23840628, 35.44826051], [134.23846148, 35.44823812], [134.23878397, 35.44802041], [134.23900359, 35.44789696], [134.23910833, 35.44782253], [134.23904292, 35.44774009], [134.23888074, 35.44760504], [134.23882247, 35.44756091], [134.23868536, 35.44745134], [134.2384872, 35.44722685], [134.23841224, 35.44706324], [134.23832768, 35.44678304], [134.23833474, 35.44657811], [134.23837458, 35.4465167], [134.23842654, 35.44647326], [134.23859496, 35.44660541], [134.23874056, 35.4468079], [134.23878168, 35.44688542], [134.23900825, 35.44714667], [134.23912126, 35.44731102], [134.23919824, 35.44739095], [134.23929042, 35.44745513], [134.23968705, 35.44765419], [134.23982902, 35.44770253], [134.2399523, 35.44746345], [134.24017272, 35.44720818], [134.24022126, 35.4471732], [134.24030047, 35.44717578], [134.24066386, 35.44734487], [134.24083467, 35.44712157], [134.24094157, 35.44695292], [134.24100687, 35.44688523], [134.2407924, 35.44680734], [134.24038234, 35.44671893], [134.24028523, 35.44671973], [134.24020967, 35.44676708], [134.24006094, 35.44693477], [134.23994729, 35.4470865], [134.23988285, 35.44712628], [134.23982104, 35.4471352], [134.23967253, 35.4470982], [134.23947561, 35.44699481], [134.2394173, 35.44692785], [134.23937102, 35.44682168], [134.2393032, 35.44652539], [134.23918962, 35.44618877], [134.23903809, 35.44580655], [134.23904471, 35.44570607], [134.23912322, 35.44558742], [134.23927873, 35.44542577], [134.23943576, 35.44531586], [134.23960832, 35.44523803], [134.23974705, 35.44515477], [134.23979217, 35.44514704], [134.23984582, 35.44516126], [134.24006976, 35.44539102], [134.24012213, 35.44541191], [134.24017346, 35.44539763], [134.24020139, 35.44536739], [134.24021969, 35.44531253], [134.24023958, 35.44485506], [134.24050238, 35.44479598], [134.23506831, 35.44479571], [134.23502094, 35.44486848]]]}}, {"type": "Feature", "properties": {"MESH2_C": "533411", "grid_code": "53341138", "grid_area": 1048815.3241766766, "grid_perimeter": 4117.991900635112, "area": 57.86389988096198, "perimeter": 43.16396439870591, "connect": 0.22564127799310923, "connect_rev": 1.2448792478365975e-05}, "geometry": {"type": "Polygon", "coordinates": [[[134.23469025, 35.44641075], [134.23475701, 35.44655776], [134.23475702, 35.44638564], [134.23469025, 35.44641075]]]}}, {"type": "Feature", "properties": {"MESH2_C": "533411", "grid_code": "53341138", "grid_area": 1048815.3241766766, "grid_perimeter": 4117.991900635112, "area": 161.335657557589, "perimeter": 65.32151673329109, "connect": 0.22564127799310923, "connect_rev": 3.4709622483567604e-05}, "geometry": {"type": "Polygon", "coordinates": [[[134.23460988, 35.44528736], [134.23472778, 35.44528586], [134.23475705, 35.44528586], [134.23475706, 35.44506787], [134.23460988, 35.44528736]]]}}, {"type": "Feature", "properties": {"MESH2_C": "533411", "grid_code": "53341129", "grid_area": 1048921.4824195206, "grid_perimeter": 4118.222266123157, "area": 18499.277386437156, "perimeter": 562.5790058392356, "connect": 0.37219613422918696, "connect_rev": 0.006564227775546214}, "geometry": {"type": "Polygon", "coordinates": [[[134.24241228, 35.44339613], [134.24245611, 35.44373261], [134.242446, 35.44388441], [134.24246248, 35.44394808], [134.24253722, 35.44401476], [134.24282225, 35.44412502], [134.24289835, 35.44417268], [134.24293019, 35.44422001], [134.24302266, 35.44443605], [134.24318848, 35.44467343], [134.24327223, 35.44479602], [134.24380629, 35.44479602], [134.24380969, 35.44479362], [134.24386109, 35.44473785], [134.24396897, 35.44454086], [134.24398918, 35.44445096], [134.24401215, 35.44406822], [134.24400805, 35.44399319], [134.24403095, 35.44346872], [134.24395127, 35.44346678], [134.24369028, 35.44343789], [134.24327217, 35.44333593], [134.24306013, 35.44329428], [134.24297349, 35.44328584], [134.24267264, 35.44321467], [134.24251876, 35.44316036], [134.24245008, 35.44315821], [134.24241105, 35.44318838], [134.24239773, 35.44322494], [134.24241228, 35.44339613]]]}}, {"type": "Feature", "properties": {"MESH2_C": "533411", "grid_code": "53341139", "grid_area": 1048814.8139484301, "grid_perimeter": 4117.990898966099, "area": 16539.975169145386, "perimeter": 709.3174488381694, "connect": 0.04020918798263171, "connect_rev": 0.0006341052414205586}, "geometry": {"type": "Polygon", "coordinates": [[[134.24335171, 35.44491236], [134.24344226, 35.44512872], [134.24343079, 35.44532445], [134.24343324, 35.44550751], [134.2434285, 35.44563332], [134.24344519, 35.44602601], [134.24351246, 35.44619417], [134.2435768, 35.4462747], [134.24364788, 35.44634039], [134.24368427, 35.44630232], [134.24373728, 35.44626742], [134.24379396, 35.44626141], [134.24385121, 35.4462796], [134.24395521, 35.44636009], [134.2440733, 35.4464932], [134.24416744, 35.44657791], [134.24424341, 35.44663814], [134.24439376, 35.44672206], [134.24443272, 35.44678136], [134.24451895, 35.44684284], [134.2447247, 35.44692647], [134.24484963, 35.44695985], [134.2451539, 35.44696837], [134.24522944, 35.44693901], [134.24527405, 35.4468863], [134.24526451, 35.44680954], [134.24516355, 35.44657811], [134.24496842, 35.44632388], [134.24483569, 35.44622379], [134.24453932, 35.4460745], [134.24433757, 35.4459505], [134.24421489, 35.44583679], [134.24419042, 35.44578955], [134.24418593, 35.44563586], [134.24414627, 35.44549992], [134.24411606, 35.44543988], [134.24405791, 35.44539406], [134.2436926, 35.44505042], [134.24365598, 35.44500349], [134.24363945, 35.44495412], [134.24367591, 35.44488786], [134.24380629, 35.44479602], [134.24327223, 35.44479602], [134.24335171, 35.44491236]]]}}, {"type": "Feature", "properties": {"MESH2_C": "533411", "grid_code": "53341139", "grid_area": 1048814.8139484301, "grid_perimeter": 4117.990898966099, "area": 22082.78807991813, "perimeter": 1242.157676340131, "connect": 0.04020918798263171, "connect_rev": 0.0008466041528754628}, "geometry": {"type": "Polygon", "coordinates": [[[134.24454419, 35.44499188], [134.24459459, 35.44517863], [134.24472896, 35.44553931], [134.24489681, 35.44579997], [134.24496444, 35.44587517], [134.24502578, 35.44580707], [134.24524878, 35.4454725], [134.24539351, 35.44535481], [134.24550295, 35.4452368], [134.24557493, 35.44519942], [134.24565301, 35.44518408], [134.24574512, 35.44520482], [134.24600972, 35.44535058], [134.24608206, 35.44537169], [134.24614166, 35.44537053], [134.24624812, 35.44533462], [134.24637742, 35.44530918], [134.2465284, 35.44530862], [134.2466075, 35.44532568], [134.24665582, 35.44535444], [134.2467103, 35.44542176], [134.24686369, 35.44576154], [134.24690587, 35.44581979], [134.24694382, 35.44591275], [134.24703324, 35.44612497], [134.24710742, 35.44637497], [134.24710161, 35.44689991], [134.24712259, 35.4471218], [134.24713607, 35.44726439], [134.24713157, 35.4475403], [134.24709563, 35.44767202], [134.24709843, 35.44773418], [134.24715673, 35.44790518], [134.24720976, 35.44795641], [134.24725584, 35.44797246], [134.24725595, 35.44479597], [134.24444273, 35.44479602], [134.24454419, 35.44499188]]]}}, {"type": "Feature", "properties": {"MESH2_C": "533411", "grid_code": "53341139", "grid_area": 1048814.8139484301, "grid_perimeter": 4117.990898966099, "area": 3359.2480784132495, "perimeter": 290.44369945400825, "connect": 0.04020918798263171, "connect_rev": 0.0001287859741003374}, "geometry": {"type": "Polygon", "coordinates": [[[134.24464845, 35.44756474], [134.24469929, 35.4475435], [134.24474017, 35.44750191], [134.24482039, 35.44732729], [134.24486356, 35.44726492], [134.24461672, 35.44717536], [134.24431853, 35.44695309], [134.244081, 35.44685201], [134.24379094, 35.44667889], [134.24376852, 35.44672035], [134.24375552, 35.44677566], [134.24376625, 35.44682852], [134.24379799, 35.44687703], [134.24410254, 35.44716573], [134.24415486, 35.44721767], [134.24435199, 35.44737823], [134.24446844, 35.44745302], [134.24458589, 35.44754584], [134.24464845, 35.44756474]]]}}, {"type": "Feature", "properties": {"MESH2_C": "533411", "grid_code": "53341139", "grid_area": 1048814.8139484301, "grid_perimeter": 4117.990898966099, "area": 149354.6136409651, "perimeter": 3585.5976739242724, "connect": 0.04020918798263171, "connect_rev": 0.005725918108797977}, "geometry": {"type": "Polygon", "coordinates": [[[134.24088401, 35.4448291], [134.24113451, 35.44520778], [134.24122907, 35.44540694], [134.24130132, 35.44551582], [134.24135212, 35.44562245], [134.24139465, 35.44571172], [134.24151358, 35.44568892], [134.24167148, 35.44569602], [134.24177974, 35.44573412], [134.2418598, 35.44579231], [134.24210945, 35.44587114], [134.24219466, 35.44592489], [134.24220454, 35.44597106], [134.24215326, 35.44611708], [134.24214774, 35.44618911], [134.24212919, 35.44622923], [134.24211265, 35.44627982], [134.24211174, 35.446494], [134.2421269, 35.44657385], [134.2422382, 35.44684188], [134.2423487, 35.44699328], [134.24246892, 35.44709756], [134.24217004, 35.44729224], [134.24196561, 35.4473917], [134.24190017, 35.44734085], [134.24182101, 35.44725103], [134.24164089, 35.44699156], [134.24160402, 35.44687321], [134.24160447, 35.44666994], [134.24145341, 35.44664238], [134.24131288, 35.44663934], [134.24121338, 35.4468616], [134.24113771, 35.44694253], [134.24097779, 35.44734504], [134.24096831, 35.44739889], [134.2409807, 35.44745047], [134.24102336, 35.44748843], [134.24110092, 35.447503], [134.24116604, 35.44748799], [134.24128634, 35.44743368], [134.24134964, 35.4474268], [134.24139838, 35.44745015], [134.24140914, 35.44749322], [134.24138137, 35.44754207], [134.24127177, 35.44762045], [134.24105717, 35.44768847], [134.24098767, 35.44773174], [134.24090073, 35.44777638], [134.24079366, 35.44784996], [134.24047117, 35.44817168], [134.2404183, 35.44820917], [134.24035329, 35.44823628], [134.24018016, 35.44831579], [134.23974329, 35.44881595], [134.23963924, 35.44901301], [134.23956686, 35.44917164], [134.23975814, 35.44918655], [134.24009693, 35.44922718], [134.24016764, 35.44910529], [134.2402487, 35.44895699], [134.24037568, 35.44880952], [134.24041804, 35.44873129], [134.24061166, 35.44878427], [134.24068444, 35.44881595], [134.24074291, 35.44886776], [134.24076661, 35.4489202], [134.24076383, 35.44897341], [134.24065145, 35.44911747], [134.24058762, 35.44929721], [134.24058887, 35.44969102], [134.24047077, 35.44970586], [134.24036923, 35.44970305], [134.24012859, 35.44961813], [134.24001321, 35.44959375], [134.23992502, 35.44977149], [134.23984271, 35.44989976], [134.24008361, 35.45003147], [134.24011156, 35.45007802], [134.24010553, 35.4501392], [134.23999333, 35.45049879], [134.23992777, 35.45062676], [134.23994699, 35.45069382], [134.23993925, 35.4511188], [134.24007968, 35.45137564], [134.24014169, 35.45145615], [134.24020158, 35.45150849], [134.24040247, 35.45132746], [134.24050681, 35.45125557], [134.24054979, 35.45126002], [134.24057363, 35.45129173], [134.24066326, 35.45193784], [134.24063744, 35.45203057], [134.24095946, 35.45202907], [134.2411656, 35.45204431], [134.24127666, 35.45207191], [134.24132661, 35.45211506], [134.24134768, 35.45217892], [134.24134999, 35.45311341], [134.24134188, 35.45312837], [134.24179876, 35.45312838], [134.24176232, 35.45296114], [134.24173411, 35.45278242], [134.24167727, 35.45266563], [134.24163881, 35.45255728], [134.2416042, 35.45226017], [134.24164588, 35.45189146], [134.24168937, 35.45180697], [134.24186861, 35.45165743], [134.24190566, 35.4515736], [134.24189811, 35.45152004], [134.24170332, 35.4510181], [134.24170306, 35.45095414], [134.24173228, 35.45090823], [134.24179312, 35.45086092], [134.24196664, 35.45078923], [134.24215453, 35.45067561], [134.24205553, 35.4505468], [134.24200243, 35.45041986], [134.24199578, 35.45035266], [134.2419867, 35.45012174], [134.24198745, 35.44998853], [134.24194809, 35.44984047], [134.24175797, 35.44991561], [134.24171298, 35.44979749], [134.24168886, 35.44956798], [134.24170058, 35.4494834], [134.24174119, 35.44941282], [134.24184711, 35.44931127], [134.24191216, 35.4492025], [134.24198378, 35.44905297], [134.24207055, 35.44880554], [134.2421198, 35.44874801], [134.24217016, 35.44872469], [134.2422183, 35.44873404], [134.24225008, 35.44877133], [134.24227049, 35.44896401], [134.24221505, 35.44917597], [134.24219445, 35.449344], [134.24221195, 35.44954084], [134.24224163, 35.44968808], [134.24225695, 35.44980542], [134.24224679, 35.44993359], [134.24226522, 35.45004287], [134.24241825, 35.45037409], [134.24245912, 35.45041377], [134.24251891, 35.45043738], [134.24258615, 35.45044248], [134.24265645, 35.45043065], [134.24275772, 35.45043857], [134.24338338, 35.45041433], [134.24337085, 35.45033079], [134.24335157, 35.45018059], [134.24336085, 35.45000773], [134.24333536, 35.44984232], [134.24322261, 35.4496271], [134.24322114, 35.44958624], [134.24325255, 35.4495535], [134.24330726, 35.4495383], [134.24337049, 35.44954082], [134.24377425, 35.44963005], [134.24389646, 35.44966241], [134.24380098, 35.44941833], [134.24377385, 35.44933673], [134.24375352, 35.44913926], [134.24374934, 35.44895752], [134.2437227, 35.44881258], [134.24360367, 35.44882677], [134.24322086, 35.44895286], [134.24291422, 35.44834624], [134.24291036, 35.44801838], [134.24295359, 35.44783865], [134.24298749, 35.4476319], [134.24319441, 35.4472958], [134.24322834, 35.44723608], [134.24323122, 35.44716728], [134.24317558, 35.44684183], [134.2431575, 35.4465502], [134.24312624, 35.44639601], [134.2430797, 35.44606417], [134.24306117, 35.44579647], [134.24304202, 35.44568918], [134.24297558, 35.44538358], [134.24294494, 35.44529836], [134.24291116, 35.44521005], [134.24280292, 35.44504466], [134.24268661, 35.44490243], [134.24259889, 35.44479602], [134.24084412, 35.44479599], [134.24088401, 35.4448291]]]}}, {"type": "Feature", "properties": {"MESH2_C": "533411", "grid_code": "53341139", "grid_area": 1048814.8139484301, "grid_perimeter": 4117.990898966099, "area": 44729.21508762345, "perimeter": 1531.8692379551562, "connect": 0.04020918798263171, "connect_rev": 0.001714816947524781}, "geometry": {"type": "Polygon", "coordinates": [[[134.24600945, 35.44773033], [134.24588798, 35.44791], [134.24581498, 35.44795778], [134.24573951, 35.44795146], [134.24556283, 35.44784127], [134.24539235, 35.44779371], [134.2451713, 35.44777091], [134.24508514, 35.44777819], [134.24502276, 35.44779783], [134.24497247, 35.44783335], [134.24492788, 35.44789167], [134.24488551, 35.4480081], [134.24486065, 35.44815971], [134.2448213, 35.4482299], [134.24465958, 35.44836976], [134.24442437, 35.44850634], [134.24436503, 35.44856367], [134.24436788, 35.4486208], [134.24446282, 35.4487691], [134.24446772, 35.44880675], [134.24444719, 35.44885131], [134.24441241, 35.44887422], [134.24434922, 35.44888722], [134.24399815, 35.44887876], [134.24404779, 35.44899785], [134.24409279, 35.44928655], [134.24411318, 35.44935495], [134.24420786, 35.44931856], [134.24438393, 35.44919916], [134.2444668, 35.44918369], [134.24493016, 35.44911229], [134.24503602, 35.4491157], [134.24509509, 35.4491404], [134.24516913, 35.44919809], [134.24532115, 35.44937991], [134.24535905, 35.44943957], [134.2453721, 35.44949357], [134.24545143, 35.45031895], [134.24543878, 35.45044486], [134.24543431, 35.45052919], [134.24551303, 35.45070473], [134.24560228, 35.4508201], [134.24574286, 35.45093742], [134.24576094, 35.45101371], [134.24575866, 35.45108112], [134.24573023, 35.45116685], [134.24564053, 35.45133872], [134.24553146, 35.45148942], [134.24550059, 35.45157056], [134.24558776, 35.45156796], [134.24579664, 35.45152307], [134.24587834, 35.45148369], [134.24594303, 35.4514033], [134.24602379, 35.45124149], [134.24616168, 35.45102296], [134.2465282, 35.45065999], [134.24670138, 35.45054251], [134.24689915, 35.45044466], [134.24703573, 35.45031054], [134.24696436, 35.45034032], [134.24661567, 35.45038046], [134.24644713, 35.45043094], [134.24616082, 35.45047345], [134.24604068, 35.45047684], [134.24594231, 35.45045131], [134.24587305, 35.45042991], [134.24583244, 35.45039985], [134.24579483, 35.45035153], [134.24577996, 35.4503008], [134.24578991, 35.45002563], [134.24582886, 35.44998157], [134.2459003, 35.44994981], [134.24602234, 35.44992567], [134.24627572, 35.44992224], [134.24663003, 35.44998571], [134.24693076, 35.45001406], [134.2470126, 35.45001082], [134.24701157, 35.44992734], [134.24696166, 35.44979882], [134.24690362, 35.449596], [134.24668965, 35.44961674], [134.24661466, 35.4495999], [134.24657087, 35.4495679], [134.24647644, 35.44939382], [134.2463906, 35.44919148], [134.24635995, 35.44904295], [134.24641229, 35.4488989], [134.24643112, 35.44864262], [134.24635194, 35.44833321], [134.24632309, 35.44826947], [134.24628049, 35.44820738], [134.24618012, 35.448043], [134.24616052, 35.44797597], [134.24617972, 35.44791247], [134.24625358, 35.44786926], [134.2461045, 35.44767038], [134.24600945, 35.44773033]]]}}, {"type": "Feature", "properties": {"MESH2_C": "533411", "grid_code": "53341149", "grid_area": 1048708.1231050529, "grid_perimeter": 4117.7594839825415, "area": 5948.698322938668, "perimeter": 333.1638451665177, "connect": 3.3304055312545734e-05, "connect_rev": 1.8891412550349004e-07}, "geometry": {"type": "Polygon", "coordinates": [[[134.24130298, 35.45320014], [134.24119224, 35.45326204], [134.24111077, 35.45327318], [134.24087495, 35.45326455], [134.24071792, 35.45330564], [134.24059269, 35.45341575], [134.24055097, 35.45348951], [134.24052093, 35.45357156], [134.24062754, 35.45357582], [134.24074289, 35.45359642], [134.2408652, 35.45363858], [134.24095264, 35.45368666], [134.24104471, 35.45372854], [134.24112594, 35.45374657], [134.24147318, 35.45373323], [134.24153746, 35.45368338], [134.24161563, 35.45365565], [134.2419196, 35.45363711], [134.24184182, 35.45332602], [134.24179876, 35.45312838], [134.24134188, 35.45312837], [134.24130298, 35.45320014]]]}}, {"type": "Feature", "properties": {"MESH2_C": "533411", "grid_code": "53341139", "grid_area": 1048814.8139484301, "grid_perimeter": 4117.990898966099, "area": 2631.4902835156536, "perimeter": 252.67164351518494, "connect": 0.04020918798263171, "connect_rev": 0.00010088538613028437}, "geometry": {"type": "Polygon", "coordinates": [[[134.23497046, 35.45207501], [134.23518445, 35.45206091], [134.23513326, 35.45169779], [134.23506723, 35.45154564], [134.23498929, 35.45144093], [134.23484271, 35.45130096], [134.23475685, 35.45115797], [134.23475682, 35.45209113], [134.23497046, 35.45207501]]]}}, {"type": "Feature", "properties": {"MESH2_C": "533411", "grid_code": "53341149", "grid_area": 1048708.1231050529, "grid_perimeter": 4117.7594839825415, "area": 1113.738243181957, "perimeter": 155.44743671293054, "connect": 3.3304055312545734e-05, "connect_rev": 3.5369231187802836e-08}, "geometry": {"type": "Polygon", "coordinates": [[[134.23510766, 35.45520675], [134.23486664, 35.45481184], [134.23482749, 35.45477377], [134.23477174, 35.45474914], [134.23475673, 35.45474679], [134.23475671, 35.45529274], [134.23510766, 35.45520675]]]}}, {"type": "Feature", "properties": {"MESH2_C": "533411", "grid_code": "53341148", "grid_area": 1048708.6331749, "grid_perimeter": 4117.760485385845, "area": 6837.463097165586, "perimeter": 402.55126354340223, "connect": 0.03531212570692338, "connect_rev": 0.00023023111354828851}, "geometry": {"type": "Polygon", "coordinates": [[[134.23387627, 35.45320907], [134.23398397, 35.45334923], [134.23398544, 35.45339861], [134.23396277, 35.4534338], [134.23387638, 35.45348168], [134.23341311, 35.45360447], [134.23348411, 35.45405868], [134.23350589, 35.45427939], [134.23377625, 35.45428649], [134.23387417, 35.45431022], [134.23395208, 35.45434412], [134.2339639, 35.45408621], [134.23404336, 35.45391391], [134.23413757, 35.45381937], [134.23435917, 35.45365098], [134.2344177, 35.45356386], [134.23441753, 35.45351783], [134.23432038, 35.45312807], [134.23384056, 35.45312808], [134.23387627, 35.45320907]]]}}, {"type": "Feature", "properties": {"MESH2_C": "533411", "grid_code": "53341148", "grid_area": 1048708.6331749, "grid_perimeter": 4117.760485385845, "area": 7201.122128801464, "perimeter": 357.72566185342674, "connect": 0.03531212570692338, "connect_rev": 0.00024247624344743608}, "geometry": {"type": "Polygon", "coordinates": [[[134.23288238, 35.4547336], [134.23262888, 35.45378909], [134.23208491, 35.45387521], [134.2319817, 35.4538882], [134.23202158, 35.45418509], [134.2320796, 35.4543843], [134.23240399, 35.45486776], [134.23252386, 35.45501845], [134.23255953, 35.45504244], [134.23258782, 35.45504839], [134.23263438, 35.4550413], [134.23288638, 35.45479853], [134.23288238, 35.4547336]]]}}, {"type": "Feature", "properties": {"MESH2_C": "533411", "grid_code": "53341148", "grid_area": 1048708.6331749, "grid_perimeter": 4117.760485385845, "area": 3611.475902205799, "perimeter": 237.09241660107276, "connect": 0.03531212570692338, "connect_rev": 0.00012160564623190898}, "geometry": {"type": "Polygon", "coordinates": [[[134.23434989, 35.45536667], [134.23442959, 35.4553729], [134.23475671, 35.45529274], [134.23475673, 35.45474679], [134.23466884, 35.45473306], [134.2345712, 35.45474818], [134.23438206, 35.45485471], [134.2341773, 35.45495067], [134.23393761, 35.45510663], [134.23398736, 35.45519487], [134.23402205, 35.45526257], [134.23415748, 35.45532337], [134.23434989, 35.45536667]]]}}, {"type": "Feature", "properties": {"MESH2_C": "533411", "grid_code": "53341159", "grid_area": 1048601.4098831564, "grid_perimeter": 4117.528021162214, "area": 13742.098023535917, "perimeter": 487.5497656026658, "connect": 0.005788605173308853, "connect_rev": 7.586064539053138e-05}, "geometry": {"type": "Polygon", "coordinates": [[[134.2387641, 35.4658912], [134.2387977, 35.4661287], [134.23889782, 35.46645147], [134.2391159, 35.46684777], [134.23919174, 35.46702497], [134.23962934, 35.46707601], [134.24010651, 35.46723574], [134.24021121, 35.46724321], [134.24031835, 35.467234], [134.24027206, 35.46708268], [134.24027085, 35.4668526], [134.24023687, 35.46674142], [134.24005478, 35.4664292], [134.23986052, 35.46620844], [134.23963775, 35.46607733], [134.23951722, 35.4659722], [134.2393559, 35.46586249], [134.23925889, 35.46575959], [134.23920965, 35.46573001], [134.23913615, 35.46573118], [134.2387641, 35.4658912]]]}}, {"type": "Feature", "properties": {"MESH2_C": "533411", "grid_code": "53341159", "grid_area": 1048601.4098831564, "grid_perimeter": 4117.528021162214, "area": 5635.961731515708, "perimeter": 301.54700694100706, "connect": 0.005788605173308853, "connect_rev": 3.111225764922233e-05}, "geometry": {"type": "Polygon", "coordinates": [[[134.24687884, 35.46906381], [134.24725513, 35.46911596], [134.24725515, 35.46843018], [134.24682849, 35.46844317], [134.24672051, 35.4684736], [134.24647824, 35.46848401], [134.24640402, 35.46850669], [134.24632471, 35.4686073], [134.24621238, 35.4688178], [134.24619894, 35.46886687], [134.24622655, 35.46892036], [134.24629736, 35.46895197], [134.24639413, 35.46897488], [134.24666146, 35.46900527], [134.24687884, 35.46906381]]]}}, {"type": "Feature", "properties": {"MESH2_C": "533411", "grid_code": "53341159", "grid_area": 1048601.4098831564, "grid_perimeter": 4117.528021162214, "area": 78385.82679988512, "perimeter": 1877.541905600907, "connect": 0.005788605173308853, "connect_rev": 0.0004327140877852402}, "geometry": {"type": "Polygon", "coordinates": [[[134.23852809, 35.46729688], [134.23853321, 35.46709851], [134.23846957, 35.46699675], [134.23836682, 35.46691741], [134.23826933, 35.46689229], [134.23817035, 35.46690919], [134.23809629, 35.46694867], [134.23791712, 35.46711558], [134.23789899, 35.46727158], [134.2378775, 35.46742345], [134.23790273, 35.46754032], [134.23795745, 35.4676527], [134.23811782, 35.46787319], [134.23818165, 35.46801405], [134.23820394, 35.46807343], [134.23821358, 35.46813258], [134.23820681, 35.46817118], [134.23817756, 35.46821887], [134.23813976, 35.46824819], [134.23807668, 35.46826901], [134.23801097, 35.46826642], [134.23796563, 35.46824952], [134.23790333, 35.4682008], [134.23779681, 35.468065], [134.23758131, 35.46770161], [134.23753747, 35.46760778], [134.23747057, 35.46739825], [134.23742826, 35.46724359], [134.23728085, 35.46728353], [134.23716996, 35.46735364], [134.23708928, 35.46743033], [134.23703502, 35.46751986], [134.23701873, 35.46760422], [134.23703364, 35.46783609], [134.23701549, 35.46793441], [134.2368745, 35.46827422], [134.23666085, 35.46860716], [134.23660439, 35.46874295], [134.23656297, 35.46908833], [134.23656078, 35.469582], [134.23653663, 35.46959719], [134.23652058, 35.46962007], [134.2364927, 35.46969602], [134.23641621, 35.46979228], [134.2364159, 35.46979291], [134.24144522, 35.46979311], [134.2414546, 35.46976989], [134.24128069, 35.46975797], [134.24111307, 35.46972514], [134.24092198, 35.46962205], [134.24081175, 35.46951084], [134.24074418, 35.46939336], [134.24072254, 35.46929575], [134.24074646, 35.4685797], [134.24075517, 35.46850865], [134.24079648, 35.4683835], [134.24078772, 35.46830387], [134.24075185, 35.46825785], [134.2406967, 35.46822297], [134.24046893, 35.46814842], [134.24011442, 35.4679932], [134.24004473, 35.46805261], [134.23995619, 35.4680806], [134.23983575, 35.46808469], [134.23948205, 35.46811877], [134.23947377, 35.4680918], [134.23944286, 35.4680677], [134.2392586, 35.46798111], [134.23916368, 35.46794315], [134.23900878, 35.4679148], [134.23872407, 35.4679047], [134.23865688, 35.4678874], [134.23859895, 35.46785601], [134.23855159, 35.46779914], [134.23853378, 35.46773032], [134.23855536, 35.46745354], [134.23852809, 35.46729688]], [[134.23882037, 35.46930846], [134.23877351, 35.46946305], [134.23871658, 35.46955173], [134.23862266, 35.46961518], [134.23852222, 35.4696384], [134.23841914, 35.46962778], [134.23829487, 35.46957204], [134.23822227, 35.46950968], [134.23816905, 35.46943473], [134.23813558, 35.46935207], [134.23812211, 35.46927012], [134.23813551, 35.46919476], [134.23818066, 35.46910338], [134.23834669, 35.46885955], [134.23839647, 35.4688281], [134.23846145, 35.46880961], [134.23852977, 35.46880777], [134.23858986, 35.46882852], [134.23863945, 35.46886452], [134.238699, 35.46893393], [134.23877351, 35.46906925], [134.23882034, 35.46922205], [134.23882037, 35.46930846]]]}}, {"type": "Feature", "properties": {"MESH2_C": "533411", "grid_code": "53341169", "grid_area": 1048494.6742873751, "grid_perimeter": 4117.2965105139665, "area": 90607.32342597807, "perimeter": 1409.5079909725464, "connect": 0.009975710209473953, "connect_rev": 0.0008620667548626016}, "geometry": {"type": "Polygon", "coordinates": [[[134.23639022, 35.46984466], [134.23637688, 35.46992928], [134.23639417, 35.47005969], [134.23641911, 35.47012948], [134.23645417, 35.47017609], [134.23651765, 35.47022113], [134.23666971, 35.47029294], [134.23670356, 35.47032055], [134.23674895, 35.47037633], [134.2370444, 35.47103689], [134.23712722, 35.47116494], [134.23728183, 35.47134042], [134.23733823, 35.47144593], [134.23737654, 35.4715434], [134.2375116, 35.47196796], [134.23754888, 35.47217007], [134.2376039, 35.47232383], [134.23808098, 35.47229452], [134.23823299, 35.47232893], [134.23837097, 35.47239816], [134.23854904, 35.47219333], [134.2387035, 35.47205664], [134.23917817, 35.47166556], [134.23949076, 35.4714749], [134.23955328, 35.47144445], [134.23962115, 35.47142852], [134.23969291, 35.47142818], [134.23978279, 35.4714476], [134.23998295, 35.47153793], [134.24033696, 35.47177704], [134.24054148, 35.47193637], [134.24080619, 35.47218355], [134.24089561, 35.47201586], [134.2409735, 35.4717476], [134.24103219, 35.47146207], [134.24115847, 35.4710097], [134.24125702, 35.47048041], [134.24139399, 35.46991998], [134.24144522, 35.46979311], [134.2364159, 35.46979291], [134.23639022, 35.46984466]]]}}, {"type": "Feature", "properties": {"MESH2_C": "533411", "grid_code": "53341158", "grid_area": 1048601.9197938256, "grid_perimeter": 4117.529022298422, "area": 14263.863722775423, "perimeter": 454.84395988661413, "connect": 0.0001850346508133729, "connect_rev": 2.5169790302426916e-06}, "geometry": {"type": "Polygon", "coordinates": [[[134.22573343, 35.46464903], [134.22565146, 35.46463683], [134.22519074, 35.4646776], [134.22487206, 35.46468203], [134.22477118, 35.46470213], [134.22470053, 35.46474164], [134.22465211, 35.46481363], [134.22462521, 35.46512905], [134.22460658, 35.46531641], [134.22462005, 35.46548963], [134.22471772, 35.46579663], [134.22475292, 35.46593837], [134.22492471, 35.46590862], [134.22520477, 35.46590966], [134.22551955, 35.46587283], [134.225653, 35.46583615], [134.22574119, 35.46577174], [134.22578158, 35.4657093], [134.22585609, 35.46553089], [134.22588632, 35.46538991], [134.22586477, 35.46520357], [134.22576551, 35.46488195], [134.22578087, 35.46468853], [134.22573343, 35.46464903]]]}}, {"type": "Feature", "properties": {"MESH2_C": "533411", "grid_code": "53341167", "grid_area": 1048495.7602718174, "grid_perimeter": 4117.298642783528, "area": 2947.469614308706, "perimeter": 201.46415764775182, "connect": 7.90251476366932e-06, "connect_rev": 2.2215084719563215e-08}, "geometry": {"type": "Polygon", "coordinates": [[[134.21886452, 35.47099873], [134.21888703, 35.47104586], [134.21892048, 35.47107363], [134.21895812, 35.47109131], [134.21899873, 35.47110189], [134.21911698, 35.47110504], [134.21923738, 35.47108362], [134.219493, 35.47102187], [134.21947161, 35.47071822], [134.21943572, 35.4706165], [134.21938958, 35.4705676], [134.21934862, 35.47054538], [134.21928509, 35.47052488], [134.21921818, 35.47051569], [134.21915539, 35.47051874], [134.21908402, 35.47054645], [134.21902666, 35.47059675], [134.21898118, 35.47065903], [134.21888173, 35.47083556], [134.21886137, 35.47090191], [134.21886452, 35.47099873]]]}}, {"type": "Feature", "properties": {"MESH2_C": "533411", "grid_code": "53341169", "grid_area": 1048494.6742873751, "grid_perimeter": 4117.2965105139665, "area": 45477.947734274945, "perimeter": 1152.4470596606732, "connect": 0.009975710209473953, "connect_rev": 0.0004326915898042841}, "geometry": {"type": "Polygon", "coordinates": [[[134.24228545, 35.47658455], [134.24229444, 35.47666952], [134.24223611, 35.47685348], [134.24223767, 35.47694118], [134.24223652, 35.47704447], [134.24226139, 35.47718575], [134.24226779, 35.47731912], [134.24222153, 35.4775185], [134.24196623, 35.4777613], [134.24191565, 35.47785271], [134.24189069, 35.47795562], [134.24153699, 35.47785212], [134.24146868, 35.47784316], [134.24140672, 35.47785282], [134.24136722, 35.47787423], [134.24132501, 35.47791838], [134.24120671, 35.47812548], [134.24463768, 35.47812551], [134.24443519, 35.47778564], [134.24437299, 35.47772463], [134.24417034, 35.47760836], [134.24395711, 35.47737751], [134.24393407, 35.47732858], [134.24393222, 35.47728968], [134.24395686, 35.47720578], [134.2440424, 35.47706235], [134.2440663, 35.47695056], [134.24406344, 35.47657391], [134.24404546, 35.47650317], [134.24401001, 35.47645958], [134.24392352, 35.47643002], [134.24367519, 35.47644292], [134.24349989, 35.4764292], [134.24336343, 35.47640162], [134.24318181, 35.47634331], [134.24311086, 35.47630441], [134.24305989, 35.47625002], [134.2428847, 35.47585565], [134.24283777, 35.47577783], [134.2427947, 35.47573554], [134.24270644, 35.47569638], [134.24256652, 35.47567596], [134.24239074, 35.47566801], [134.24221502, 35.47568096], [134.24190983, 35.47570529], [134.24180528, 35.47574888], [134.2417078, 35.47587604], [134.24164042, 35.47600858], [134.24156103, 35.47613747], [134.24154794, 35.47618615], [134.24157832, 35.4762454], [134.24164301, 35.47629083], [134.24188751, 35.47636821], [134.24219653, 35.47649287], [134.2422535, 35.47652935], [134.24228545, 35.47658455]]]}}, {"type": "Feature", "properties": {"MESH2_C": "533411", "grid_code": "53341169", "grid_area": 1048494.6742873751, "grid_perimeter": 4117.2965105139665, "area": 25826.812563843414, "perimeter": 814.1003817787522, "connect": 0.009975710209473953, "connect_rev": 0.0002457244696511332}, "geometry": {"type": "Polygon", "coordinates": [[[134.24581672, 35.47386161], [134.24572395, 35.47407951], [134.24571028, 35.47415306], [134.24571425, 35.47423954], [134.24577419, 35.47434218], [134.24593801, 35.47446173], [134.24607495, 35.47461102], [134.24622283, 35.47468978], [134.24633579, 35.47472907], [134.24660987, 35.47479389], [134.24671054, 35.47484621], [134.24674614, 35.47489204], [134.24676289, 35.47494741], [134.24676241, 35.47516573], [134.24679599, 35.47532094], [134.24679965, 35.47567197], [134.24711028, 35.47585491], [134.24725489, 35.47602849], [134.24725499, 35.47320464], [134.24704013, 35.47316105], [134.2467302, 35.47310835], [134.24652446, 35.47312657], [134.24644043, 35.47327764], [134.24639208, 35.47342668], [134.24625837, 35.47343515], [134.24599376, 35.47346259], [134.24592413, 35.47349378], [134.24588069, 35.47356347], [134.24586289, 35.47375316], [134.24581672, 35.47386161]]]}}, {"type": "Feature", "properties": {"MESH2_C": "533411", "grid_code": "53341169", "grid_area": 1048494.6742873751, "grid_perimeter": 4117.2965105139665, "area": 4488.836555832095, "perimeter": 248.5071334620833, "connect": 0.009975710209473953, "connect_rev": 4.270821183627762e-05}, "geometry": {"type": "Polygon", "coordinates": [[[134.24485303, 35.47484566], [134.24474313, 35.47477722], [134.2445578, 35.47471989], [134.24445545, 35.47471013], [134.24438516, 35.47473413], [134.24435572, 35.47476472], [134.24433275, 35.47481892], [134.24430484, 35.47505113], [134.24426361, 35.47521566], [134.244281, 35.47529639], [134.2443861, 35.4754804], [134.24443464, 35.47550988], [134.2445124, 35.4755152], [134.24476567, 35.47543969], [134.24489416, 35.47536667], [134.24494649, 35.47530984], [134.2449768, 35.47525359], [134.2450032, 35.47514649], [134.24499013, 35.47504599], [134.24493548, 35.47493987], [134.24485303, 35.47484566]]]}}, {"type": "Feature", "properties": {"MESH2_C": "533411", "grid_code": "53341169", "grid_area": 1048494.6742873751, "grid_perimeter": 4117.2965105139665, "area": 1266.2409395917784, "perimeter": 150.60895524947173, "connect": 0.009975710209473953, "connect_rev": 1.204741710044916e-05}, "geometry": {"type": "Polygon", "coordinates": [[[134.24687923, 35.47659424], [134.24689349, 35.47664837], [134.24692884, 35.47670975], [134.2471126, 35.47690969], [134.24716473, 35.47691982], [134.24720688, 35.47690846], [134.24724764, 35.47687922], [134.24725486, 35.4768679], [134.24725488, 35.47638992], [134.24687923, 35.47659424]]]}}, {"type": "Feature", "properties": {"MESH2_C": "533411", "grid_code": "53341179", "grid_area": 1048387.9163199067, "grid_perimeter": 4117.064952043676, "area": 142845.13840938912, "perimeter": 1777.9164813144257, "connect": 0.01856465637933915, "connect_rev": 0.002529474890685647}, "geometry": {"type": "Polygon", "coordinates": [[[134.24118095, 35.47817058], [134.24088995, 35.47858496], [134.24078915, 35.4787534], [134.24065042, 35.47893688], [134.24059066, 35.47910292], [134.24055624, 35.47930489], [134.24059148, 35.47937217], [134.24069602, 35.47941276], [134.24078774, 35.47941964], [134.24101641, 35.47941085], [134.24131488, 35.47942717], [134.24132169, 35.47958841], [134.24130911, 35.47968708], [134.24127901, 35.47973328], [134.24119725, 35.47977647], [134.24093366, 35.47980926], [134.24080135, 35.4798494], [134.24071034, 35.4799146], [134.24068241, 35.47996552], [134.24067734, 35.48000662], [134.24069588, 35.48007565], [134.24082488, 35.48026493], [134.24091997, 35.48048182], [134.24101027, 35.48092249], [134.24104056, 35.48128105], [134.24114612, 35.48160133], [134.24129274, 35.48191004], [134.2413694, 35.4819786], [134.24165517, 35.48228961], [134.24202608, 35.4825247], [134.2421676, 35.48241424], [134.24232138, 35.48231855], [134.24243458, 35.48221061], [134.24245456, 35.48180255], [134.24243934, 35.48168772], [134.24240545, 35.48157425], [134.2425943, 35.48146733], [134.24272605, 35.48162039], [134.24293447, 35.48176496], [134.24298797, 35.48181735], [134.24323241, 35.48194859], [134.24345323, 35.48211187], [134.24364022, 35.48216771], [134.243809, 35.48218488], [134.24402687, 35.4821256], [134.24417217, 35.48213483], [134.2443345, 35.48208923], [134.24446963, 35.48199407], [134.24462101, 35.481851], [134.2446829, 35.48176383], [134.24471995, 35.48166717], [134.24478086, 35.48127865], [134.24482395, 35.48120137], [134.24489375, 35.48113798], [134.24495838, 35.48110545], [134.24499532, 35.48106133], [134.24500885, 35.48101484], [134.24499981, 35.48097641], [134.24487365, 35.48081639], [134.2446753, 35.48067395], [134.24460669, 35.48059201], [134.24444999, 35.4802525], [134.24432877, 35.48004301], [134.24422393, 35.47976684], [134.24420406, 35.47969568], [134.24420021, 35.47939723], [134.24424466, 35.47927949], [134.24436535, 35.47904299], [134.24448624, 35.47887997], [134.24453167, 35.47878039], [134.24458217, 35.47872573], [134.24462306, 35.4786851], [134.24468647, 35.47863121], [134.24472247, 35.47858722], [134.24474249, 35.47847997], [134.24469892, 35.47827651], [134.2446437, 35.4781356], [134.24463768, 35.47812551], [134.24120671, 35.47812548], [134.24118095, 35.47817058]]]}}, {"type": "Feature", "properties": {"MESH2_C": "533411", "grid_code": "53341189", "grid_area": 1048281.1359821595, "grid_perimeter": 4116.83334575453, "area": 50329.33211869534, "perimeter": 1336.702211586231, "connect": 0.00230574551224194, "connect_rev": 0.00011070182194787762}, "geometry": {"type": "Polygon", "coordinates": [[[134.24487781, 35.49286845], [134.24475523, 35.49287799], [134.24464323, 35.49291957], [134.24457503, 35.49299596], [134.24456502, 35.49310956], [134.24460886, 35.49329466], [134.24469488, 35.49343686], [134.24480188, 35.49350149], [134.24524716, 35.49359424], [134.24535419, 35.49363698], [134.24574114, 35.4940126], [134.24577708, 35.49407587], [134.24577674, 35.49412823], [134.24573881, 35.49418873], [134.24564277, 35.49425352], [134.24534824, 35.49439232], [134.24528349, 35.49440696], [134.24523675, 35.49440435], [134.24515333, 35.49436308], [134.24491838, 35.49412546], [134.24481279, 35.49405111], [134.24444676, 35.49387813], [134.24434609, 35.49386113], [134.24424077, 35.49387152], [134.24414362, 35.49390437], [134.24406002, 35.49395676], [134.24399707, 35.49402593], [134.24396527, 35.49410643], [134.24396369, 35.4942075], [134.24398783, 35.49430627], [134.24404149, 35.49441182], [134.24411374, 35.4945121], [134.24434829, 35.49478166], [134.24435356, 35.49479025], [134.24725425, 35.4947902], [134.24725434, 35.49209744], [134.24721508, 35.49212007], [134.24718322, 35.49227645], [134.24710811, 35.49240662], [134.2469523, 35.49256405], [134.24683083, 35.49264878], [134.24669793, 35.49272176], [134.24636821, 35.4928589], [134.24598398, 35.492957], [134.24538669, 35.49298115], [134.24524807, 35.49295937], [134.2449815, 35.49288282], [134.24487781, 35.49286845]]]}}, {"type": "Feature", "properties": {"MESH2_C": "533411", "grid_code": "53341189", "grid_area": 1048281.1359821595, "grid_perimeter": 4116.83334575453, "area": 852.4762476732285, "perimeter": 168.25990218547952, "connect": 0.00230574551224194, "connect_rev": 1.8750631055893074e-06}, "geometry": {"type": "Polygon", "coordinates": [[[134.24280626, 35.49478793], [134.24222311, 35.49463208], [134.24212756, 35.49462051], [134.24205579, 35.49463097], [134.24199921, 35.49466573], [134.24197503, 35.49471613], [134.24197481, 35.49477645], [134.24197695, 35.49479024], [134.24281327, 35.49479025], [134.24280626, 35.49478793]]]}}, {"type": "Feature", "properties": {"MESH2_C": "533411", "grid_code": "53341199", "grid_area": 1048174.3332768865, "grid_perimeter": 4116.601691652917, "area": 465791.3688637829, "perimeter": 3477.248576274382, "connect": 0.19747668662022133, "connect_rev": 0.08775537929072615}, "geometry": {"type": "Polygon", "coordinates": [[[134.24444917, 35.49494609], [134.24457293, 35.49506503], [134.24459919, 35.49514323], [134.24456096, 35.49525293], [134.24444062, 35.49539526], [134.24429403, 35.49547317], [134.24414113, 35.49551027], [134.24405777, 35.49550293], [134.24397161, 35.49545869], [134.24361494, 35.49509894], [134.243536, 35.49504214], [134.24344484, 35.4949991], [134.24281327, 35.49479025], [134.24197695, 35.49479024], [134.24199935, 35.49493443], [134.24197721, 35.49507016], [134.24194489, 35.49515087], [134.24185908, 35.49523846], [134.24160663, 35.49537153], [134.24153508, 35.49543312], [134.24148808, 35.49553936], [134.24150498, 35.49566698], [134.24155616, 35.49575859], [134.24162573, 35.49582088], [134.24173542, 35.49586492], [134.24187607, 35.49588193], [134.24195642, 35.49586517], [134.2420253, 35.49580794], [134.24205324, 35.49573979], [134.24206645, 35.49559408], [134.24208395, 35.49556038], [134.24211411, 35.49553758], [134.24217454, 35.49552789], [134.24227504, 35.49553814], [134.24249224, 35.4955763], [134.24267432, 35.49562739], [134.24290234, 35.49564617], [134.24297787, 35.49567394], [134.24304498, 35.49573691], [134.24315341, 35.4959035], [134.24328047, 35.49605982], [134.24350292, 35.49626462], [134.24343963, 35.49633014], [134.24334043, 35.49638363], [134.24304493, 35.49647994], [134.24288852, 35.49649329], [134.24276517, 35.49648356], [134.24266371, 35.49646156], [134.24213321, 35.49626797], [134.24185591, 35.49622319], [134.24173409, 35.49622131], [134.24161814, 35.49625084], [134.24125472, 35.49640569], [134.24119144, 35.49645091], [134.24116079, 35.49651006], [134.2411757, 35.49659237], [134.24128549, 35.49677616], [134.24133557, 35.49689852], [134.24140718, 35.4972544], [134.24153312, 35.49771998], [134.24160223, 35.49781633], [134.24179189, 35.49794779], [134.24183339, 35.49801942], [134.24182227, 35.49810122], [134.24162767, 35.49849611], [134.2416178, 35.4985722], [134.24163701, 35.49859812], [134.24168585, 35.4986182], [134.24190658, 35.4986149], [134.24199994, 35.49864273], [134.2420382, 35.49868311], [134.24205608, 35.49873586], [134.24205625, 35.4988686], [134.2420433, 35.49898348], [134.24201187, 35.49906515], [134.24180043, 35.49933088], [134.2416608, 35.49946029], [134.24124664, 35.49975449], [134.24119237, 35.49981003], [134.24116471, 35.49986085], [134.24115569, 35.49998868], [134.24120035, 35.50030339], [134.24131449, 35.50110769], [134.24132316, 35.50155464], [134.24130527, 35.50163939], [134.24125942, 35.5017484], [134.24106922, 35.50210576], [134.24091367, 35.50235178], [134.24088921, 35.50244394], [134.24090411, 35.50247847], [134.24094874, 35.50251633], [134.24096806, 35.50252411], [134.2416806, 35.50281101], [134.24176494, 35.50286001], [134.24189015, 35.5029794], [134.24194438, 35.50301377], [134.24222325, 35.50312261], [134.24725397, 35.50312257], [134.24725425, 35.4947902], [134.24435356, 35.49479025], [134.24444917, 35.49494609]]]}}, {"type": "Feature", "properties": {"MESH2_C": "533411", "grid_code": "53341197", "grid_area": 1048175.4182543531, "grid_perimeter": 4116.60382223674, "area": 18793.73636831733, "perimeter": 768.5056878023303, "connect": 0.0007613938281342233, "connect_rev": 1.3651755831337519e-05}, "geometry": {"type": "Polygon", "coordinates": [[[134.21627123, 35.50051928], [134.21624228, 35.50049084], [134.21619847, 35.50042237], [134.21613272, 35.50032422], [134.21605272, 35.50026233], [134.21599185, 35.50023466], [134.21590309, 35.50021591], [134.21582247, 35.50021766], [134.21572756, 35.50026022], [134.21563534, 35.5003119], [134.21556066, 35.50039957], [134.21570188, 35.50069498], [134.21574446, 35.50077775], [134.21583381, 35.50094363], [134.21590263, 35.50114243], [134.21597129, 35.50135777], [134.21604949, 35.50163102], [134.21613876, 35.50180516], [134.21614774, 35.50192093], [134.21615632, 35.50207802], [134.21620525, 35.50224363], [134.2162322, 35.5023836], [134.2162299, 35.50262016], [134.21622159, 35.50284157], [134.21619468, 35.50307795], [134.2161749, 35.50312203], [134.21654721, 35.50312203], [134.21654771, 35.50312071], [134.21658756, 35.50281898], [134.21669673, 35.50235159], [134.21671207, 35.50203963], [134.21674612, 35.50170992], [134.21677933, 35.5014126], [134.21679264, 35.50108209], [134.21680551, 35.50071089], [134.21680668, 35.5006772], [134.21681614, 35.5005908], [134.216686, 35.50059145], [134.21651922, 35.50059264], [134.21641095, 35.50058058], [134.21633062, 35.50055278], [134.21627123, 35.50051928]]]}}, {"type": "Feature", "properties": {"MESH2_C": "533411", "grid_code": "53341187", "grid_area": 1048282.221296154, "grid_perimeter": 4116.835476902365, "area": 144.091453901754, "perimeter": 54.57684119951668, "connect": 0.0010819328084950483, "connect_rev": 1.4871688962472292e-07}, "geometry": {"type": "Polygon", "coordinates": [[[134.22146536, 35.48645728], [134.22124467, 35.48645729], [134.22129651, 35.4865773], [134.22142392, 35.48649943], [134.22146536, 35.48645728]]]}}, {"type": "Feature", "properties": {"MESH2_C": "533411", "grid_code": "53341177", "grid_area": 1048389.0019696467, "grid_perimeter": 4117.067083752882, "area": 10012.556037368573, "perimeter": 436.0457015977007, "connect": 0.0007915742149440151, "connect_rev": 7.559866776523525e-06}, "geometry": {"type": "Polygon", "coordinates": [[[134.2215114, 35.48641045], [134.2217141, 35.48607391], [134.22191967, 35.48583992], [134.22195426, 35.48577386], [134.22197496, 35.48569003], [134.22197679, 35.48547278], [134.22196452, 35.48537268], [134.22183729, 35.48505696], [134.22171592, 35.48488041], [134.22162397, 35.48481982], [134.22152414, 35.48479583], [134.22147159, 35.48502396], [134.22140556, 35.48515674], [134.22127822, 35.48529502], [134.2210461, 35.48545292], [134.22101027, 35.48549915], [134.22099536, 35.4855517], [134.22100832, 35.48563707], [134.22112005, 35.48595879], [134.22120219, 35.48635895], [134.22124467, 35.48645729], [134.22146536, 35.48645728], [134.2215114, 35.48641045]]]}}, {"type": "Feature", "properties": {"MESH2_C": "533411", "grid_code": "53341177", "grid_area": 1048389.0019696467, "grid_perimeter": 4117.067083752882, "area": 24053.436126001936, "perimeter": 1078.720690424962, "connect": 0.0007915742149440151, "connect_rev": 1.816127389964479e-05}, "geometry": {"type": "Polygon", "coordinates": [[[134.2132883, 35.4847727], [134.21338913, 35.48465521], [134.21353115, 35.48457], [134.21346539, 35.48445893], [134.2132227, 35.48410726], [134.2131407, 35.48388944], [134.21310941, 35.48366914], [134.21308028, 35.48335689], [134.21302593, 35.48308618], [134.21300889, 35.48267195], [134.21293583, 35.48239203], [134.21289251, 35.48233824], [134.21285151, 35.48231434], [134.21277147, 35.4822959], [134.2127073, 35.48229879], [134.21258193, 35.48233216], [134.21222629, 35.48248003], [134.21226085, 35.48261822], [134.2122698, 35.48274128], [134.21225461, 35.48283354], [134.21222803, 35.48288426], [134.21217692, 35.48291821], [134.21211714, 35.48293287], [134.2120342, 35.48291802], [134.21194241, 35.48287564], [134.21185035, 35.4829792], [134.21182203, 35.48302908], [134.2118172, 35.48309618], [134.21184292, 35.48316357], [134.21189771, 35.48325168], [134.21217191, 35.483537], [134.21249057, 35.48393751], [134.21265973, 35.48417099], [134.21290688, 35.48466385], [134.21292479, 35.48471977], [134.21292425, 35.48475157], [134.21290878, 35.48477493], [134.21276581, 35.48485289], [134.21274164, 35.4848756], [134.21273478, 35.48489293], [134.21274456, 35.48494472], [134.21279956, 35.48508338], [134.21284856, 35.48523884], [134.2128593, 35.48574405], [134.21283737, 35.48616261], [134.2128403, 35.48645717], [134.21305478, 35.48645718], [134.21308123, 35.48616664], [134.21308446, 35.48574829], [134.21309726, 35.48519156], [134.21319582, 35.48492882], [134.2132883, 35.4847727]]]}}, {"type": "Feature", "properties": {"MESH2_C": "533411", "grid_code": "53341177", "grid_area": 1048389.0019696467, "grid_perimeter": 4117.067083752882, "area": 13828.072426712752, "perimeter": 918.2423738143573, "connect": 0.0007915742149440151, "connect_rev": 1.0440729113715978e-05}, "geometry": {"type": "Polygon", "coordinates": [[[134.21440822, 35.48613826], [134.21443495, 35.48586551], [134.21442013, 35.48559286], [134.21450156, 35.48501963], [134.21463194, 35.48455574], [134.21465424, 35.48438404], [134.21463814, 35.48389397], [134.21467238, 35.48353483], [134.214668, 35.48314579], [134.21464675, 35.48291481], [134.21451908, 35.4825709], [134.21450661, 35.48291077], [134.21447508, 35.48322743], [134.21447924, 35.48355893], [134.21444106, 35.48394624], [134.21431004, 35.48429034], [134.21408533, 35.48469836], [134.21403883, 35.48480673], [134.21394049, 35.48518789], [134.21391173, 35.48553323], [134.21394789, 35.48615276], [134.2139361, 35.48645722], [134.21441781, 35.48645723], [134.21440822, 35.48613826]]]}}, {"type": "Feature", "properties": {"MESH2_C": "533411", "grid_code": "53341187", "grid_area": 1048282.221296154, "grid_perimeter": 4116.835476902365, "area": 4673.195168141043, "perimeter": 488.93720791163895, "connect": 0.0010819328084950483, "connect_rev": 4.823207977962946e-06}, "geometry": {"type": "Polygon", "coordinates": [[[134.21284499, 35.48692761], [134.21276797, 35.48773428], [134.21277663, 35.48818117], [134.21271912, 35.48846331], [134.2129673, 35.48846455], [134.21300117, 35.48836705], [134.21301829, 35.48826814], [134.21299795, 35.48769135], [134.21302042, 35.48744662], [134.21307051, 35.48714684], [134.21304978, 35.48651206], [134.21305478, 35.48645718], [134.2128403, 35.48645717], [134.21284499, 35.48692761]]]}}, {"type": "Feature", "properties": {"MESH2_C": "533411", "grid_code": "53341176", "grid_area": 1048389.6444949768, "grid_perimeter": 4117.068345371809, "area": 201078.63369955425, "perimeter": 3110.12601962976, "connect": 0.03701076393872033, "connect_rev": 0.00709857626317891}, "geometry": {"type": "Polygon", "coordinates": [[[134.1981216, 35.48066186], [134.19803164, 35.48069325], [134.19777876, 35.48082309], [134.19765078, 35.48090734], [134.19758882, 35.48096414], [134.19753782, 35.48108467], [134.19750362, 35.48132481], [134.19750006, 35.48152863], [134.19753615, 35.48191994], [134.19757715, 35.48206455], [134.19762787, 35.4821628], [134.1978845, 35.48253799], [134.19795112, 35.48271725], [134.19798506, 35.48290558], [134.19802444, 35.48293765], [134.19816094, 35.48297798], [134.19820802, 35.483038], [134.19824212, 35.48333004], [134.19824356, 35.48360278], [134.19829048, 35.48380293], [134.19833296, 35.48390391], [134.19846968, 35.48410312], [134.19905128, 35.48458339], [134.19915186, 35.48469446], [134.19923302, 35.48482205], [134.19939734, 35.48497924], [134.19963003, 35.48514397], [134.19985709, 35.4852182], [134.1999715, 35.48523648], [134.20058686, 35.48528329], [134.20092852, 35.48537659], [134.20122628, 35.48548516], [134.20185303, 35.48564194], [134.20249488, 35.4858721], [134.20291428, 35.48592132], [134.20302685, 35.48591792], [134.20322409, 35.48583263], [134.20345691, 35.48576625], [134.20353241, 35.48571558], [134.20356472, 35.48566931], [134.20358339, 35.48557329], [134.20357578, 35.48535944], [134.20351153, 35.48497807], [134.20352575, 35.48463589], [134.20355761, 35.48440084], [134.20372547, 35.48407681], [134.20355334, 35.48406526], [134.20337547, 35.48408581], [134.20297955, 35.48410669], [134.2029833, 35.48445396], [134.20297153, 35.48449171], [134.20294412, 35.48452273], [134.2028445, 35.48456689], [134.20266524, 35.48460723], [134.20256186, 35.48459887], [134.20243519, 35.4845609], [134.20197824, 35.48450474], [134.20188495, 35.48447736], [134.2017856, 35.48442709], [134.20175988, 35.4843985], [134.20174789, 35.4843487], [134.20176613, 35.48423705], [134.20180645, 35.48416372], [134.20192044, 35.48404256], [134.20193282, 35.48398617], [134.2018081, 35.48374326], [134.20176382, 35.48371419], [134.20170267, 35.48369477], [134.20145479, 35.48368646], [134.20130646, 35.48365884], [134.20123949, 35.48362354], [134.20110486, 35.48350814], [134.20084814, 35.48345518], [134.20062935, 35.48339978], [134.20038676, 35.48336457], [134.19993288, 35.48324343], [134.19996352, 35.48309982], [134.20001594, 35.48272453], [134.20002531, 35.48254773], [134.2000557, 35.4824689], [134.20010101, 35.48243342], [134.20016429, 35.48241405], [134.20059244, 35.48237655], [134.20098557, 35.48235314], [134.20138868, 35.48228053], [134.20161331, 35.48225367], [134.20170217, 35.48221281], [134.20187022, 35.48214048], [134.20191911, 35.4821355], [134.2019774, 35.48214972], [134.20238536, 35.48245578], [134.20248463, 35.48250742], [134.20264189, 35.4825598], [134.20270698, 35.48260359], [134.20278053, 35.48270867], [134.20282394, 35.48285526], [134.20288796, 35.4831535], [134.20295236, 35.4833941], [134.20363968, 35.48360489], [134.203827, 35.48371435], [134.20385174, 35.48351368], [134.20382105, 35.48331257], [134.20377116, 35.4832048], [134.2036045, 35.48294905], [134.20348983, 35.48268963], [134.20345548, 35.48257798], [134.20344015, 35.48239201], [134.20341007, 35.48230905], [134.20331598, 35.48217115], [134.20311096, 35.48201182], [134.20299506, 35.48186857], [134.20292702, 35.48171262], [134.20288691, 35.48155297], [134.20280145, 35.4813331], [134.2027708, 35.4812863], [134.20273836, 35.48126483], [134.20266848, 35.48126321], [134.20251553, 35.48131674], [134.20217463, 35.481406], [134.2020803, 35.48139568], [134.20192494, 35.48133626], [134.20191828, 35.48121838], [134.20185349, 35.48111414], [134.20167079, 35.48120636], [134.20136616, 35.48138483], [134.20127621, 35.48140498], [134.20112708, 35.48140715], [134.2011484, 35.48123523], [134.20110106, 35.48103328], [134.20104652, 35.48096071], [134.20087639, 35.48083309], [134.20078005, 35.48071048], [134.20110659, 35.4805743], [134.20123486, 35.48050196], [134.20073567, 35.48029457], [134.20025655, 35.48014605], [134.20005439, 35.48003317], [134.19991991, 35.48004952], [134.19966507, 35.48008531], [134.1993742, 35.48011757], [134.1993425, 35.48027853], [134.19924413, 35.48038697], [134.19917281, 35.48044299], [134.19900633, 35.48053132], [134.19886863, 35.48057279], [134.1981216, 35.48066186]]]}}, {"type": "Feature", "properties": {"MESH2_C": "533411", "grid_code": "53341187", "grid_area": 1048282.221296154, "grid_perimeter": 4116.835476902365, "area": 33935.6678764269, "perimeter": 1394.2420809452258, "connect": 0.0010819328084950483, "connect_rev": 3.502502637915573e-05}, "geometry": {"type": "Polygon", "coordinates": [[[134.21432598, 35.48845668], [134.21431277, 35.48835697], [134.21433685, 35.48793885], [134.21433964, 35.48757815], [134.21437535, 35.48726219], [134.2143823, 35.4869738], [134.21441948, 35.48651304], [134.21441781, 35.48645723], [134.2139361, 35.48645722], [134.21392331, 35.48678725], [134.21394397, 35.48723417], [134.21390554, 35.48796973], [134.21393798, 35.48879207], [134.21400829, 35.48917733], [134.2140852, 35.48942872], [134.21411998, 35.48970122], [134.21419195, 35.4899979], [134.21420754, 35.49022843], [134.21420307, 35.49051698], [134.21421913, 35.49070421], [134.21432108, 35.49111263], [134.21435135, 35.49164576], [134.21433562, 35.49191912], [134.21435484, 35.49210607], [134.21440265, 35.49224314], [134.21450917, 35.49237572], [134.21463965, 35.49223311], [134.21474902, 35.49215568], [134.21485411, 35.49209533], [134.21487307, 35.49157625], [134.21495914, 35.4911498], [134.21498769, 35.49087671], [134.21486786, 35.4900757], [134.21488552, 35.48965789], [134.21487442, 35.48922545], [134.21483593, 35.48910053], [134.21473953, 35.48893006], [134.21467907, 35.48886037], [134.21449524, 35.48870653], [134.21436887, 35.48854992], [134.21432598, 35.48845668]]]}}, {"type": "Feature", "properties": {"MESH2_C": "533411", "grid_code": "53341187", "grid_area": 1048282.221296154, "grid_perimeter": 4116.835476902365, "area": 3929.650093768054, "perimeter": 460.17578495129266, "connect": 0.0010819328084950483, "connect_rev": 4.055794590407501e-06}, "geometry": {"type": "Polygon", "coordinates": [[[134.21320861, 35.49471939], [134.21310972, 35.49477029], [134.21306387, 35.4947689], [134.21302126, 35.4947519], [134.21297783, 35.49469729], [134.21296183, 35.49462889], [134.21294626, 35.4942988], [134.212908, 35.49419429], [134.21283186, 35.49411826], [134.21265911, 35.49406129], [134.21265114, 35.49425465], [134.21264574, 35.4947044], [134.21265977, 35.49478953], [134.21344495, 35.49478957], [134.21355761, 35.4943782], [134.21363453, 35.49393942], [134.21351283, 35.49395927], [134.21344244, 35.49402498], [134.21335541, 35.49424347], [134.21332525, 35.49443673], [134.21327653, 35.49462356], [134.21320861, 35.49471939]]]}}, {"type": "Feature", "properties": {"MESH2_C": "533411", "grid_code": "53341197", "grid_area": 1048175.4182543531, "grid_perimeter": 4116.60382223674, "area": 7984.59784149898, "perimeter": 468.98373844705316, "connect": 0.0007613938281342233, "connect_rev": 5.800005810836441e-06}, "geometry": {"type": "Polygon", "coordinates": [[[134.21269262, 35.49498892], [134.21271177, 35.49565505], [134.21273348, 35.49585669], [134.21272496, 35.49604456], [134.2127345, 35.49626207], [134.21276293, 35.49640397], [134.21283614, 35.49653552], [134.21310933, 35.49595555], [134.21319451, 35.49571935], [134.21332768, 35.49510677], [134.21344141, 35.49480249], [134.21344495, 35.49478957], [134.21265977, 35.49478953], [134.21269262, 35.49498892]]]}}, {"type": "Feature", "properties": {"MESH2_C": "533411", "grid_code": "53341197", "grid_area": 1048175.4182543531, "grid_perimeter": 4116.60382223674, "area": 20483.24993287574, "perimeter": 813.3426719465274, "connect": 0.0007613938281342233, "connect_rev": 1.4879017202097568e-05}, "geometry": {"type": "Polygon", "coordinates": [[[134.21498204, 35.49981019], [134.21504827, 35.49982567], [134.21511672, 35.49982031], [134.21517778, 35.49979675], [134.21524218, 35.49975165], [134.21532253, 35.49965111], [134.21520529, 35.4994911], [134.215085, 35.49920393], [134.21491752, 35.4988697], [134.21465718, 35.49816446], [134.21462026, 35.49800872], [134.21461832, 35.49783622], [134.21469861, 35.49763006], [134.21476526, 35.49753005], [134.21493372, 35.49738302], [134.21498638, 35.49729318], [134.21499706, 35.49718005], [134.21495295, 35.49707187], [134.21488692, 35.4970055], [134.21481597, 35.49696179], [134.2147363, 35.49693366], [134.21463354, 35.49692311], [134.21356825, 35.49705741], [134.21362856, 35.49723814], [134.21394621, 35.49791224], [134.2140873, 35.49825445], [134.21420026, 35.49848174], [134.2143085, 35.49875639], [134.21453366, 35.49913253], [134.21472013, 35.49947574], [134.21488631, 35.49973155], [134.21492796, 35.49977709], [134.21498204, 35.49981019]]]}}, {"type": "Feature", "properties": {"MESH2_C": "533411", "grid_code": "53341196", "grid_area": 1048176.0603796318, "grid_perimeter": 4116.605083185092, "area": 14685.129830078193, "perimeter": 477.71829447014414, "connect": 0.012715141857687866, "connect_rev": 0.0001781413600692042}, "geometry": {"type": "Polygon", "coordinates": [[[134.2026569, 35.50210663], [134.2026704, 35.50198592], [134.20275186, 35.50184049], [134.20282722, 35.50168999], [134.20298282, 35.50151487], [134.2030884, 35.50141992], [134.20303426, 35.50092737], [134.20303193, 35.50090616], [134.20297418, 35.50091603], [134.20260649, 35.50097886], [134.20206444, 35.50102057], [134.20168284, 35.50101805], [134.20160679, 35.50123902], [134.20154776, 35.50160605], [134.20168754, 35.50178817], [134.20175454, 35.50185908], [134.20185196, 35.50196542], [134.20193739, 35.50204148], [134.20201016, 35.50215269], [134.20211409, 35.50222385], [134.20221851, 35.50224466], [134.20234776, 35.50224551], [134.2025264, 35.50223159], [134.20260061, 35.50219685], [134.2026569, 35.50210663]]]}}, {"type": "Feature", "properties": {"MESH2_C": "533411", "grid_code": "53341196", "grid_area": 1048176.0603796318, "grid_perimeter": 4116.605083185092, "area": 117278.00600717426, "perimeter": 2173.3234138442817, "connect": 0.012715141857687866, "connect_rev": 0.0014226679462874781}, "geometry": {"type": "Polygon", "coordinates": [[[134.19783574, 35.49488345], [134.19790009, 35.49507683], [134.19792673, 35.49530529], [134.1979612, 35.4953603], [134.19799909, 35.49537987], [134.19804706, 35.49538296], [134.1980938, 35.49537047], [134.19812998, 35.49534621], [134.19829775, 35.4950539], [134.19866087, 35.49503411], [134.19874366, 35.49515296], [134.19880926, 35.49527518], [134.19885908, 35.4954168], [134.19887366, 35.49553344], [134.19885889, 35.49566374], [134.19872793, 35.49565261], [134.19857106, 35.49567256], [134.19847393, 35.49570462], [134.19841088, 35.49575114], [134.19837758, 35.49580033], [134.19836016, 35.49587041], [134.19838172, 35.49607243], [134.19837696, 35.49615924], [134.19834555, 35.49622238], [134.19829844, 35.49625871], [134.19816401, 35.49628779], [134.19784802, 35.49626133], [134.19763672, 35.49626845], [134.19767296, 35.49641057], [134.19772297, 35.49654844], [134.19798504, 35.4969743], [134.19842942, 35.4974057], [134.19878496, 35.49768683], [134.19911437, 35.49805775], [134.1991771, 35.49811619], [134.19958836, 35.49820641], [134.199948, 35.49828002], [134.20019967, 35.49834701], [134.20064687, 35.49842447], [134.20090942, 35.49844535], [134.20119564, 35.49851377], [134.20135362, 35.49851625], [134.20186469, 35.4984719], [134.20195176, 35.49845703], [134.20200823, 35.49843028], [134.20205771, 35.49836265], [134.2020911, 35.49819012], [134.20217103, 35.4979387], [134.20227187, 35.49738151], [134.20240503, 35.49688795], [134.20244475, 35.49664416], [134.20241097, 35.49653644], [134.20217121, 35.49626858], [134.20199398, 35.49596996], [134.20189602, 35.49582034], [134.20186872, 35.49570807], [134.20187237, 35.49554945], [134.20191063, 35.49530519], [134.20191912, 35.49515826], [134.20170028, 35.49509014], [134.20153876, 35.49504438], [134.20141317, 35.49498895], [134.20104688, 35.49478929], [134.19778339, 35.4947891], [134.19783574, 35.49488345]], [[134.19900241, 35.49571354], [134.19916485, 35.49574143], [134.19938393, 35.49579694], [134.19971131, 35.49584624], [134.19974858, 35.49590096], [134.19971987, 35.49602868], [134.19972129, 35.49608273], [134.1997205, 35.49645758], [134.19969231, 35.49655532], [134.19961059, 35.49672862], [134.19959634, 35.49698581], [134.19953537, 35.49719673], [134.19945249, 35.49728564], [134.19931263, 35.49734498], [134.19912369, 35.49738182], [134.19899068, 35.49735837], [134.19888588, 35.49730505], [134.19872892, 35.49718878], [134.19854211, 35.49701295], [134.1985008, 35.4969251], [134.19850871, 35.49685709], [134.19860431, 35.49660839], [134.19880273, 35.49583137], [134.19885889, 35.49566374], [134.19900241, 35.49571354]]]}}, {"type": "Feature", "properties": {"MESH2_C": "533411", "grid_code": "53341195", "grid_area": 1048176.7689235732, "grid_perimeter": 4116.606474558036, "area": 28721.31231846765, "perimeter": 934.2864661599103, "connect": 0.015193979287517142, "connect_rev": 0.0004163334252535103}, "geometry": {"type": "Polygon", "coordinates": [[[134.18865512, 35.50186282], [134.18914998, 35.50163936], [134.18928207, 35.50154336], [134.18936999, 35.50143706], [134.18940558, 35.50132568], [134.18940398, 35.50122518], [134.18928942, 35.50089152], [134.18926702, 35.50070539], [134.18918353, 35.50068862], [134.18909187, 35.50065775], [134.18885017, 35.50050881], [134.18867197, 35.50030894], [134.18825206, 35.49994572], [134.18817767, 35.50010988], [134.18806251, 35.50030743], [134.18788298, 35.50054233], [134.18779355, 35.50061089], [134.18745031, 35.50076396], [134.187471, 35.50086303], [134.18742269, 35.50094621], [134.18729345, 35.50101449], [134.18715233, 35.50104446], [134.18706494, 35.50099798], [134.1869161, 35.50084965], [134.18670716, 35.50098571], [134.18630323, 35.50119979], [134.18611579, 35.50133435], [134.18629871, 35.50138759], [134.18650596, 35.50142675], [134.18659239, 35.50146806], [134.18664797, 35.50155233], [134.1867264, 35.50183492], [134.18682695, 35.50177636], [134.1870912, 35.50169574], [134.18728107, 35.50160736], [134.1873224, 35.50156719], [134.18734948, 35.50151823], [134.18738208, 35.50136828], [134.18770942, 35.5011976], [134.18778949, 35.50118231], [134.1878697, 35.50119863], [134.18804217, 35.50130293], [134.18811141, 35.50138236], [134.18817049, 35.5016228], [134.18818493, 35.50182716], [134.1882208, 35.501884], [134.1882793, 35.50189504], [134.18852127, 35.50189694], [134.18865512, 35.50186282]]]}}, {"type": "Feature", "properties": {"MESH2_C": "533411", "grid_code": "53341195", "grid_area": 1048176.7689235732, "grid_perimeter": 4116.606474558036, "area": 125969.5376138301, "perimeter": 2617.8035505306525, "connect": 0.015193979287517142, "connect_rev": 0.0018260074083956367}, "geometry": {"type": "Polygon", "coordinates": [[[134.1848029, 35.49669433], [134.18496865, 35.49686107], [134.18518168, 35.49703355], [134.18556697, 35.49739135], [134.18563808, 35.49749067], [134.18566163, 35.49758715], [134.1856439, 35.49774598], [134.18559999, 35.49786928], [134.18552315, 35.4979452], [134.18539884, 35.49799973], [134.18527833, 35.49801513], [134.18518051, 35.49799316], [134.18487242, 35.49780026], [134.18475975, 35.49770371], [134.18475963, 35.50120115], [134.18481327, 35.50112131], [134.18491669, 35.50079902], [134.18503889, 35.50051158], [134.18513304, 35.50018678], [134.18518373, 35.50011414], [134.18527406, 35.50004851], [134.18539368, 35.49989897], [134.18544021, 35.49972908], [134.1854472, 35.49942642], [134.18549067, 35.49908153], [134.1854935, 35.49862694], [134.18550791, 35.49857778], [134.18553085, 35.49855758], [134.18556415, 35.49855525], [134.18560476, 35.49856901], [134.18580474, 35.49869449], [134.18599406, 35.49873009], [134.18605903, 35.49877374], [134.18605967, 35.49883634], [134.18601689, 35.4989006], [134.18582212, 35.49902785], [134.18576945, 35.4990813], [134.18572468, 35.49918986], [134.18570269, 35.49934766], [134.18572367, 35.49946168], [134.18577513, 35.49955187], [134.1858683, 35.4996382], [134.18606622, 35.49978299], [134.18614622, 35.49972918], [134.1862394, 35.49971163], [134.18658402, 35.49977202], [134.18674269, 35.49977473], [134.18691823, 35.49975968], [134.18708979, 35.49972466], [134.18720381, 35.49968746], [134.18732453, 35.49962901], [134.18742502, 35.49956911], [134.18755393, 35.49962467], [134.18771307, 35.49967773], [134.1879946, 35.49974971], [134.18816797, 35.49973687], [134.18826264, 35.4997091], [134.18836665, 35.49971146], [134.18853892, 35.49974751], [134.18873702, 35.49980989], [134.18887242, 35.49987666], [134.18897274, 35.49995616], [134.18904929, 35.50005387], [134.18942013, 35.50003798], [134.18979331, 35.49997444], [134.18982726, 35.49982981], [134.18983008, 35.49967542], [134.1896088, 35.49901749], [134.18951111, 35.49882958], [134.18931261, 35.49889066], [134.18901273, 35.49902474], [134.18868223, 35.49914481], [134.18842052, 35.49927206], [134.18811365, 35.49899148], [134.18781534, 35.4987641], [134.18762352, 35.49855485], [134.18757207, 35.49843449], [134.18756877, 35.4982457], [134.18754717, 35.49803058], [134.18776788, 35.49784444], [134.18797919, 35.49756316], [134.18786971, 35.49755469], [134.18778849, 35.49741446], [134.18765091, 35.49703309], [134.18763466, 35.49695455], [134.18761707, 35.49693548], [134.18756145, 35.49690566], [134.18753053, 35.49689851], [134.18747756, 35.49689905], [134.1873853, 35.49688315], [134.18724007, 35.49682051], [134.18695991, 35.49649324], [134.18670674, 35.4960714], [134.18646433, 35.49583274], [134.18637136, 35.4957442], [134.18625302, 35.49565739], [134.18584917, 35.49544716], [134.1852614, 35.49507106], [134.18504296, 35.49496713], [134.18475985, 35.4949255], [134.18475979, 35.49666765], [134.1848029, 35.49669433]]]}}, {"type": "Feature", "properties": {"MESH2_C": "533411", "grid_code": "53341185", "grid_area": 1048283.57238378, "grid_perimeter": 4116.838129923948, "area": 294524.8917883315, "perimeter": 4024.995603170385, "connect": 0.07893806022800945, "connect_rev": 0.022178372588408414}, "geometry": {"type": "Polygon", "coordinates": [[[134.18921924, 35.48679537], [134.18924491, 35.48689155], [134.18929244, 35.48696756], [134.18942235, 35.48708669], [134.18971008, 35.48728545], [134.1899528, 35.48745258], [134.19010627, 35.48760982], [134.19016369, 35.48772915], [134.19017561, 35.48791556], [134.19019432, 35.48798465], [134.1902535, 35.48807158], [134.19034017, 35.48814298], [134.19059083, 35.4882843], [134.19067884, 35.48830926], [134.19073074, 35.48829516], [134.19082473, 35.48817373], [134.1909761, 35.48815833], [134.19107816, 35.48842027], [134.19113774, 35.48850758], [134.19137411, 35.48870501], [134.19164419, 35.48889417], [134.19173131, 35.48898606], [134.19175959, 35.48905339], [134.19175863, 35.48913702], [134.19172516, 35.4892191], [134.1916801, 35.489285], [134.19192249, 35.48944737], [134.19209994, 35.48958831], [134.19219473, 35.48910465], [134.19231029, 35.48874078], [134.19235828, 35.48866192], [134.19240773, 35.48862363], [134.19246768, 35.4886062], [134.19253213, 35.48861397], [134.19257629, 35.48863732], [134.19261826, 35.48868152], [134.19264647, 35.48877883], [134.19263108, 35.48887895], [134.19256774, 35.48906016], [134.19254192, 35.48918819], [134.19252854, 35.48936178], [134.19256149, 35.48947011], [134.19265172, 35.48957703], [134.19279501, 35.4897047], [134.19290581, 35.48977629], [134.19320248, 35.48993302], [134.19335592, 35.49005156], [134.19368999, 35.49040585], [134.19394326, 35.49072536], [134.19390308, 35.49085913], [134.19390488, 35.49101748], [134.19418329, 35.4913137], [134.19434623, 35.49151998], [134.1945014, 35.49184364], [134.19470305, 35.49236896], [134.19475019, 35.49249324], [134.1948187, 35.49261041], [134.19519037, 35.4931533], [134.19537585, 35.4933648], [134.19549832, 35.49346856], [134.19576219, 35.49363894], [134.19621359, 35.49396439], [134.19637779, 35.49406866], [134.19656742, 35.49404714], [134.19705484, 35.49422537], [134.19725875, 35.49434264], [134.1972589, 35.48982003], [134.19724048, 35.48981245], [134.19712221, 35.48978558], [134.19699831, 35.48977661], [134.1968607, 35.48979381], [134.19663314, 35.48990299], [134.19654838, 35.48991461], [134.19647705, 35.48990505], [134.19639743, 35.48985703], [134.19638314, 35.48982335], [134.19638652, 35.48978701], [134.19642926, 35.48971492], [134.19650468, 35.48964068], [134.19671451, 35.48946371], [134.19686126, 35.48931528], [134.1968996, 35.48928958], [134.19695738, 35.4892761], [134.19725892, 35.48933704], [134.19725898, 35.48745686], [134.19712418, 35.4874572], [134.19703262, 35.4874177], [134.19697112, 35.48734858], [134.19694321, 35.48726714], [134.19694365, 35.48717579], [134.19709134, 35.48712535], [134.19722407, 35.48705674], [134.19725899, 35.48703274], [134.19725901, 35.48663808], [134.19718254, 35.4865788], [134.19703992, 35.4864567], [134.18920873, 35.48645666], [134.18921924, 35.48679537]], [[134.19421351, 35.48656748], [134.19440597, 35.48654178], [134.19455758, 35.48656636], [134.19484677, 35.48670861], [134.19497597, 35.48675242], [134.19509787, 35.48676298], [134.19568081, 35.48672686], [134.1958394, 35.48673203], [134.19594248, 35.48675154], [134.19603749, 35.48678739], [134.1962064, 35.48689212], [134.19637493, 35.48701452], [134.19648114, 35.48717846], [134.19660374, 35.48730645], [134.19650216, 35.48738257], [134.19622042, 35.48761794], [134.19607433, 35.48768581], [134.1959621, 35.4876945], [134.19576428, 35.48760094], [134.19566281, 35.48758255], [134.19543479, 35.48760759], [134.19543201, 35.48768139], [134.19540194, 35.48774333], [134.19534108, 35.48778775], [134.19527558, 35.48781155], [134.19475842, 35.48803587], [134.19466565, 35.48806579], [134.19459905, 35.48807264], [134.19449951, 35.48805773], [134.19422789, 35.48796074], [134.19392145, 35.48789727], [134.19362663, 35.48779739], [134.19348838, 35.48772981], [134.19338576, 35.48763342], [134.19318547, 35.48729125], [134.1930283, 35.48700076], [134.19305755, 35.48692992], [134.1930907, 35.48686083], [134.19314915, 35.48679365], [134.19320365, 35.48676439], [134.19344318, 35.48672212], [134.19364493, 35.4866689], [134.19388924, 35.48663869], [134.19421351, 35.48656748]]]}}, {"type": "Feature", "properties": {"MESH2_C": "533411", "grid_code": "53341186", "grid_area": 1048282.8636202514, "grid_perimeter": 4116.8367381832495, "area": 203795.44114968576, "perimeter": 2352.482394154196, "connect": 0.03800266252042747, "connect_rev": 0.007388053016975338}, "geometry": {"type": "Polygon", "coordinates": [[[134.19757557, 35.49452485], [134.19772081, 35.49467633], [134.19778339, 35.4947891], [134.20104688, 35.49478929], [134.20085426, 35.4946843], [134.20074812, 35.4946082], [134.20068393, 35.49454014], [134.20051657, 35.49430233], [134.20037197, 35.4940574], [134.20024231, 35.49386107], [134.20017987, 35.4936772], [134.20021002, 35.49353284], [134.20029156, 35.4934137], [134.20048654, 35.49348145], [134.20104982, 35.49361531], [134.20134029, 35.49372445], [134.20170922, 35.49383067], [134.20199679, 35.49393883], [134.2021841, 35.49359983], [134.2022111, 35.49347622], [134.20223475, 35.49321939], [134.20234468, 35.49285423], [134.20241095, 35.49251115], [134.20247564, 35.49228572], [134.20263442, 35.49196364], [134.20271326, 35.49177172], [134.20280915, 35.4916929], [134.20303549, 35.49160475], [134.20308352, 35.49156712], [134.20311113, 35.49151901], [134.20310972, 35.49141874], [134.20306773, 35.49130745], [134.20300728, 35.49121992], [134.20284162, 35.49103107], [134.20263342, 35.49079273], [134.20259122, 35.49071453], [134.2024702, 35.49071085], [134.20237611, 35.49065984], [134.20209999, 35.49024002], [134.20200282, 35.49011735], [134.2019429, 35.49006828], [134.20185399, 35.49003926], [134.20126129, 35.48997692], [134.20110163, 35.48996699], [134.20094695, 35.48997957], [134.20076895, 35.49004444], [134.20052639, 35.49016432], [134.2003806, 35.49024638], [134.20030305, 35.49027237], [134.20022344, 35.49026283], [134.20016649, 35.49022301], [134.2000811, 35.4904135], [134.20000827, 35.49077192], [134.19988344, 35.49098044], [134.19983434, 35.4910896], [134.19981032, 35.491189], [134.19980369, 35.49130562], [134.19958177, 35.49125068], [134.19946305, 35.49120342], [134.19937141, 35.49112751], [134.19927319, 35.4909792], [134.19924848, 35.49092156], [134.19919502, 35.49087159], [134.19892342, 35.49081244], [134.19863894, 35.49087386], [134.19858267, 35.49090275], [134.19854821, 35.4909377], [134.19834123, 35.49085645], [134.19774988, 35.49066405], [134.19761768, 35.49059315], [134.19750578, 35.49050085], [134.19739124, 35.49037192], [134.19735167, 35.4902649], [134.19736833, 35.4901664], [134.19747051, 35.48991961], [134.1973659, 35.48986406], [134.1972589, 35.48982003], [134.19725875, 35.49434264], [134.19757557, 35.49452485]]]}}, {"type": "Feature", "properties": {"MESH2_C": "533411", "grid_code": "53341186", "grid_area": 1048282.8636202514, "grid_perimeter": 4116.8367381832495, "area": 15105.975326152344, "perimeter": 633.35125344375, "connect": 0.03800266252042747, "connect_rev": 0.0005476263156483612}, "geometry": {"type": "Polygon", "coordinates": [[[134.19738117, 35.48936175], [134.19797245, 35.48955788], [134.1981613, 35.48963658], [134.19822183, 35.48956592], [134.19827878, 35.48946157], [134.19831856, 35.48936423], [134.19833259, 35.48926351], [134.19831911, 35.48914677], [134.19825581, 35.48893498], [134.19825662, 35.488804], [134.19826938, 35.48868626], [134.19814026, 35.48866327], [134.19809362, 35.48863567], [134.19775081, 35.4884262], [134.19768959, 35.48837509], [134.19765755, 35.48832646], [134.19765421, 35.48821843], [134.19768831, 35.48809779], [134.19776832, 35.48790714], [134.19777964, 35.48777851], [134.19781836, 35.48754739], [134.1978088, 35.4874623], [134.19776863, 35.48736718], [134.19757493, 35.48738797], [134.19728313, 35.4874568], [134.19725898, 35.48745686], [134.19725892, 35.48933704], [134.19738117, 35.48936175]]]}}, {"type": "Feature", "properties": {"MESH2_C": "533411", "grid_code": "53341186", "grid_area": 1048282.8636202514, "grid_perimeter": 4116.8367381832495, "area": 487.92800218617776, "perimeter": 102.46980946816798, "connect": 0.03800266252042747, "connect_rev": 1.768851122616929e-05}, "geometry": {"type": "Polygon", "coordinates": [[[134.19741674, 35.48692438], [134.19745387, 35.48688045], [134.19746165, 35.48683231], [134.19741682, 35.4867604], [134.19725901, 35.48663808], [134.19725899, 35.48703274], [134.19741674, 35.48692438]]]}}, {"type": "Feature", "properties": {"MESH2_C": "533411", "grid_code": "53341175", "grid_area": 1048390.3534777015, "grid_perimeter": 4117.069737479558, "area": 360268.3822023873, "perimeter": 3565.488952997579, "connect": 0.11842062036023632, "connect_rev": 0.040694007890347154}, "geometry": {"type": "Polygon", "coordinates": [[[134.18478944, 35.48291367], [134.18488193, 35.4830043], [134.18496439, 35.48303861], [134.18543053, 35.48330341], [134.18557275, 35.48341222], [134.18571309, 35.48354242], [134.18585409, 35.48362914], [134.18606511, 35.48370252], [134.18648056, 35.48377426], [134.18663932, 35.48383534], [134.18670202, 35.48388367], [134.18674974, 35.48394383], [134.1868371, 35.48405719], [134.18693241, 35.48408201], [134.18704039, 35.48410622], [134.18728794, 35.48428368], [134.18748602, 35.48447002], [134.187694, 35.48462793], [134.18792573, 35.48487537], [134.1880614, 35.48510328], [134.18838313, 35.48544381], [134.18870092, 35.48579312], [134.18900754, 35.48607247], [134.18914056, 35.48624216], [134.18920714, 35.48640541], [134.18920873, 35.48645666], [134.19703992, 35.4864567], [134.19683997, 35.48628551], [134.19667195, 35.48618275], [134.19645829, 35.48611452], [134.19634983, 35.48606659], [134.19576893, 35.48571198], [134.19571447, 35.48565719], [134.19568573, 35.48560573], [134.19563343, 35.48534968], [134.19560154, 35.48530153], [134.19553896, 35.48525232], [134.1954742, 35.48522477], [134.19540846, 35.48521269], [134.19532456, 35.48521794], [134.19515638, 35.48526415], [134.19505808, 35.48525679], [134.19496665, 35.48521613], [134.1944777, 35.48487911], [134.19422033, 35.48461678], [134.19403122, 35.48440197], [134.19394047, 35.4843317], [134.19389561, 35.48431673], [134.19383171, 35.48431447], [134.19371936, 35.48435908], [134.19347705, 35.48426018], [134.19278824, 35.48401955], [134.19267228, 35.48397293], [134.19263806, 35.48392964], [134.19265467, 35.48388164], [134.19285605, 35.48338165], [134.19289846, 35.48335232], [134.19295722, 35.48333104], [134.19300736, 35.48333252], [134.19307076, 35.48335829], [134.19339035, 35.48341141], [134.19342043, 35.48341621], [134.19344017, 35.48340646], [134.1934531, 35.48339259], [134.19344594, 35.48337307], [134.19339776, 35.48333684], [134.19320622, 35.48324296], [134.19301416, 35.48311633], [134.19281012, 35.483004], [134.19255132, 35.48280853], [134.19244494, 35.48275866], [134.19224687, 35.48269851], [134.19219047, 35.48266699], [134.19213676, 35.4826121], [134.19203612, 35.48244281], [134.19194267, 35.48232027], [134.19186294, 35.48224368], [134.19178002, 35.48219139], [134.19135762, 35.48201236], [134.19090484, 35.48192722], [134.19064632, 35.48189464], [134.19037499, 35.48175935], [134.18989328, 35.48160404], [134.18993018, 35.48169256], [134.18997724, 35.48186204], [134.18996204, 35.48189716], [134.18990391, 35.48194455], [134.18960422, 35.48207441], [134.18957868, 35.48206665], [134.18951646, 35.48198745], [134.18949345, 35.48197085], [134.18930658, 35.48197456], [134.1892328, 35.48195443], [134.18916252, 35.48188321], [134.18913502, 35.481829], [134.18913399, 35.48176308], [134.18915255, 35.48174486], [134.18920962, 35.48171564], [134.1892934, 35.48165528], [134.18931696, 35.48159454], [134.18930755, 35.48154065], [134.189241, 35.48137423], [134.18921099, 35.48122289], [134.18896899, 35.48126994], [134.1885809, 35.4813755], [134.18815403, 35.48155078], [134.18770892, 35.48168411], [134.18762652, 35.48173812], [134.18722255, 35.48184775], [134.18711055, 35.48176034], [134.18710152, 35.48160626], [134.18708868, 35.48156727], [134.18707236, 35.48154667], [134.1870363, 35.48153076], [134.18676229, 35.48141305], [134.1865535, 35.4813572], [134.18646485, 35.48132255], [134.18638455, 35.48127301], [134.18633551, 35.48121814], [134.18630712, 35.48112538], [134.18631938, 35.48090806], [134.18633315, 35.4808421], [134.18635698, 35.48077474], [134.18636174, 35.48071534], [134.18634529, 35.48065746], [134.1862709, 35.4805609], [134.18617017, 35.48050683], [134.18566705, 35.48043257], [134.1854027, 35.48047867], [134.1853011, 35.48050678], [134.18522341, 35.48050667], [134.185173, 35.48048218], [134.18512047, 35.48041309], [134.18509339, 35.48031276], [134.18506481, 35.48005144], [134.18506525, 35.47983245], [134.18501878, 35.47969624], [134.18492866, 35.47952442], [134.18476038, 35.47929294], [134.18476026, 35.48289531], [134.18478944, 35.48291367]]]}}, {"type": "Feature", "properties": {"MESH2_C": "533411", "grid_code": "53341175", "grid_area": 1048390.3534777015, "grid_perimeter": 4117.069737479558, "area": 2207.3027725869324, "perimeter": 222.87436969684347, "connect": 0.11842062036023632, "connect_rev": 0.0002493252277508425}, "geometry": {"type": "Polygon", "coordinates": [[[134.1848536, 35.47876682], [134.18507599, 35.4785422], [134.1851317, 35.47846936], [134.18516208, 35.47838805], [134.18519164, 35.47817314], [134.18521645, 35.47812407], [134.18476042, 35.47812404], [134.18476039, 35.47888772], [134.1848536, 35.47876682]]]}}, {"type": "Feature", "properties": {"MESH2_C": "533411", "grid_code": "53341165", "grid_area": 1048497.1122020818, "grid_perimeter": 4117.30129721799, "area": 88471.9553200663, "perimeter": 1792.026539287032, "connect": 0.14684745758785356, "connect_rev": 0.012390956117458456}, "geometry": {"type": "Polygon", "coordinates": [[[134.18526558, 35.47802691], [134.18538233, 35.47790109], [134.1855263, 35.47779394], [134.18563259, 35.4777417], [134.18574674, 35.47770613], [134.18611319, 35.4776609], [134.18625577, 35.47767714], [134.18640596, 35.47771086], [134.18650006, 35.47776761], [134.18659525, 35.47785086], [134.18668761, 35.47786876], [134.18680439, 35.47783777], [134.18725801, 35.47764174], [134.18739364, 35.47761184], [134.18751432, 35.47761744], [134.18761138, 35.47764421], [134.18800851, 35.47775417], [134.18809062, 35.47777157], [134.1883938, 35.47792037], [134.18862404, 35.47807802], [134.18880615, 35.47811048], [134.18878968, 35.47784175], [134.18876947, 35.47761165], [134.18873908, 35.4774409], [134.18868958, 35.47725791], [134.18860644, 35.47705309], [134.1885838, 35.47695564], [134.18838179, 35.47663386], [134.18827842, 35.47651819], [134.18785633, 35.47622956], [134.18780326, 35.47621902], [134.18772822, 35.47624219], [134.18762584, 35.47616855], [134.18718554, 35.47605972], [134.1870213, 35.47599951], [134.18685275, 35.47591628], [134.18670313, 35.4760401], [134.18646132, 35.4762715], [134.18625769, 35.4764085], [134.18618016, 35.47647682], [134.18604972, 35.47649834], [134.18595804, 35.4764465], [134.18592662, 35.47637553], [134.18595011, 35.47627086], [134.18603081, 35.47611568], [134.18614345, 35.47582162], [134.18616487, 35.47579405], [134.18620591, 35.47576627], [134.18634384, 35.4757331], [134.1865828, 35.47562821], [134.18650923, 35.47554573], [134.18641597, 35.47546003], [134.18619258, 35.47532455], [134.1860646, 35.4751928], [134.18591631, 35.47508075], [134.1858901, 35.47504948], [134.18587671, 35.47501584], [134.18588004, 35.47498121], [134.18589939, 35.47495277], [134.18602754, 35.47486808], [134.1860546, 35.4748432], [134.18608481, 35.47476487], [134.1860823, 35.47472615], [134.18603975, 35.47464921], [134.18580407, 35.47437368], [134.18572722, 35.47431544], [134.18565055, 35.47429027], [134.18558317, 35.47429182], [134.18551012, 35.47430883], [134.18540703, 35.47436477], [134.18536369, 35.47436712], [134.18531279, 35.474341], [134.18522082, 35.47424144], [134.1849156, 35.47392173], [134.18476057, 35.47369377], [134.18476042, 35.47812404], [134.18521645, 35.47812407], [134.18526558, 35.47802691]]]}}, {"type": "Feature", "properties": {"MESH2_C": "533411", "grid_code": "53341165", "grid_area": 1048497.1122020818, "grid_perimeter": 4117.30129721799, "area": 383385.7408758318, "perimeter": 4486.856429816556, "connect": 0.14684745758785356, "connect_rev": 0.05369516107184157}, "geometry": {"type": "Polygon", "coordinates": [[[134.18672169, 35.4699124], [134.18684252, 35.4700214], [134.18690658, 35.47015681], [134.18702804, 35.4703346], [134.18719811, 35.47052158], [134.1872709, 35.47058415], [134.18738958, 35.47064568], [134.18760408, 35.4707178], [134.18801934, 35.47082716], [134.18810453, 35.4709384], [134.18813189, 35.47104828], [134.18811334, 35.47114721], [134.18800684, 35.47143767], [134.18796486, 35.47156693], [134.18798322, 35.47166264], [134.18817504, 35.47201687], [134.18824672, 35.47210864], [134.18835271, 35.47220349], [134.18844691, 35.47226855], [134.18856954, 35.4723234], [134.18867015, 35.47234863], [134.1888611, 35.47236779], [134.18897031, 35.47240705], [134.18911358, 35.47251412], [134.1894146, 35.47279633], [134.18962294, 35.47290728], [134.18971707, 35.47294372], [134.18979956, 35.4729492], [134.19000547, 35.47291012], [134.19009347, 35.47290697], [134.19020996, 35.47293088], [134.19029498, 35.47298027], [134.19034722, 35.47303765], [134.19043306, 35.47317915], [134.19049641, 35.47324761], [134.19085062, 35.47348525], [134.19108241, 35.47370286], [134.19138358, 35.47410999], [134.19171989, 35.4744646], [134.19175939, 35.47452834], [134.19176817, 35.47459417], [134.19174341, 35.47465935], [134.19167867, 35.47473251], [134.1917327, 35.47482551], [134.19180604, 35.47492503], [134.19189646, 35.4750146], [134.19199866, 35.47509729], [134.19221055, 35.47516765], [134.19253766, 35.47530947], [134.19284659, 35.4754113], [134.19295992, 35.4754794], [134.19323496, 35.47570265], [134.19350795, 35.47588659], [134.1936143, 35.47593686], [134.1937107, 35.4759418], [134.19379201, 35.47589535], [134.19390574, 35.4757476], [134.19408292, 35.47555074], [134.19413352, 35.47545931], [134.19424619, 35.47518594], [134.19436151, 35.47502496], [134.19445402, 35.47493821], [134.19465102, 35.4747949], [134.19479882, 35.47465202], [134.19504637, 35.47444557], [134.19508118, 35.47438212], [134.1950814, 35.47431437], [134.19504575, 35.47423326], [134.19498568, 35.47414393], [134.19463921, 35.47378236], [134.19439514, 35.47357395], [134.19431707, 35.47348008], [134.19426042, 35.47334382], [134.19410492, 35.47282533], [134.19398989, 35.47255405], [134.19384682, 35.47255875], [134.19371579, 35.4725926], [134.19362839, 35.47264], [134.19339665, 35.47279702], [134.19321558, 35.47288652], [134.19308667, 35.47291048], [134.19299079, 35.47288362], [134.19293197, 35.47269039], [134.19294341, 35.47262036], [134.19302918, 35.47246044], [134.19302973, 35.47240868], [134.19301238, 35.47237285], [134.19296669, 35.47233215], [134.19287278, 35.47228661], [134.19231669, 35.47207338], [134.19214653, 35.47195028], [134.19209821, 35.47177552], [134.19204977, 35.47159357], [134.19206547, 35.4715098], [134.19210868, 35.47143063], [134.19218307, 35.47135031], [134.19226877, 35.47130452], [134.19242362, 35.47127529], [134.19254532, 35.47127867], [134.19264768, 35.47132334], [134.19274867, 35.47140524], [134.19285472, 35.47150103], [134.1930639, 35.47173307], [134.19332059, 35.47193006], [134.19355442, 35.47214451], [134.19375695, 35.47226055], [134.19385103, 35.47229954], [134.19398246, 35.47231307], [134.19403095, 35.47230432], [134.19406971, 35.47228375], [134.19409134, 35.47225037], [134.19410179, 35.47215584], [134.1941424, 35.47202208], [134.19415842, 35.47190823], [134.19415713, 35.47174962], [134.1941365, 35.47166541], [134.19409134, 35.47157163], [134.19388112, 35.47128846], [134.19382692, 35.47116756], [134.19380618, 35.47101154], [134.19382103, 35.47089799], [134.19383701, 35.47079774], [134.19397402, 35.47082018], [134.19411551, 35.47085659], [134.19423692, 35.47090153], [134.19430046, 35.47094359], [134.19435233, 35.47102579], [134.19440612, 35.47118266], [134.19445456, 35.47126812], [134.19456659, 35.47141947], [134.19468936, 35.47155278], [134.19457412, 35.47187398], [134.19452724, 35.4720884], [134.19445305, 35.47228325], [134.19436404, 35.47240776], [134.19422364, 35.47249412], [134.19424862, 35.47266389], [134.19434334, 35.4728663], [134.19472029, 35.47345433], [134.1949346, 35.47368417], [134.19501868, 35.47375766], [134.19545621, 35.47400191], [134.19553673, 35.47405744], [134.19558897, 35.47411375], [134.19568046, 35.47428576], [134.19574668, 35.47435013], [134.19595858, 35.47445351], [134.19610979, 35.47448895], [134.19626595, 35.47448057], [134.19648055, 35.47441375], [134.19654466, 35.47441569], [134.19660555, 35.4744357], [134.19671641, 35.47452907], [134.19687996, 35.47476829], [134.19699122, 35.47487955], [134.19723196, 35.47504856], [134.1972594, 35.47505993], [134.19725958, 35.46979195], [134.19350999, 35.469792], [134.19337748, 35.46984076], [134.19296717, 35.46992352], [134.19270366, 35.47000631], [134.1926337, 35.47004715], [134.19257921, 35.47010185], [134.19234177, 35.47047349], [134.19224796, 35.47052304], [134.19212405, 35.4705313], [134.19205672, 35.47038291], [134.19201193, 35.47018364], [134.19196764, 35.47009118], [134.19192391, 35.47004854], [134.1918526, 35.47000936], [134.19165135, 35.46995553], [134.19156615, 35.46990816], [134.19150357, 35.46981218], [134.19150579, 35.46979198], [134.18688654, 35.46979181], [134.18672169, 35.4699124]]]}}, {"type": "Feature", "properties": {"MESH2_C": "533411", "grid_code": "53341165", "grid_area": 1048497.1122020818, "grid_perimeter": 4117.30129721799, "area": 81389.68273804267, "perimeter": 1452.802186524376, "connect": 0.14684745758785356, "connect_rev": 0.011399047116936682}, "geometry": {"type": "Polygon", "coordinates": [[[134.19432369, 35.47673303], [134.19445484, 35.47685911], [134.19465399, 35.47703551], [134.19460205, 35.47709923], [134.19453231, 35.47712712], [134.194404, 35.47713477], [134.19417572, 35.47710613], [134.19407765, 35.47712274], [134.19397504, 35.47718836], [134.19387628, 35.47730351], [134.19376595, 35.47739994], [134.19362885, 35.47748976], [134.19314333, 35.47766781], [134.19330286, 35.47791059], [134.19346987, 35.47812437], [134.19574787, 35.47812436], [134.19577762, 35.47802901], [134.1960947, 35.47806788], [134.19646799, 35.47807199], [134.19671212, 35.47812434], [134.19697539, 35.47812433], [134.19706668, 35.47806787], [134.19717218, 35.47797393], [134.19722952, 35.47794936], [134.1972593, 35.47795091], [134.19725932, 35.4775345], [134.19692587, 35.4774946], [134.19679095, 35.47745996], [134.19670663, 35.47740874], [134.19667264, 35.47733463], [134.19668745, 35.47728324], [134.19672484, 35.47723576], [134.19703902, 35.47697966], [134.19708138, 35.4769171], [134.19709628, 35.47686218], [134.19708878, 35.47679211], [134.19705612, 35.47672605], [134.1969752, 35.47663113], [134.19680447, 35.47648012], [134.19678317, 35.47644162], [134.19678614, 35.4763947], [134.19682368, 35.47636432], [134.19688386, 35.47635641], [134.19725935, 35.47647583], [134.19725937, 35.47593558], [134.19709235, 35.47590037], [134.19695321, 35.47588569], [134.19663518, 35.47587996], [134.19648701, 35.47584453], [134.19622428, 35.47569931], [134.19592038, 35.47548137], [134.19572349, 35.47531538], [134.19565015, 35.47527884], [134.1955677, 35.47525673], [134.19535729, 35.47524926], [134.19511562, 35.47528487], [134.19500853, 35.47533142], [134.19477166, 35.47548268], [134.19446861, 35.47568574], [134.19403977, 35.47605714], [134.19366245, 35.47636797], [134.19379636, 35.47662366], [134.19387267, 35.47670229], [134.19398224, 35.47674288], [134.19432369, 35.47673303]]]}}, {"type": "Feature", "properties": {"MESH2_C": "533411", "grid_code": "53341166", "grid_area": 1048496.402996663, "grid_perimeter": 4117.299904736612, "area": 92255.08905603446, "perimeter": 1622.9019475108028, "connect": 0.009190913518034778, "connect_rev": 0.000808689989483262}, "geometry": {"type": "Polygon", "coordinates": [[[134.19749915, 35.47515931], [134.19766862, 35.47519887], [134.19799852, 35.47524692], [134.19811943, 35.47523574], [134.19835253, 35.4751695], [134.19842077, 35.47517185], [134.1984678, 35.47518626], [134.19853519, 35.47524673], [134.19855669, 35.47534391], [134.19852052, 35.47547029], [134.19841846, 35.47563959], [134.19841361, 35.47569314], [134.19842802, 35.47572983], [134.1984707, 35.47577087], [134.19853103, 35.47580141], [134.19891151, 35.47592325], [134.19900714, 35.4759529], [134.19909218, 35.47596718], [134.19915267, 35.47595828], [134.19919747, 35.47592579], [134.19934254, 35.47558268], [134.19956064, 35.47517482], [134.19960933, 35.47500224], [134.19965383, 35.4749448], [134.19972892, 35.47490228], [134.19983618, 35.47490641], [134.19964685, 35.47455995], [134.19945912, 35.47421806], [134.19941585, 35.47403452], [134.19929816, 35.47376268], [134.19909511, 35.47310434], [134.1987421, 35.47215018], [134.19862851, 35.47174157], [134.19851173, 35.47142336], [134.19842606, 35.47112809], [134.19811669, 35.47055202], [134.19803059, 35.47042711], [134.19789698, 35.47032026], [134.19786395, 35.47027543], [134.1978332, 35.47009027], [134.19773062, 35.469813], [134.19772537, 35.46979198], [134.19725958, 35.46979195], [134.1972594, 35.47505993], [134.19749915, 35.47515931]]]}}, {"type": "Feature", "properties": {"MESH2_C": "533411", "grid_code": "53341166", "grid_area": 1048496.402996663, "grid_perimeter": 4117.299904736612, "area": 1386.018764040491, "perimeter": 160.39991985540198, "connect": 0.009190913518034778, "connect_rev": 1.2149568237202763e-05}, "geometry": {"type": "Polygon", "coordinates": [[[134.19739596, 35.47651927], [134.19746086, 35.47652435], [134.19750202, 35.47651108], [134.19753801, 35.47647189], [134.1975507, 35.47640355], [134.19750636, 35.47611459], [134.19747529, 35.47604884], [134.19743362, 35.47600397], [134.19733214, 35.47595092], [134.19725937, 35.47593558], [134.19725935, 35.47647583], [134.19739596, 35.47651927]]]}}, {"type": "Feature", "properties": {"MESH2_C": "533411", "grid_code": "53341166", "grid_area": 1048496.402996663, "grid_perimeter": 4117.299904736612, "area": 39888.08875699781, "perimeter": 1042.6397208697963, "connect": 0.009190913518034778, "connect_rev": 0.000349651151036356}, "geometry": {"type": "Polygon", "coordinates": [[[134.20031265, 35.47800497], [134.20034996, 35.4779449], [134.20040187, 35.47792158], [134.20048263, 35.47792796], [134.20060796, 35.47797758], [134.20071272, 35.47803972], [134.20084302, 35.47812453], [134.20161475, 35.47812457], [134.20156288, 35.47804337], [134.20141843, 35.47786025], [134.20124115, 35.47722146], [134.20118909, 35.47711514], [134.20113298, 35.47706165], [134.20104618, 35.47701151], [134.20086009, 35.47692539], [134.20069444, 35.47687168], [134.20062178, 35.4768361], [134.20055884, 35.47677178], [134.20051094, 35.47667554], [134.20041962, 35.47683032], [134.20036336, 35.4769823], [134.20032048, 35.47704362], [134.20021209, 35.47711209], [134.20002787, 35.477163], [134.19987174, 35.47718261], [134.1996073, 35.47718126], [134.19948712, 35.47716239], [134.19918584, 35.47708406], [134.19890593, 35.47705468], [134.19869452, 35.47704681], [134.19851986, 35.47705643], [134.19807431, 35.47713975], [134.19796668, 35.47718733], [134.1978636, 35.47726483], [134.19773596, 35.47742028], [134.1976296, 35.47763489], [134.197571, 35.47767466], [134.19751443, 35.47767581], [134.19745652, 35.47764857], [134.19735052, 35.47756899], [134.19727492, 35.47753636], [134.19725932, 35.4775345], [134.1972593, 35.47795091], [134.19729322, 35.47795267], [134.19737684, 35.47800181], [134.19741301, 35.4780494], [134.19742369, 35.4781125], [134.19741874, 35.47812433], [134.20027662, 35.47812451], [134.20031265, 35.47800497]]]}}, {"type": "Feature", "properties": {"MESH2_C": "533411", "grid_code": "53341176", "grid_area": 1048389.6444949768, "grid_perimeter": 4117.068345371809, "area": 15382.290710260728, "perimeter": 757.2412230993607, "connect": 0.03701076393872033, "connect_rev": 0.0005430331492719721}, "geometry": {"type": "Polygon", "coordinates": [[[134.19728375, 35.47909891], [134.19752612, 35.47905958], [134.19781396, 35.47899112], [134.19807616, 35.4789642], [134.19821726, 35.47891027], [134.19833374, 35.4788225], [134.1984465, 35.47869337], [134.19853208, 35.47856749], [134.19864885, 35.47834028], [134.19869387, 35.47829861], [134.19876718, 35.47826333], [134.19888973, 35.47824526], [134.19900387, 35.47826948], [134.19906292, 35.4783169], [134.19916431, 35.4784701], [134.19920148, 35.47849549], [134.199262, 35.47851443], [134.19958071, 35.47851624], [134.20003734, 35.478556], [134.20011337, 35.47853447], [134.20017231, 35.47847062], [134.20027662, 35.47812451], [134.19741874, 35.47812433], [134.19740323, 35.47816138], [134.19729207, 35.47831535], [134.19728566, 35.4783748], [134.19746698, 35.47858879], [134.19748366, 35.47865173], [134.19746449, 35.478694], [134.19741035, 35.47872087], [134.19733893, 35.47873207], [134.19726927, 35.47872696], [134.19725928, 35.47872326], [134.19725926, 35.47910009], [134.19728375, 35.47909891]]]}}, {"type": "Feature", "properties": {"MESH2_C": "533411", "grid_code": "53341175", "grid_area": 1048390.3534777015, "grid_perimeter": 4117.069737479558, "area": 38.65208496202831, "perimeter": 48.74697612611159, "connect": 0.11842062036023632, "connect_rev": 4.365934753440392e-06}, "geometry": {"type": "Polygon", "coordinates": [[[134.19680019, 35.47814322], [134.19694512, 35.47814304], [134.19697539, 35.47812433], [134.19671212, 35.47812434], [134.19680019, 35.47814322]]]}}, {"type": "Feature", "properties": {"MESH2_C": "533411", "grid_code": "53341175", "grid_area": 1048390.3534777015, "grid_perimeter": 4117.069737479558, "area": 18988.619296951918, "perimeter": 809.1977935320135, "connect": 0.11842062036023632, "connect_rev": 0.0021448538413866925}, "geometry": {"type": "Polygon", "coordinates": [[[134.19366629, 35.47837579], [134.19386935, 35.47857738], [134.19406728, 35.47872279], [134.19422095, 35.47862892], [134.19442476, 35.47858617], [134.1946701, 35.47856474], [134.19511075, 35.47857607], [134.19540455, 35.47862603], [134.19582455, 35.47873775], [134.19624704, 35.47888398], [134.19665238, 35.47898374], [134.1969165, 35.47909556], [134.1970541, 35.47911003], [134.19725926, 35.47910009], [134.19725928, 35.47872326], [134.19720898, 35.47870459], [134.19714773, 35.47865832], [134.19700806, 35.47847065], [134.19693372, 35.47841212], [134.19686057, 35.47838653], [134.1963851, 35.47830093], [134.19616861, 35.47829689], [134.19600827, 35.4782692], [134.19584259, 35.4782703], [134.19577589, 35.4782556], [134.19573576, 35.4782244], [134.19572699, 35.4781913], [134.19574787, 35.47812436], [134.19346987, 35.47812437], [134.19366629, 35.47837579]]]}}, {"type": "Feature", "properties": {"MESH2_C": "533411", "grid_code": "53341176", "grid_area": 1048389.6444949768, "grid_perimeter": 4117.068345371809, "area": 3173.3891637650086, "perimeter": 246.86896269485197, "connect": 0.03701076393872033, "connect_rev": 0.00011202853618644512}, "geometry": {"type": "Polygon", "coordinates": [[[134.20097892, 35.47821301], [134.20104684, 35.47830587], [134.2011476, 35.47849095], [134.20118842, 35.47852933], [134.20125933, 35.47855285], [134.20141837, 35.47855372], [134.20149123, 35.47858497], [134.20158459, 35.4786557], [134.20164511, 35.47866464], [134.20177056, 35.47867013], [134.20178426, 35.47849891], [134.20171052, 35.47827451], [134.20161475, 35.47812457], [134.20084302, 35.47812453], [134.20097892, 35.47821301]]]}}, {"type": "Feature", "properties": {"MESH2_C": "533411", "grid_code": "53341157", "grid_area": 1048602.4962051325, "grid_perimeter": 4117.530153997091, "area": 8909.218638777733, "perimeter": 543.4354777401202, "connect": 0.00029839358649111515, "connect_rev": 2.535234955170581e-06}, "geometry": {"type": "Polygon", "coordinates": [[[134.21312925, 35.46700321], [134.21318258, 35.46707716], [134.21332378, 35.46722517], [134.21341307, 35.46736595], [134.21356443, 35.46781036], [134.21363182, 35.46789151], [134.21369938, 35.46801234], [134.21377294, 35.46790063], [134.21383461, 35.46785097], [134.21376751, 35.46753128], [134.21359649, 35.46689687], [134.21347667, 35.46651979], [134.21336073, 35.46586209], [134.21302884, 35.46588152], [134.21282966, 35.46592691], [134.21288742, 35.46614127], [134.21292299, 35.46635862], [134.2130029, 35.46670297], [134.21312925, 35.46700321]]]}}, {"type": "Feature", "properties": {"MESH2_C": "533411", "grid_code": "53341157", "grid_area": 1048602.4962051325, "grid_perimeter": 4117.530153997091, "area": 15771.164261546917, "perimeter": 665.6281332440961, "connect": 0.00029839358649111515, "connect_rev": 4.487891535805454e-06}, "geometry": {"type": "Polygon", "coordinates": [[[134.21066579, 35.46237502], [134.21069155, 35.46266221], [134.2106645, 35.46306569], [134.21067683, 35.46335377], [134.21065644, 35.46375749], [134.21066932, 35.46390109], [134.2107089, 35.46405645], [134.2111227, 35.46385432], [134.21141748, 35.46366544], [134.21144087, 35.46342054], [134.21140272, 35.46317618], [134.21139568, 35.46301704], [134.21133318, 35.46282351], [134.21131024, 35.46262227], [134.21122423, 35.46228066], [134.2112024, 35.46204965], [134.21128899, 35.46166139], [134.21129046, 35.46147795], [134.21128567, 35.46145997], [134.21071637, 35.46145993], [134.21066579, 35.46237502]]]}}, {"type": "Feature", "properties": {"MESH2_C": "533411", "grid_code": "53341155", "grid_area": 1048603.8485506848, "grid_perimeter": 4117.532809126254, "area": 4652.035699886968, "perimeter": 290.4867167834918, "connect": 0.535669691613474, "connect_rev": 0.002376449916884769}, "geometry": {"type": "Polygon", "coordinates": [[[134.19426273, 35.46199597], [134.19438713, 35.46211768], [134.19446134, 35.46215085], [134.19456499, 35.46216268], [134.19470964, 35.46214584], [134.19478724, 35.46210158], [134.19481149, 35.46205689], [134.19481785, 35.46200288], [134.19477202, 35.46177998], [134.19477367, 35.46167792], [134.19480423, 35.46158421], [134.19487395, 35.46145962], [134.19387308, 35.46145963], [134.19426273, 35.46199597]]]}}, {"type": "Feature", "properties": {"MESH2_C": "533411", "grid_code": "53341156", "grid_area": 1048603.1391276345, "grid_perimeter": 4117.531416280629, "area": 122.59014710475458, "perimeter": 70.88920334698685, "connect": 4.807989741547924e-06, "connect_rev": 5.620926999940714e-10}, "geometry": {"type": "Polygon", "coordinates": [[[134.19731612, 35.46705985], [134.19732711, 35.4669846], [134.19725968, 35.46678881], [134.19725967, 35.46709222], [134.19731612, 35.46705985]]]}}, {"type": "Feature", "properties": {"MESH2_C": "533411", "grid_code": "53341156", "grid_area": 1048603.1391276345, "grid_perimeter": 4117.531416280629, "area": 2296.01522916829, "perimeter": 204.29865772708257, "connect": 4.807989741547924e-06, "connect_rev": 1.052754589068159e-08}, "geometry": {"type": "Polygon", "coordinates": [[[134.19756387, 35.46914554], [134.19737818, 35.46923376], [134.1972596, 35.46927073], [134.19725958, 35.46979195], [134.19772537, 35.46979198], [134.19756387, 35.46914554]]]}}, {"type": "Feature", "properties": {"MESH2_C": "533411", "grid_code": "53341155", "grid_area": 1048603.8485506848, "grid_perimeter": 4117.532809126254, "area": 767453.3849568033, "perimeter": 7389.399715737594, "connect": 0.535669691613474, "connect_rev": 0.39204654704989556}, "geometry": {"type": "Polygon", "coordinates": [[[134.18485219, 35.46741104], [134.18508753, 35.46747187], [134.18516733, 35.4675119], [134.1853013, 35.46766844], [134.18539086, 35.46782613], [134.18563913, 35.46816185], [134.1857382, 35.46835963], [134.18586701, 35.46850433], [134.18595136, 35.46857727], [134.18608777, 35.46851148], [134.18623635, 35.4684666], [134.18639179, 35.46844104], [134.18651374, 35.46844697], [134.18659658, 35.4684691], [134.18678244, 35.46855283], [134.18713741, 35.46867683], [134.18743138, 35.46872031], [134.18754977, 35.4687488], [134.18762908, 35.46878304], [134.18769887, 35.46884675], [134.18771506, 35.46891112], [134.18767153, 35.46897901], [134.18738395, 35.46912119], [134.18729171, 35.46918866], [134.18723929, 35.46924547], [134.18720568, 35.46932446], [134.18718399, 35.46950959], [134.18711517, 35.46962455], [134.18688654, 35.46979181], [134.19150579, 35.46979198], [134.19151908, 35.46967088], [134.19165146, 35.46969603], [134.19179098, 35.46967638], [134.19195722, 35.46962598], [134.19211222, 35.46955544], [134.19218826, 35.46949646], [134.19224767, 35.46942383], [134.19236668, 35.46918264], [134.19245169, 35.46911392], [134.19254778, 35.46907186], [134.19264868, 35.46906139], [134.19274855, 35.46908203], [134.19284653, 35.46911907], [134.1929435, 35.46916313], [134.19351728, 35.46945276], [134.19363543, 35.46947925], [134.19373669, 35.46946313], [134.19380249, 35.46940516], [134.19381106, 35.46936703], [134.19379976, 35.46931211], [134.19373671, 35.46920621], [134.19358726, 35.46902393], [134.19356226, 35.46894725], [134.19360163, 35.4688776], [134.19367341, 35.46883092], [134.19378925, 35.46879265], [134.19387197, 35.46879574], [134.19396038, 35.46883763], [134.19404809, 35.46892955], [134.19431148, 35.46934104], [134.19440158, 35.46951412], [134.19418142, 35.46954494], [134.19350999, 35.469792], [134.19725958, 35.46979195], [134.1972596, 35.46927073], [134.19715915, 35.46930204], [134.19706214, 35.4692926], [134.19695878, 35.46923534], [134.19689592, 35.46930633], [134.19656758, 35.46955126], [134.19650586, 35.46948154], [134.19644186, 35.46931019], [134.19639103, 35.4692627], [134.19633313, 35.46925285], [134.19600794, 35.46928439], [134.1959593, 35.46927047], [134.19592111, 35.46924478], [134.1959043, 35.46918568], [134.19595419, 35.4691146], [134.19607802, 35.46903218], [134.19614027, 35.46901483], [134.19634284, 35.46899478], [134.19647166, 35.46893446], [134.1967041, 35.46872501], [134.19681367, 35.4685825], [134.19689349, 35.46855335], [134.19689095, 35.46844901], [134.19691901, 35.46829958], [134.19691457, 35.46811045], [134.1969742, 35.46793566], [134.19688408, 35.46786548], [134.19678346, 35.46780784], [134.19642359, 35.46768785], [134.19623217, 35.46766983], [134.19595575, 35.46771531], [134.19585283, 35.46771439], [134.19571903, 35.46767931], [134.19540781, 35.46754049], [134.19527549, 35.4675029], [134.19513545, 35.4674951], [134.19478385, 35.4675295], [134.19462105, 35.46752681], [134.19454914, 35.46748774], [134.19452722, 35.46739873], [134.19455285, 35.46728879], [134.19455562, 35.46716605], [134.19485994, 35.46713678], [134.19526429, 35.46717094], [134.19552832, 35.46715872], [134.19588078, 35.46717698], [134.19639368, 35.46716081], [134.19695637, 35.46710552], [134.19725749, 35.46709347], [134.19725967, 35.46709222], [134.19725968, 35.46678881], [134.1971578, 35.46649298], [134.19693014, 35.46651536], [134.19657812, 35.4665324], [134.19598467, 35.46659638], [134.19558148, 35.4666173], [134.19551898, 35.46659974], [134.19545394, 35.4665548], [134.19523055, 35.46627502], [134.19513042, 35.46619818], [134.19504979, 35.46617371], [134.1949633, 35.46616846], [134.19486069, 35.46618448], [134.1947785, 35.46621555], [134.19468404, 35.46600659], [134.19464381, 35.465869], [134.19459015, 35.46553989], [134.19439018, 35.46480638], [134.19433828, 35.46470129], [134.19424801, 35.46464004], [134.19396506, 35.46455746], [134.1936801, 35.46444294], [134.19356656, 35.46437552], [134.19347481, 35.46428871], [134.19335542, 35.4641282], [134.19327886, 35.46404947], [134.19283469, 35.46371709], [134.19278607, 35.46363229], [134.19279274, 35.46354893], [134.19283156, 35.4634336], [134.19286515, 35.46338546], [134.19292362, 35.46333468], [134.1930352, 35.46329841], [134.19319349, 35.46330215], [134.19348251, 35.46337307], [134.19374165, 35.46342169], [134.19400917, 35.46349874], [134.19423142, 35.46354478], [134.19432315, 35.46358505], [134.19470119, 35.46379904], [134.19508233, 35.46391634], [134.19514232, 35.46377235], [134.19515879, 35.46369081], [134.19515319, 35.46350392], [134.19510693, 35.46340054], [134.1950396, 35.46329916], [134.19494608, 35.46324134], [134.19477513, 35.46320273], [134.19444025, 35.46316651], [134.19435821, 35.46314102], [134.19431287, 35.46310445], [134.19429095, 35.46305472], [134.19429466, 35.46298382], [134.19441423, 35.46274092], [134.19444072, 35.46262867], [134.19441373, 35.462501], [134.19434238, 35.46242036], [134.19426676, 35.46239499], [134.19416889, 35.46240762], [134.19383473, 35.46257427], [134.19372272, 35.46261148], [134.19362466, 35.46261032], [134.19357337, 35.4625846], [134.19350918, 35.46249243], [134.19345059, 35.46235162], [134.19340854, 35.46216239], [134.1934208, 35.46206514], [134.19349652, 35.46179911], [134.19348147, 35.46157576], [134.19346265, 35.46145963], [134.19325151, 35.46145963], [134.19327768, 35.46155412], [134.19331133, 35.4618005], [134.19328258, 35.46194311], [134.19324347, 35.46198872], [134.19319015, 35.46202184], [134.19312638, 35.46203685], [134.19303966, 35.46203546], [134.19295721, 35.4620192], [134.19277849, 35.46194004], [134.19281695, 35.46182613], [134.19282003, 35.46172467], [134.19281229, 35.46164003], [134.19279921, 35.4615847], [134.19277534, 35.46155272], [134.19259978, 35.46145962], [134.18476098, 35.46145929], [134.18476078, 35.46736669], [134.18485219, 35.46741104]], [[134.19181905, 35.463973], [134.19181469, 35.46384622], [134.19183708, 35.46381115], [134.19188668, 35.46377511], [134.19200355, 35.46374335], [134.19214633, 35.4637426], [134.19226156, 35.46377504], [134.19235575, 35.46383924], [134.19243836, 35.46394883], [134.19256032, 35.4641895], [134.19272878, 35.46437713], [134.19277021, 35.4644702], [134.19275454, 35.46453443], [134.1926999, 35.46458723], [134.19233751, 35.46468785], [134.1921964, 35.46453596], [134.19197754, 35.46418915], [134.19183203, 35.46413438], [134.19181905, 35.463973]], [[134.18989211, 35.46336694], [134.18994169, 35.46353496], [134.18993535, 35.46401761], [134.18995837, 35.46415424], [134.19001963, 35.46430703], [134.19022648, 35.46459985], [134.1902601, 35.46467639], [134.1902568, 35.46472861], [134.19022969, 35.46477369], [134.19018437, 35.46481062], [134.19012899, 35.46484365], [134.19000171, 35.46482618], [134.1899408, 35.46480413], [134.18989178, 35.46477057], [134.18985002, 35.46471117], [134.18979939, 35.4645708], [134.18973773, 35.46445057], [134.18967778, 35.46437808], [134.18962406, 35.46434441], [134.18956358, 35.46433483], [134.18950333, 35.46435224], [134.1894535, 35.46439055], [134.18934169, 35.46452258], [134.1892867, 35.46455288], [134.18922039, 35.46456297], [134.18913789, 35.46454574], [134.18905472, 35.46449459], [134.18898361, 35.46443083], [134.18891444, 35.46436298], [134.18900609, 35.46421104], [134.18906798, 35.46394107], [134.18905972, 35.46381244], [134.18902698, 35.46369895], [134.18899115, 35.46363357], [134.18892305, 35.46357428], [134.1888274, 35.46353959], [134.18812731, 35.46345741], [134.18799031, 35.4634284], [134.18786042, 35.46338041], [134.18779765, 35.4633195], [134.18778434, 35.46325275], [134.18781527, 35.46312319], [134.18787208, 35.46301849], [134.18794747, 35.46296271], [134.18814011, 35.46289323], [134.18831942, 35.46279988], [134.18841683, 35.46276898], [134.1884849, 35.46276489], [134.18856935, 35.46277867], [134.18887875, 35.46288598], [134.18903529, 35.4628922], [134.18929632, 35.46285279], [134.18958644, 35.46278945], [134.18968037, 35.46275205], [134.18983558, 35.46265507], [134.18993176, 35.46262722], [134.18999868, 35.4626309], [134.19007896, 35.46265894], [134.19033557, 35.46281397], [134.19009436, 35.46310391], [134.19002112, 35.46316605], [134.18994482, 35.46325578], [134.18990631, 35.46331624], [134.18989211, 35.46336694]], [[134.18914792, 35.46737322], [134.18913006, 35.46742346], [134.18908328, 35.4674655], [134.18902223, 35.46749534], [134.18890362, 35.46752705], [134.18862479, 35.46755528], [134.18829963, 35.46761726], [134.18808812, 35.46769154], [134.18799635, 35.46775849], [134.18798257, 35.46779289], [134.18798861, 35.46782655], [134.18806297, 35.4678989], [134.18823102, 35.46798201], [134.18849681, 35.46806377], [134.18857694, 35.46811753], [134.18860884, 35.46817998], [134.18860358, 35.46823491], [134.18857224, 35.46828561], [134.18850665, 35.46833044], [134.18840764, 35.46834724], [134.18830501, 35.4683295], [134.18768288, 35.4680553], [134.18748775, 35.46799296], [134.18742047, 35.46797443], [134.18724128, 35.46795838], [134.18715616, 35.46793868], [134.18710489, 35.46789932], [134.18710656, 35.46785796], [134.18714493, 35.46781547], [134.18720409, 35.46777913], [134.18755161, 35.46763517], [134.18783913, 35.46747048], [134.18811775, 35.46738106], [134.18881721, 35.46723933], [134.18892246, 35.46723555], [134.18900987, 35.46724922], [134.18907522, 35.46727394], [134.18913344, 35.46732435], [134.18914792, 35.46737322]]]}}, {"type": "Feature", "properties": {"MESH2_C": "533411", "grid_code": "53341154", "grid_area": 1048604.624483671, "grid_perimeter": 4117.534332553041, "area": 374909.6302532485, "perimeter": 3076.586402020729, "connect": 0.14143565156863797, "connect_rev": 0.05056776080911807}, "geometry": {"type": "Polygon", "coordinates": [[[134.17375159, 35.46147084], [134.1738092, 35.46154075], [134.17383465, 35.46159001], [134.17384976, 35.46165937], [134.17385631, 35.46175637], [134.17384245, 35.46180846], [134.17373131, 35.46220182], [134.17374247, 35.4622725], [134.17377632, 35.46235464], [134.17382775, 35.46242945], [134.17388692, 35.46248195], [134.17410222, 35.46260696], [134.1742889, 35.46273516], [134.17450247, 35.46279876], [134.17483937, 35.46292634], [134.17495623, 35.46292998], [134.17501657, 35.46290879], [134.17514446, 35.46283292], [134.17524011, 35.46280952], [134.17532629, 35.46281584], [134.17548169, 35.4628649], [134.17558675, 35.46292358], [134.17568291, 35.4630171], [134.17571819, 35.46309254], [134.17573397, 35.46321846], [134.17569825, 35.46344119], [134.17563932, 35.46351925], [134.17555094, 35.46356558], [134.17565259, 35.46362203], [134.17585339, 35.4636864], [134.17627281, 35.46378016], [134.17639588, 35.46379112], [134.17700205, 35.46393943], [134.17735547, 35.46408535], [134.17759906, 35.46421231], [134.1781046, 35.46450574], [134.17828439, 35.4645889], [134.17870172, 35.46483039], [134.17888992, 35.46475212], [134.17915815, 35.4646817], [134.17937623, 35.46458566], [134.17947413, 35.46455493], [134.17955975, 35.46454666], [134.17964758, 35.46455369], [134.17988411, 35.4646116], [134.1800049, 35.46467071], [134.18040619, 35.46490666], [134.18064878, 35.46499325], [134.18093763, 35.46505082], [134.18102665, 35.46509528], [134.18114483, 35.46518449], [134.18121295, 35.46528145], [134.18121943, 35.46537979], [134.18117333, 35.46550379], [134.18105187, 35.46571299], [134.18133186, 35.46580603], [134.18154945, 35.46592766], [134.1816837, 35.46595266], [134.18180426, 35.46596856], [134.18198698, 35.46605908], [134.18236214, 35.46619329], [134.18246163, 35.46625269], [134.18256413, 35.46633477], [134.18303267, 35.46666359], [134.18331335, 35.46694375], [134.18343612, 35.46708686], [134.18349979, 35.46713797], [134.18356155, 35.46715838], [134.1836328, 35.46714908], [134.18368561, 35.4671147], [134.18373392, 35.46704702], [134.1839712, 35.46716633], [134.18405895, 35.46720944], [134.18419647, 35.46725053], [134.18445624, 35.46724989], [134.18456875, 35.46727352], [134.18476078, 35.46736669], [134.18476098, 35.46145929], [134.1737327, 35.46145911], [134.17375159, 35.46147084]]]}}, {"type": "Feature", "properties": {"MESH2_C": "533411", "grid_code": "53341154", "grid_area": 1048604.624483671, "grid_perimeter": 4117.534332553041, "area": 79.60717553214636, "perimeter": 43.63204404546545, "connect": 0.14143565156863797, "connect_rev": 1.073740519356577e-05}, "geometry": {"type": "Polygon", "coordinates": [[[134.18225158, 35.46970418], [134.18222878, 35.46979171], [134.18240944, 35.46979171], [134.18225158, 35.46970418]]]}}, {"type": "Feature", "properties": {"MESH2_C": "533411", "grid_code": "53341154", "grid_area": 1048604.624483671, "grid_perimeter": 4117.534332553041, "area": 26329.20236023236, "perimeter": 749.23482172122, "connect": 0.14143565156863797, "connect_rev": 0.003551279294553572}, "geometry": {"type": "Polygon", "coordinates": [[[134.18063476, 35.4695598], [134.18083395, 35.46947049], [134.18090469, 35.46943352], [134.18100546, 35.46940942], [134.18091574, 35.4692874], [134.18046828, 35.46885391], [134.18043034, 35.46879373], [134.18038606, 35.46868589], [134.18002587, 35.4687559], [134.17965581, 35.46880163], [134.17948457, 35.46880471], [134.17911755, 35.46885636], [134.17885902, 35.46890411], [134.17842936, 35.46903592], [134.17799229, 35.46925487], [134.17787021, 35.46933776], [134.17767428, 35.46952404], [134.17750443, 35.46964871], [134.1773992, 35.46979166], [134.18027693, 35.46979171], [134.18063476, 35.4695598]]]}}, {"type": "Feature", "properties": {"MESH2_C": "533411", "grid_code": "53341154", "grid_area": 1048604.624483671, "grid_perimeter": 4117.534332553041, "area": 118458.15664069576, "perimeter": 1641.6799226704604, "connect": 0.14143565156863797, "connect_rev": 0.015977620331730173}, "geometry": {"type": "Polygon", "coordinates": [[[134.17237362, 35.46860005], [134.17254397, 35.46861687], [134.17289097, 35.46867088], [134.1733997, 35.46871991], [134.17358959, 35.46875054], [134.17391781, 35.46873558], [134.17424766, 35.46878347], [134.17455918, 35.4688032], [134.1749178, 35.46893076], [134.17520394, 35.46899326], [134.17541913, 35.4690561], [134.17603122, 35.46925685], [134.1762112, 35.46925805], [134.17638459, 35.46921602], [134.17646922, 35.46920714], [134.17682889, 35.46924712], [134.17694765, 35.46923144], [134.17704213, 35.46919765], [134.1773547, 35.46906276], [134.17757839, 35.46898115], [134.17781858, 35.46879093], [134.17792686, 35.46864703], [134.17764542, 35.46866789], [134.17730423, 35.46866567], [134.17681294, 35.46853913], [134.17673557, 35.46850538], [134.17668465, 35.46846745], [134.17662494, 35.46838076], [134.17653065, 35.46814677], [134.17624305, 35.46781722], [134.17606494, 35.46763565], [134.17602472, 35.46755923], [134.17601763, 35.46746061], [134.17588277, 35.46741086], [134.17583545, 35.4673746], [134.17580601, 35.46732885], [134.17579823, 35.4672604], [134.17582217, 35.46708686], [134.17581035, 35.46685533], [134.17578572, 35.46677203], [134.17572731, 35.46670474], [134.17563899, 35.46665959], [134.17532366, 35.46656395], [134.17514948, 35.46649456], [134.17427989, 35.46608117], [134.17391329, 35.46585685], [134.17375911, 35.46578398], [134.17359533, 35.46573026], [134.17342134, 35.46571626], [134.1732619, 35.46571086], [134.17313783, 35.46569483], [134.17302131, 35.46562934], [134.17287468, 35.46557591], [134.17275858, 35.46551248], [134.17259236, 35.46538257], [134.17228911, 35.46518168], [134.17226198, 35.46515796], [134.17226186, 35.46861499], [134.17237362, 35.46860005]]]}}, {"type": "Feature", "properties": {"MESH2_C": "533411", "grid_code": "53341154", "grid_area": 1048604.624483671, "grid_perimeter": 4117.534332553041, "area": 15356.920237047365, "perimeter": 660.4279507577088, "connect": 0.14143565156863797, "connect_rev": 0.0020713393485975603}, "geometry": {"type": "Polygon", "coordinates": [[[134.17521655, 35.4697748], [134.17494219, 35.46967429], [134.17461926, 35.46952496], [134.17432483, 35.46933943], [134.1741428, 35.46925203], [134.17396666, 35.46923556], [134.17375906, 35.469205], [134.17351484, 35.46920181], [134.17332121, 35.46917635], [134.17302914, 35.4691122], [134.17267397, 35.46901999], [134.17237868, 35.46899468], [134.17226185, 35.46896432], [134.17226182, 35.46979138], [134.17528195, 35.46979157], [134.17521655, 35.4697748]]]}}, {"type": "Feature", "properties": {"MESH2_C": "533411", "grid_code": "53341153", "grid_area": 1048605.4669265188, "grid_perimeter": 4117.535986561563, "area": 957396.5675958453, "perimeter": 4734.012545395184, "connect": 0.8336034380066506, "connect_rev": 0.7610956603372253}, "geometry": {"type": "Polygon", "coordinates": [[[134.15977984, 35.46924956], [134.15987999, 35.46911262], [134.15996376, 35.46904348], [134.16007589, 35.46901259], [134.1602053, 35.46901341], [134.1605174, 35.46915222], [134.16057987, 35.46916701], [134.16062202, 35.46916282], [134.16069054, 35.46911651], [134.16083671, 35.46888921], [134.16097248, 35.46875958], [134.16103982, 35.46881129], [134.16106963, 35.46887346], [134.1610646, 35.46892661], [134.16101497, 35.46904761], [134.16099696, 35.46910243], [134.160902, 35.46926019], [134.16090048, 35.46934006], [134.16091678, 35.46941204], [134.16093475, 35.46961611], [134.16097976, 35.46977205], [134.16098955, 35.46979118], [134.17226182, 35.46979138], [134.17226185, 35.46896432], [134.17204726, 35.46890855], [134.17194855, 35.46885714], [134.17175513, 35.46871209], [134.1718646, 35.46866203], [134.17196547, 35.4686369], [134.17219758, 35.46862359], [134.17226186, 35.46861499], [134.17226198, 35.46515796], [134.17202251, 35.46494859], [134.17164843, 35.46465648], [134.17135108, 35.46449696], [134.17118369, 35.46438739], [134.17110302, 35.46436294], [134.17101849, 35.46436013], [134.17093211, 35.46437852], [134.17084811, 35.46441075], [134.17070925, 35.46445362], [134.17064223, 35.46446175], [134.1705598, 35.4644543], [134.17050578, 35.46442738], [134.17046767, 35.4643863], [134.17042917, 35.46426805], [134.17062803, 35.46420928], [134.17087808, 35.46409812], [134.17096335, 35.46402847], [134.17097971, 35.4639775], [134.17097232, 35.46393787], [134.17092899, 35.46387869], [134.17069552, 35.46372278], [134.17051149, 35.46353118], [134.17036453, 35.46342808], [134.17000187, 35.46311399], [134.16982248, 35.46295328], [134.16979351, 35.46292573], [134.16965929, 35.46297097], [134.16955117, 35.46300981], [134.16945184, 35.46302425], [134.16933712, 35.46298248], [134.16916447, 35.46286006], [134.16907662, 35.46281174], [134.16870377, 35.46264542], [134.1684892, 35.46257506], [134.16839148, 35.46255879], [134.16836657, 35.4625467], [134.16835304, 35.46252473], [134.16835168, 35.46248499], [134.16839514, 35.46232169], [134.16841299, 35.46229876], [134.16843787, 35.46228508], [134.16848481, 35.46227772], [134.16853444, 35.46228086], [134.16881801, 35.4623291], [134.16923826, 35.46244009], [134.16953388, 35.46248783], [134.16965662, 35.46249013], [134.1697399, 35.46247063], [134.16982383, 35.46242187], [134.16988408, 35.46235284], [134.16996865, 35.46222537], [134.16993295, 35.46224206], [134.16990352, 35.46224053], [134.16985139, 35.46221365], [134.16977611, 35.46213709], [134.16965138, 35.46203044], [134.16944934, 35.46188938], [134.1690515, 35.46156606], [134.16898425, 35.46152108], [134.16891797, 35.46145906], [134.16371749, 35.46145896], [134.16362023, 35.46158777], [134.16350773, 35.46163592], [134.16348015, 35.4616443], [134.16345527, 35.46164627], [134.16341019, 35.46165055], [134.16336694, 35.46165667], [134.16302288, 35.46172793], [134.16261024, 35.461899], [134.16248997, 35.46192048], [134.16239913, 35.46189157], [134.16237104, 35.46185964], [134.16236134, 35.46182051], [134.16239868, 35.4616982], [134.16250724, 35.4614589], [134.15976322, 35.46145873], [134.15976296, 35.46925765], [134.15977984, 35.46924956]], [[134.16729353, 35.4624111], [134.16718307, 35.4623692], [134.16715719, 35.46233899], [134.16715328, 35.46230455], [134.16719393, 35.46225474], [134.16727481, 35.46222609], [134.16779227, 35.46218453], [134.16788093, 35.46218808], [134.16794614, 35.46221665], [134.16798105, 35.46228667], [134.16798597, 35.46237782], [134.16796459, 35.46245922], [134.16795006, 35.46247791], [134.16790742, 35.46249188], [134.16782319, 35.46249038], [134.16729353, 35.4624111]]]}}, {"type": "Feature", "properties": {"MESH2_C": "533411", "grid_code": "53341152", "grid_area": 1048606.375866495, "grid_perimeter": 4117.537771124542, "area": 10550.394048044924, "perimeter": 447.7307730695431, "connect": 0.03756939615010362, "connect_rev": 0.00037799878262533075}, "geometry": {"type": "Polygon", "coordinates": [[[134.15464771, 35.46423109], [134.15450231, 35.46434632], [134.15429653, 35.46446604], [134.15395907, 35.46456746], [134.15378872, 35.46458506], [134.15374921, 35.46460141], [134.15370742, 35.46465348], [134.15365193, 35.4649316], [134.15376683, 35.46494499], [134.15408561, 35.46505282], [134.15444027, 35.46519455], [134.15501783, 35.46545678], [134.15513174, 35.46549058], [134.155127, 35.46537598], [134.15509752, 35.46519839], [134.15499224, 35.46477059], [134.15500783, 35.46467354], [134.15506384, 35.46454631], [134.15506379, 35.46445116], [134.15503426, 35.46438722], [134.15497203, 35.46432316], [134.15477521, 35.46421992], [134.15471559, 35.46421007], [134.15464771, 35.46423109]]]}}, {"type": "Feature", "properties": {"MESH2_C": "533411", "grid_code": "53341152", "grid_area": 1048606.375866495, "grid_perimeter": 4117.537771124542, "area": 192087.82415110807, "perimeter": 4362.826289922735, "connect": 0.03756939615010362, "connect_rev": 0.006882109175791638}, "geometry": {"type": "Polygon", "coordinates": [[[134.1521718, 35.46147391], [134.15214179, 35.46190884], [134.15216591, 35.46200679], [134.15220825, 35.46204119], [134.15228109, 35.46204824], [134.15245998, 35.46195056], [134.15252138, 35.46194142], [134.15257923, 35.4619594], [134.15264737, 35.46202366], [134.15277517, 35.46223323], [134.1529125, 35.46240208], [134.15312882, 35.46229262], [134.1532454, 35.46240664], [134.15332374, 35.46262754], [134.15343853, 35.46275368], [134.15357967, 35.4628017], [134.15372086, 35.46280709], [134.15425007, 35.4627475], [134.15449884, 35.46273188], [134.15472671, 35.46273621], [134.15488678, 35.46271741], [134.15490705, 35.46249454], [134.15488825, 35.46239841], [134.15483623, 35.46225755], [134.15482733, 35.46217914], [134.15486672, 35.46191994], [134.15502577, 35.46191676], [134.15531997, 35.46185325], [134.15542476, 35.46222549], [134.15550881, 35.46244365], [134.15558351, 35.46256354], [134.15570756, 35.46268318], [134.15584355, 35.46283399], [134.15598285, 35.46303504], [134.15627762, 35.46354336], [134.15637395, 35.46376028], [134.15646192, 35.46408451], [134.1564932, 35.46461772], [134.1564296, 35.46507326], [134.15638579, 35.46523153], [134.15639029, 35.46527612], [134.15641165, 35.46530005], [134.15643527, 35.46530934], [134.15647063, 35.46530828], [134.15652503, 35.46527507], [134.15658024, 35.46520608], [134.15668156, 35.46503562], [134.1567773, 35.4648318], [134.15683655, 35.46476572], [134.156926, 35.4647343], [134.15741679, 35.46468715], [134.15752867, 35.46465218], [134.15776107, 35.46449809], [134.1581376, 35.46428471], [134.15853319, 35.46395588], [134.15864047, 35.46400554], [134.15874648, 35.46408479], [134.15851153, 35.46431071], [134.15832238, 35.46452155], [134.15807941, 35.4647428], [134.15821302, 35.4649136], [134.15827185, 35.46501933], [134.15830698, 35.46511712], [134.15831358, 35.46523387], [134.15828754, 35.46528383], [134.15825369, 35.46530882], [134.1581571, 35.46532355], [134.15802063, 35.46528463], [134.15776003, 35.4651337], [134.15759739, 35.46500184], [134.15738591, 35.46513275], [134.15702268, 35.46542893], [134.15691232, 35.46554175], [134.1568338, 35.4656546], [134.15676719, 35.46581913], [134.15674736, 35.46591949], [134.15674968, 35.46599148], [134.15677415, 35.46605784], [134.156819, 35.46611636], [134.15691652, 35.46619175], [134.15720208, 35.46608916], [134.15727034, 35.46603328], [134.15728809, 35.46598146], [134.15728378, 35.46582177], [134.15729934, 35.46570725], [134.15733147, 35.4656079], [134.15737576, 35.46554866], [134.15742921, 35.46552015], [134.15749342, 35.46550925], [134.15773774, 35.46554999], [134.15811538, 35.46567005], [134.15827357, 35.46573749], [134.15834928, 35.46579296], [134.15838178, 35.46585512], [134.1584049, 35.4660418], [134.15847244, 35.46625099], [134.15864979, 35.46661221], [134.15811884, 35.46680646], [134.15766299, 35.4670541], [134.15780047, 35.46721438], [134.15805887, 35.46766705], [134.15814872, 35.46800795], [134.15819374, 35.46807951], [134.15828131, 35.46813739], [134.158557, 35.46818303], [134.15887735, 35.46826573], [134.15908776, 35.4682879], [134.15927482, 35.46833424], [134.15936952, 35.46837279], [134.15943638, 35.46841774], [134.15950081, 35.46850054], [134.1596634, 35.46882097], [134.15968716, 35.46893594], [134.15968018, 35.46899133], [134.15965556, 35.46904238], [134.15953457, 35.46914581], [134.15939111, 35.46923256], [134.15953792, 35.46929138], [134.15962264, 35.46929941], [134.15969227, 35.46929148], [134.15976296, 35.46925765], [134.15976322, 35.46145873], [134.15887975, 35.46145875], [134.15887336, 35.46154069], [134.15891528, 35.46172032], [134.15903081, 35.46193645], [134.1591055, 35.46201314], [134.15912363, 35.46222677], [134.15914689, 35.46239894], [134.15914384, 35.46244124], [134.15912894, 35.46247891], [134.15909772, 35.4625064], [134.15906971, 35.46251449], [134.15892331, 35.46251338], [134.15876479, 35.46252991], [134.15859835, 35.46258093], [134.15853532, 35.46246196], [134.15844294, 35.46234359], [134.15832291, 35.46228265], [134.15818617, 35.46227088], [134.15800233, 35.46232414], [134.1576708, 35.4624637], [134.15755462, 35.46252968], [134.15728225, 35.46271646], [134.15714727, 35.46278579], [134.15699539, 35.46281829], [134.15682057, 35.46279667], [134.15675151, 35.46292745], [134.1566406, 35.46303228], [134.15648933, 35.46291047], [134.15626285, 35.46278992], [134.15621876, 35.46274685], [134.15620675, 35.46270008], [134.1562311, 35.46265262], [134.1564562, 35.4624218], [134.15660638, 35.46218084], [134.15669378, 35.4621115], [134.15682725, 35.46204577], [134.15679587, 35.46191475], [134.15677769, 35.46178337], [134.1567852, 35.46165134], [134.15681223, 35.4615202], [134.15682159, 35.46150306], [134.1568458, 35.46145878], [134.15216691, 35.46145871], [134.1521718, 35.46147391]]]}}, {"type": "Feature", "properties": {"MESH2_C": "533411", "grid_code": "53341163", "grid_area": 1048498.7300739065, "grid_perimeter": 4117.304473809028, "area": 461070.1160120819, "perimeter": 4663.139130811392, "connect": 0.19338856442683022, "connect_rev": 0.0850412931157327}, "geometry": {"type": "Polygon", "coordinates": [[[134.16105553, 35.46992006], [134.16119676, 35.47013585], [134.16152283, 35.47009643], [134.16167787, 35.47022335], [134.1617897, 35.47037492], [134.16204177, 35.47026473], [134.16227305, 35.4702054], [134.16246395, 35.47021216], [134.16269429, 35.47024796], [134.16292418, 35.47032248], [134.16304395, 35.47039179], [134.16317153, 35.47052186], [134.16328669, 35.47070121], [134.16337369, 35.47077392], [134.16330586, 35.47084046], [134.16323923, 35.4709351], [134.16316363, 35.4710739], [134.16315113, 35.47115531], [134.1631898, 35.47124275], [134.16328339, 35.47137198], [134.16347672, 35.47158465], [134.16367111, 35.47162809], [134.16379611, 35.47162962], [134.16390562, 35.4716691], [134.1639912, 35.471761], [134.16405667, 35.47191225], [134.16411483, 35.47210753], [134.16428823, 35.47217126], [134.1645279, 35.47226282], [134.16472796, 35.47235936], [134.16479966, 35.47240234], [134.16484082, 35.47244535], [134.16486124, 35.47252361], [134.16481741, 35.4726661], [134.16476155, 35.47275516], [134.16466488, 35.47283774], [134.16478013, 35.47303076], [134.16488907, 35.4731609], [134.16504708, 35.47338642], [134.16516149, 35.47349418], [134.16524916, 35.47354027], [134.16550445, 35.47363952], [134.16576814, 35.47380616], [134.16602098, 35.4738628], [134.16611284, 35.4739023], [134.16631854, 35.47409681], [134.1665943, 35.4742991], [134.16689102, 35.47454654], [134.16714542, 35.47472524], [134.1675388, 35.47505365], [134.16800228, 35.47534059], [134.16839274, 35.47553822], [134.16869184, 35.47566071], [134.16888091, 35.47578918], [134.16896847, 35.47587916], [134.16911084, 35.476061], [134.16934854, 35.476232], [134.16942173, 35.4763273], [134.16942927, 35.4763817], [134.16941807, 35.47643692], [134.16933188, 35.47665764], [134.16924654, 35.4768157], [134.16981475, 35.47711402], [134.17020925, 35.47728086], [134.17014762, 35.47692399], [134.17009206, 35.4767562], [134.17022638, 35.47673031], [134.17036637, 35.47672577], [134.17048453, 35.47685137], [134.17067804, 35.47701986], [134.17093714, 35.47729374], [134.17108836, 35.47739283], [134.17127469, 35.47747556], [134.17149197, 35.47753515], [134.17181653, 35.47760537], [134.17189416, 35.47763351], [134.17199398, 35.47770887], [134.17212699, 35.47784698], [134.17217872, 35.47792086], [134.17218787, 35.47797266], [134.17217758, 35.47801139], [134.17208924, 35.47811943], [134.17208389, 35.47812376], [134.17226154, 35.47812375], [134.17226182, 35.46979138], [134.16098955, 35.46979118], [134.16105553, 35.46992006]], [[134.16635945, 35.47269516], [134.16669236, 35.47268938], [134.16676658, 35.47273656], [134.16683501, 35.47291475], [134.16688374, 35.47297133], [134.16696508, 35.47302496], [134.167208, 35.47314568], [134.16728857, 35.47317366], [134.16737382, 35.47318573], [134.16777956, 35.47317897], [134.16780171, 35.4732413], [134.1678353, 35.47328126], [134.16767928, 35.47337373], [134.16739138, 35.47348316], [134.16713604, 35.47361118], [134.16696878, 35.47365597], [134.16686556, 35.47365248], [134.16678499, 35.47362691], [134.16648666, 35.47344756], [134.16629935, 35.47336681], [134.16620032, 35.47336515], [134.16598754, 35.47342419], [134.16585064, 35.47340867], [134.16568815, 35.4733516], [134.16554067, 35.47327282], [134.16521991, 35.47304537], [134.16513181, 35.47295706], [134.16509853, 35.47286214], [134.16511915, 35.47274962], [134.16519399, 35.47265708], [134.16530996, 35.47258713], [134.16557273, 35.47250663], [134.16579413, 35.47241778], [134.1659845, 35.47238535], [134.16597981, 35.47246016], [134.16600042, 35.47254454], [134.16605144, 35.47261751], [134.16611712, 35.47265988], [134.16619998, 35.47268111], [134.16635945, 35.47269516]], [[134.17150367, 35.47554582], [134.17162096, 35.47550917], [134.17168857, 35.47550456], [134.17173241, 35.47551608], [134.17177693, 35.47555179], [134.1718016, 35.47560349], [134.17179212, 35.47603886], [134.17158559, 35.47610951], [134.17141029, 35.47620006], [134.1711335, 35.47632581], [134.17093186, 35.47644194], [134.17085193, 35.47646831], [134.17073136, 35.47647439], [134.17050624, 35.4764372], [134.17031367, 35.47642425], [134.17027439, 35.47633922], [134.17026702, 35.47627021], [134.17028946, 35.47620555], [134.17035449, 35.47614033], [134.17129971, 35.47563199], [134.17150367, 35.47554582]]]}}, {"type": "Feature", "properties": {"MESH2_C": "533411", "grid_code": "53341163", "grid_area": 1048498.7300739065, "grid_perimeter": 4117.304473809028, "area": 3937.766417350387, "perimeter": 377.17548123964394, "connect": 0.19338856442683022, "connect_rev": 0.0007262946274106559}, "geometry": {"type": "Polygon", "coordinates": [[[134.16317036, 35.47249098], [134.16328663, 35.47254114], [134.16350331, 35.47268481], [134.16357927, 35.47268985], [134.16364197, 35.47267511], [134.16370796, 35.47263426], [134.16374222, 35.47257737], [134.16354037, 35.4724903], [134.16334626, 35.47234173], [134.16317699, 35.47223759], [134.16294007, 35.47206494], [134.16266916, 35.47192698], [134.16226182, 35.4717505], [134.16213803, 35.47190223], [134.16209474, 35.47203963], [134.16239991, 35.47206543], [134.16256772, 35.47211726], [134.16285121, 35.47232143], [134.16317036, 35.47249098]]]}}, {"type": "Feature", "properties": {"MESH2_C": "533411", "grid_code": "53341162", "grid_area": 1048499.6387343295, "grid_perimeter": 4117.306257904017, "area": 339085.0907405482, "perimeter": 3629.673203607609, "connect": 0.10495376340752524, "connect_rev": 0.03394207787382951}, "geometry": {"type": "Polygon", "coordinates": [[[134.15970767, 35.47795222], [134.15957619, 35.47790638], [134.15945148, 35.47785231], [134.15901466, 35.47755641], [134.15886248, 35.47748179], [134.15863761, 35.47739443], [134.1580142, 35.47729556], [134.15789821, 35.47726413], [134.15780742, 35.47722006], [134.15762565, 35.47710342], [134.15751352, 35.47695594], [134.15729834, 35.47681926], [134.15714886, 35.47671744], [134.15683171, 35.47642008], [134.15679506, 35.47635842], [134.15678431, 35.47629306], [134.15679667, 35.47624111], [134.15685289, 35.47614176], [134.15685568, 35.47609273], [134.15680358, 35.47602853], [134.15669934, 35.4759707], [134.15643329, 35.47583192], [134.15622948, 35.47578846], [134.15600064, 35.4757717], [134.15584249, 35.47577557], [134.15559876, 35.47580337], [134.15526451, 35.47578253], [134.15514551, 35.4757581], [134.15478245, 35.47564608], [134.15437005, 35.47556764], [134.1542473, 35.47556606], [134.1539494, 35.47559735], [134.15377297, 35.47560321], [134.15363321, 35.47559214], [134.15348047, 35.47555709], [134.15300287, 35.475523], [134.15252309, 35.47542107], [134.15202315, 35.47539203], [134.1520216, 35.47519047], [134.15199245, 35.47514178], [134.1519573, 35.47511444], [134.15184228, 35.47507932], [134.15152166, 35.47504272], [134.15133053, 35.47500583], [134.15122042, 35.47515601], [134.15107386, 35.47545474], [134.15104879, 35.47555379], [134.15103571, 35.47578784], [134.15103418, 35.47589126], [134.15095799, 35.47616495], [134.15097466, 35.47625405], [134.1510817, 35.47650434], [134.1510214, 35.47672804], [134.15098357, 35.47680186], [134.15093689, 35.47683756], [134.15084416, 35.47686744], [134.15073859, 35.47687861], [134.15075074, 35.476807], [134.15070048, 35.47664592], [134.15063875, 35.47631429], [134.15060693, 35.47624865], [134.15056297, 35.47620619], [134.15048717, 35.47617266], [134.15040009, 35.47616237], [134.15022466, 35.47617834], [134.15008461, 35.47620335], [134.15004585, 35.47612258], [134.15006739, 35.47605168], [134.150291, 35.47591865], [134.15051859, 35.47566225], [134.15071143, 35.47529228], [134.1509564, 35.47501256], [134.15098621, 35.47491603], [134.15097026, 35.47480331], [134.15092016, 35.47469538], [134.1508172, 35.4745278], [134.15054731, 35.47422525], [134.15039925, 35.47412455], [134.14998704, 35.47393074], [134.14984216, 35.47382779], [134.14978034, 35.47371248], [134.149746, 35.47346889], [134.14977311, 35.47335237], [134.14976641, 35.47323309], [134.14972979, 35.47299658], [134.14969562, 35.47289675], [134.1496141, 35.47280261], [134.14947128, 35.4727177], [134.1491141, 35.47258839], [134.14898904, 35.47258227], [134.14888938, 35.47259992], [134.1488256, 35.47262886], [134.14879059, 35.4726714], [134.14873622, 35.47278366], [134.1485756, 35.4729608], [134.14850974, 35.47301053], [134.14837051, 35.47295135], [134.1481445, 35.47291621], [134.14803493, 35.47292329], [134.1478429, 35.47296798], [134.14764685, 35.47301784], [134.14753198, 35.47308148], [134.14740868, 35.47313204], [134.14726395, 35.47315657], [134.1472638, 35.47734504], [134.14727035, 35.47734151], [134.14735312, 35.47733833], [134.1476573, 35.47742273], [134.14781283, 35.47749114], [134.14807525, 35.47763796], [134.14842481, 35.47780705], [134.14858492, 35.47786646], [134.14922019, 35.47798335], [134.14934037, 35.47798767], [134.14948094, 35.47797622], [134.14948373, 35.4780381], [134.14945953, 35.47810533], [134.14944191, 35.47812333], [134.15976266, 35.47812347], [134.15976266, 35.47794479], [134.15970767, 35.47795222]]]}}, {"type": "Feature", "properties": {"MESH2_C": "533411", "grid_code": "53341163", "grid_area": 1048498.7300739065, "grid_perimeter": 4117.304473809028, "area": 693.2120499316952, "perimeter": 125.27595261066449, "connect": 0.19338856442683022, "connect_rev": 0.00012785831716765277}, "geometry": {"type": "Polygon", "coordinates": [[[134.16005732, 35.47800909], [134.15989366, 35.47787417], [134.15981024, 35.47793836], [134.15976266, 35.47794479], [134.15976266, 35.47812347], [134.16027276, 35.47812351], [134.16005732, 35.47800909]]]}}, {"type": "Feature", "properties": {"MESH2_C": "533411", "grid_code": "53341172", "grid_area": 1048392.8792264424, "grid_perimeter": 4117.074696853402, "area": 334129.4415484157, "perimeter": 4858.251505794951, "connect": 0.1250538634302291, "connect_rev": 0.039855457223483604}, "geometry": {"type": "Polygon", "coordinates": [[[134.14744064, 35.48217346], [134.14757246, 35.48217337], [134.14779454, 35.4822276], [134.1478556, 35.48223038], [134.14791498, 35.48221633], [134.14807594, 35.48214545], [134.14817215, 35.48213012], [134.14826607, 35.48214728], [134.1483657, 35.48219885], [134.14843931, 35.48222195], [134.14863425, 35.48220528], [134.14873234, 35.48221651], [134.14883921, 35.48225264], [134.14895617, 35.48231374], [134.14895859, 35.48210862], [134.14898811, 35.4818247], [134.14904879, 35.48162513], [134.14910542, 35.48155648], [134.14919713, 35.48149151], [134.14935661, 35.48142217], [134.14944883, 35.48140942], [134.14961597, 35.48141858], [134.14962187, 35.48131358], [134.14966294, 35.48120148], [134.15047878, 35.48151307], [134.15079431, 35.48169807], [134.15105243, 35.48182342], [134.15128006, 35.48200455], [134.15172206, 35.48231671], [134.15209321, 35.48262893], [134.15219492, 35.48268568], [134.15227312, 35.48269133], [134.15233131, 35.48266719], [134.15238913, 35.48261317], [134.15242834, 35.48254747], [134.15249285, 35.48235128], [134.15247955, 35.48225593], [134.15243065, 35.48217981], [134.1522802, 35.48220219], [134.15214375, 35.48217585], [134.1519636, 35.48211424], [134.15154033, 35.48193327], [134.15144753, 35.48186786], [134.15127104, 35.48170431], [134.15117788, 35.48159823], [134.15109215, 35.48147124], [134.1509933, 35.48131802], [134.15071816, 35.48078448], [134.15052922, 35.48041883], [134.15052626, 35.48030255], [134.15041598, 35.47977449], [134.15043039, 35.4796615], [134.15049015, 35.4795754], [134.15061835, 35.47950177], [134.1508039, 35.47945511], [134.15127307, 35.47938468], [134.15160756, 35.47936701], [134.15177594, 35.47937184], [134.15215441, 35.47933399], [134.1524263, 35.4793205], [134.15240726, 35.47947263], [134.15226924, 35.47969212], [134.15224396, 35.479789], [134.15225948, 35.47984099], [134.15229967, 35.47988484], [134.15235912, 35.47991533], [134.1524458, 35.47993295], [134.15254982, 35.47992429], [134.15262533, 35.47989142], [134.15267026, 35.47984912], [134.1527661, 35.47971128], [134.1528361, 35.47964701], [134.15302332, 35.4795138], [134.15316347, 35.47945737], [134.15326677, 35.4794469], [134.1535308, 35.47946269], [134.15382923, 35.47944024], [134.15419969, 35.4794473], [134.15433938, 35.47943114], [134.15459888, 35.47937917], [134.15470998, 35.47939898], [134.15479575, 35.47946779], [134.15488551, 35.47959499], [134.15495594, 35.47965704], [134.15503014, 35.47969058], [134.15516669, 35.4796932], [134.15541826, 35.47962049], [134.15552336, 35.4796072], [134.15563131, 35.4796346], [134.1557269, 35.47972004], [134.15581867, 35.47987477], [134.15596225, 35.48005701], [134.15600491, 35.48017879], [134.15599705, 35.48026475], [134.1559573, 35.48040569], [134.15579689, 35.48078721], [134.15578114, 35.48088713], [134.15579342, 35.48098654], [134.15583125, 35.48106701], [134.1558998, 35.48115026], [134.1561704, 35.48135657], [134.15621476, 35.48143081], [134.15622583, 35.4815156], [134.15623274, 35.48161398], [134.15627799, 35.48171405], [134.15652149, 35.48205052], [134.15667286, 35.48220451], [134.15688186, 35.48193819], [134.15691686, 35.48187333], [134.15692843, 35.48180397], [134.15691045, 35.48170459], [134.15685121, 35.48158453], [134.15666231, 35.48142299], [134.15657322, 35.48136322], [134.15654318, 35.48132288], [134.15655685, 35.48127828], [134.15663799, 35.48121868], [134.15668824, 35.48119955], [134.15673531, 35.48119988], [134.15678389, 35.48120792], [134.15687716, 35.48128809], [134.15708929, 35.48150236], [134.15727535, 35.48173002], [134.15740163, 35.48182968], [134.15749347, 35.48187139], [134.15761244, 35.48189647], [134.15771575, 35.48189533], [134.15783575, 35.48186817], [134.15809813, 35.48174967], [134.15822988, 35.48171207], [134.1583881, 35.48170247], [134.15879385, 35.4817181], [134.15908704, 35.48176971], [134.15943784, 35.48186837], [134.15976253, 35.48197789], [134.15976266, 35.47812347], [134.14944191, 35.47812333], [134.14942075, 35.47814495], [134.1493629, 35.47817245], [134.14922253, 35.47819824], [134.14890558, 35.47823008], [134.14857531, 35.4782783], [134.14831337, 35.47824701], [134.14811394, 35.47818986], [134.14797252, 35.47812324], [134.14726378, 35.47812319], [134.14726364, 35.48221264], [134.14744064, 35.48217346]], [[134.15909191, 35.48050275], [134.15914059, 35.48075991], [134.15913768, 35.48083109], [134.15911463, 35.48089878], [134.15904971, 35.48100045], [134.15897933, 35.48108559], [134.15885911, 35.48122513], [134.15864127, 35.48137425], [134.15858021, 35.4813933], [134.15852878, 35.48139126], [134.15844991, 35.48134933], [134.1582847, 35.481086], [134.15813998, 35.48064191], [134.15812418, 35.48056337], [134.15811254, 35.48033135], [134.15812318, 35.48017235], [134.15815784, 35.48010248], [134.15819775, 35.48005685], [134.15824892, 35.48002544], [134.15831301, 35.48000894], [134.15874016, 35.4799949], [134.15882221, 35.48001324], [134.15888539, 35.4800567], [134.15893467, 35.48013255], [134.15909191, 35.48050275]]]}}, {"type": "Feature", "properties": {"MESH2_C": "533411", "grid_code": "53341173", "grid_area": 1048391.9708495848, "grid_perimeter": 4117.0729132334545, "area": 43244.642533346574, "perimeter": 1305.1465812189595, "connect": 0.06274992718344329, "connect_rev": 0.002588343144065206}, "geometry": {"type": "Polygon", "coordinates": [[[134.15986238, 35.48201157], [134.16004654, 35.48206146], [134.16023029, 35.48214406], [134.16035878, 35.48202638], [134.16049937, 35.48192732], [134.16066612, 35.48199809], [134.16122826, 35.48211794], [134.16145027, 35.48221858], [134.16156715, 35.4822494], [134.16174598, 35.48224188], [134.16185238, 35.48222765], [134.16195512, 35.48220667], [134.16205154, 35.48217309], [134.16213741, 35.48212132], [134.1621952, 35.48206588], [134.16223122, 35.48200187], [134.16224426, 35.48193031], [134.16223704, 35.48185774], [134.16217943, 35.48172199], [134.16210706, 35.48163969], [134.1620194, 35.48156715], [134.16188855, 35.48149413], [134.16157775, 35.48138493], [134.16140252, 35.48132085], [134.16131572, 35.48131506], [134.16116912, 35.481344], [134.16105073, 35.48135345], [134.16076846, 35.48134738], [134.16052199, 35.48130548], [134.16045038, 35.48125397], [134.16043333, 35.48120368], [134.16044232, 35.48114982], [134.16051774, 35.48098231], [134.16064628, 35.48064567], [134.16070105, 35.48046003], [134.16062977, 35.47990998], [134.16054642, 35.47952326], [134.16052589, 35.47921881], [134.16057403, 35.47909249], [134.16059754, 35.47900961], [134.16059807, 35.4789552], [134.16057593, 35.47890308], [134.16050706, 35.47881865], [134.16039043, 35.47870584], [134.1604608, 35.47844537], [134.16046775, 35.47832759], [134.16046106, 35.47822351], [134.16027276, 35.47812351], [134.15976266, 35.47812347], [134.15976253, 35.48197789], [134.15986238, 35.48201157]]]}}, {"type": "Feature", "properties": {"MESH2_C": "533411", "grid_code": "53341173", "grid_area": 1048391.9708495848, "grid_perimeter": 4117.0729132334545, "area": 1583.7240436972934, "perimeter": 174.2047279539009, "connect": 0.06274992718344329, "connect_rev": 9.479142456627186e-05}, "geometry": {"type": "Polygon", "coordinates": [[[134.17195184, 35.47823047], [134.17165325, 35.47840987], [134.17226152, 35.47857088], [134.17226154, 35.47812375], [134.17208389, 35.47812376], [134.17195184, 35.47823047]]]}}, {"type": "Feature", "properties": {"MESH2_C": "533411", "grid_code": "53341164", "grid_area": 1048497.8878918588, "grid_perimeter": 4117.302820236798, "area": 949950.1466342537, "perimeter": 5390.074484360058, "connect": 0.8208551142080164, "connect_rev": 0.7437033923599159}, "geometry": {"type": "Polygon", "coordinates": [[[134.18473566, 35.47365715], [134.184456, 35.47309747], [134.18438483, 35.47291856], [134.18394018, 35.47302325], [134.18388384, 35.47300484], [134.18383789, 35.4730015], [134.18373971, 35.473014], [134.18362219, 35.47304147], [134.18332812, 35.47305393], [134.18309395, 35.47305649], [134.18299405, 35.47303658], [134.18294982, 35.4730024], [134.18292891, 35.47295264], [134.18292738, 35.47282332], [134.18294317, 35.47271818], [134.1830506, 35.47271818], [134.18373213, 35.47254595], [134.18406761, 35.47251932], [134.18430817, 35.47257322], [134.18437743, 35.47247313], [134.1843803, 35.47237713], [134.18434004, 35.47227994], [134.184157, 35.47196573], [134.18407625, 35.47191497], [134.18397274, 35.47190229], [134.18375537, 35.47195662], [134.18334925, 35.47189756], [134.18327689, 35.47185772], [134.18322271, 35.47178839], [134.18320446, 35.47171987], [134.18318618, 35.47144556], [134.18307473, 35.47123218], [134.18306194, 35.47116294], [134.18308062, 35.47111398], [134.18312373, 35.47107434], [134.18331132, 35.47098795], [134.18333993, 35.47094571], [134.18333897, 35.47091014], [134.18327751, 35.47082686], [134.18271877, 35.47033838], [134.18265604, 35.47026949], [134.18264598, 35.47020944], [134.18268946, 35.47014173], [134.18276581, 35.47007962], [134.18283599, 35.47002822], [134.18240944, 35.46979171], [134.18222878, 35.46979171], [134.18219756, 35.46991157], [134.18209742, 35.47032258], [134.18203194, 35.47045514], [134.18190909, 35.47057771], [134.18167598, 35.47075477], [134.18154732, 35.47083029], [134.18139046, 35.47089702], [134.18120703, 35.47098297], [134.180812, 35.47110533], [134.18067379, 35.47112373], [134.18048023, 35.47111529], [134.18020549, 35.47106369], [134.17984497, 35.4709106], [134.17972422, 35.47082944], [134.17963398, 35.47070613], [134.17961346, 35.47060791], [134.17962309, 35.47050894], [134.17969988, 35.47027031], [134.17976444, 35.47016998], [134.18023318, 35.46982007], [134.18027693, 35.46979171], [134.1773992, 35.46979166], [134.1773422, 35.46986909], [134.17718718, 35.46998666], [134.1770892, 35.47001612], [134.17694133, 35.47004019], [134.17648763, 35.47005109], [134.17637527, 35.4700401], [134.17624154, 35.47000778], [134.17617736, 35.47001171], [134.17611958, 35.47003503], [134.1760518, 35.47009711], [134.17585269, 35.47035336], [134.17566184, 35.47061359], [134.17532727, 35.47119721], [134.17518492, 35.47140108], [134.17501854, 35.47132278], [134.17483263, 35.47118493], [134.17487704, 35.47112587], [134.17505556, 35.47087578], [134.17515886, 35.47070834], [134.17536662, 35.47045593], [134.17541469, 35.47036351], [134.17544342, 35.47025021], [134.17556229, 35.46999353], [134.175568, 35.46992696], [134.17553048, 35.46987135], [134.17547265, 35.46984047], [134.17528195, 35.46979157], [134.17226182, 35.46979138], [134.17226154, 35.47812375], [134.18476042, 35.47812404], [134.18476057, 35.47369377], [134.18473566, 35.47365715]], [[134.18332649, 35.47435898], [134.1832682, 35.47447486], [134.183081, 35.47453147], [134.18300303, 35.47451798], [134.18295292, 35.47448559], [134.18287486, 35.47436627], [134.18283379, 35.47432613], [134.18270341, 35.47427493], [134.1825533, 35.47425729], [134.18217887, 35.47428414], [134.18207946, 35.47426649], [134.18203097, 35.47423613], [134.18200923, 35.4742027], [134.18200913, 35.47410816], [134.18203483, 35.47404316], [134.18213333, 35.47390357], [134.18219574, 35.47378042], [134.18232461, 35.47357898], [134.1824085, 35.47340373], [134.18247612, 35.4733448], [134.18259935, 35.4733054], [134.18273545, 35.47329099], [134.18281428, 35.47330453], [134.18286041, 35.47333667], [134.18294751, 35.47344825], [134.18306326, 35.47349951], [134.1831602, 35.47350836], [134.18346766, 35.47348563], [134.18353223, 35.47350748], [134.18357632, 35.4735615], [134.18358412, 35.47362568], [134.18347724, 35.47376226], [134.18345285, 35.47383061], [134.18334034, 35.47413903], [134.18332649, 35.47435898]]]}}, {"type": "Feature", "properties": {"MESH2_C": "533411", "grid_code": "53341174", "grid_area": 1048391.1289302818, "grid_perimeter": 4117.071260102274, "area": 312999.33920125774, "perimeter": 3945.3718189451665, "connect": 0.09003087430690657, "connect_rev": 0.02687890367264563}, "geometry": {"type": "Polygon", "coordinates": [[[134.17237025, 35.47859966], [134.17269998, 35.47865697], [134.17280164, 35.47870832], [134.17288188, 35.47878651], [134.17310549, 35.47908326], [134.17316127, 35.47913471], [134.17323404, 35.47916204], [134.17342781, 35.47916774], [134.17354268, 35.47919924], [134.17404959, 35.47953724], [134.17424579, 35.47928257], [134.17434407, 35.47909888], [134.17448927, 35.478929], [134.17472069, 35.47897117], [134.17481274, 35.47900029], [134.17494319, 35.47906618], [134.17499631, 35.47912845], [134.17499304, 35.47917778], [134.17486923, 35.47950324], [134.17469427, 35.47976383], [134.17457051, 35.4798986], [134.17477105, 35.48003246], [134.17521486, 35.48024681], [134.17533771, 35.48007028], [134.17551747, 35.47987], [134.17561408, 35.47981656], [134.17576926, 35.47979823], [134.17584401, 35.47977168], [134.17590698, 35.47970745], [134.17594679, 35.47962188], [134.17597242, 35.47955265], [134.1760237, 35.47949514], [134.17607762, 35.47947512], [134.17613755, 35.47948222], [134.17619389, 35.47951099], [134.17637418, 35.47965062], [134.17667159, 35.47984404], [134.17705119, 35.48005483], [134.17718157, 35.48009684], [134.17736932, 35.48012261], [134.17741915, 35.47966661], [134.17750435, 35.47928348], [134.17754205, 35.47918916], [134.17764937, 35.4790569], [134.17775455, 35.47898293], [134.17791923, 35.47893057], [134.17803229, 35.4789422], [134.1780838, 35.47897553], [134.17813372, 35.47903551], [134.17822579, 35.47922361], [134.1784115, 35.47979547], [134.17848508, 35.48015067], [134.17841607, 35.48066481], [134.17837159, 35.4808484], [134.17828101, 35.48101996], [134.17821419, 35.4810847], [134.17812908, 35.48113642], [134.17820713, 35.48121159], [134.17829544, 35.48124582], [134.17847066, 35.48125719], [134.1788312, 35.48132312], [134.17922528, 35.48140687], [134.17974992, 35.4815382], [134.18004695, 35.48157349], [134.18050714, 35.48157151], [134.1806469, 35.48158463], [134.18110985, 35.48167987], [134.18157501, 35.48181942], [134.18191409, 35.48190263], [134.18232486, 35.48200985], [134.18260469, 35.48215623], [134.18295799, 35.48236611], [134.18303259, 35.48239501], [134.18311713, 35.48241203], [134.18351379, 35.48251934], [134.18359686, 35.48253026], [134.18420237, 35.48242918], [134.18430832, 35.48242553], [134.184375, 35.48243821], [134.184432, 35.48246651], [134.18447643, 35.48250797], [134.18463237, 35.48278554], [134.18469359, 35.48285337], [134.18476026, 35.48289531], [134.18476038, 35.47929294], [134.1846749, 35.47917537], [134.18465005, 35.47910788], [134.18465342, 35.4790536], [134.1846926, 35.47897566], [134.18476039, 35.47888772], [134.18476042, 35.47812404], [134.17226154, 35.47812375], [134.17226152, 35.47857088], [134.17237025, 35.47859966]], [[134.17951757, 35.47967178], [134.17961794, 35.47973059], [134.17972288, 35.47982827], [134.17983476, 35.47997638], [134.17989236, 35.48008204], [134.17991423, 35.48018117], [134.17988398, 35.48030588], [134.17968953, 35.48056504], [134.17959882, 35.48077033], [134.179565, 35.48081615], [134.1794817, 35.48084904], [134.17919998, 35.4808652], [134.1790696, 35.48089855], [134.17900518, 35.48089923], [134.17895135, 35.48088202], [134.17890123, 35.48081797], [134.17888371, 35.48065543], [134.17889636, 35.48043847], [134.17898969, 35.48005421], [134.17904976, 35.47990278], [134.17917861, 35.47965013], [134.17930039, 35.47962795], [134.17940273, 35.47963456], [134.17951757, 35.47967178]]]}}, {"type": "Feature", "properties": {"MESH2_C": "533411", "grid_code": "53341174", "grid_area": 1048391.1289302818, "grid_perimeter": 4117.071260102274, "area": 31408.672047625296, "perimeter": 1456.4506680882453, "connect": 0.09003087430690657, "connect_rev": 0.0026972282836386424}, "geometry": {"type": "Polygon", "coordinates": [[[134.17658185, 35.48367025], [134.17825305, 35.48437079], [134.17888525, 35.48462714], [134.17911555, 35.48473311], [134.1795397, 35.48490309], [134.17987815, 35.48506524], [134.18020163, 35.4852145], [134.18045242, 35.48534955], [134.18110432, 35.48560857], [134.18147783, 35.48582749], [134.18168761, 35.48593466], [134.18210246, 35.4860601], [134.18221008, 35.48606709], [134.18228623, 35.48604272], [134.18231591, 35.48601398], [134.18232492, 35.48596511], [134.18226974, 35.48587766], [134.18207082, 35.48570953], [134.1817493, 35.48536481], [134.18141843, 35.48512587], [134.1813076, 35.48523528], [134.18125341, 35.485255], [134.18119583, 35.48524869], [134.18094921, 35.48510795], [134.18025681, 35.48475719], [134.17979762, 35.48456874], [134.17959087, 35.48447092], [134.17900351, 35.48421139], [134.17855153, 35.48403552], [134.1780068, 35.48381083], [134.1773657, 35.48350875], [134.17613419, 35.48301193], [134.17574418, 35.48286733], [134.17563461, 35.48296545], [134.1755453, 35.48308846], [134.17554895, 35.4831662], [134.17561277, 35.48322748], [134.17658185, 35.48367025]]]}}, {"type": "Feature", "properties": {"MESH2_C": "533411", "grid_code": "53341183", "grid_area": 1048285.1892541237, "grid_perimeter": 4116.841304837875, "area": 14801.237705547115, "perimeter": 726.2947505940339, "connect": 0.6123948399571675, "connect_rev": 0.008646694323999638}, "geometry": {"type": "Polygon", "coordinates": [[[134.17224998, 35.49045877], [134.17215388, 35.49076476], [134.17204015, 35.4909781], [134.17195668, 35.4910308], [134.17160117, 35.49127995], [134.17138125, 35.49141013], [134.17118236, 35.49149127], [134.17120951, 35.49168019], [134.17126624, 35.49189467], [134.17135449, 35.49199945], [134.17146736, 35.49209275], [134.17157071, 35.49239677], [134.1716735, 35.49259491], [134.17174595, 35.49278803], [134.17186556, 35.49274617], [134.17198361, 35.49273964], [134.17207712, 35.49277053], [134.17213254, 35.49283681], [134.17214481, 35.49290751], [134.1721266, 35.49306801], [134.17213648, 35.49313852], [134.17216947, 35.49320325], [134.17226102, 35.49329653], [134.17226112, 35.49044666], [134.17224998, 35.49045877]]]}}, {"type": "Feature", "properties": {"MESH2_C": "533411", "grid_code": "53341184", "grid_area": 1048284.347596243, "grid_perimeter": 4116.839652144552, "area": 478246.3298084203, "perimeter": 5190.052983389549, "connect": 0.20814384751172144, "connect_rev": 0.09495899788348708}, "geometry": {"type": "Polygon", "coordinates": [[[134.18363321, 35.4946666], [134.18357094, 35.49461986], [134.18355092, 35.49456441], [134.18357368, 35.4944331], [134.18355716, 35.49439745], [134.18352192, 35.49437016], [134.18344308, 35.49435006], [134.18328755, 35.49436521], [134.18320677, 35.49435376], [134.18283965, 35.49417908], [134.18257735, 35.49409334], [134.18241954, 35.49406926], [134.18225254, 35.49402054], [134.18186066, 35.49381988], [134.18153048, 35.49362814], [134.18146198, 35.49356527], [134.18142125, 35.49348888], [134.18138706, 35.49326012], [134.1813398, 35.49315427], [134.18103073, 35.49282114], [134.18074923, 35.49248923], [134.18059752, 35.49226051], [134.1805586, 35.49216746], [134.18055452, 35.49206952], [134.1805852, 35.49188304], [134.18069253, 35.49154775], [134.18072804, 35.4915008], [134.18077836, 35.49146492], [134.18091394, 35.49140225], [134.18105694, 35.49138813], [134.18080663, 35.49123597], [134.18072187, 35.49116697], [134.18066726, 35.4911297], [134.18052132, 35.49106995], [134.18046294, 35.49102784], [134.1799229, 35.49029327], [134.17941361, 35.48992421], [134.1792648, 35.48983314], [134.17893542, 35.48963921], [134.17837096, 35.48924657], [134.17817256, 35.48912573], [134.17798058, 35.48932574], [134.17785781, 35.48940049], [134.17779728, 35.48940711], [134.1775466, 35.48937747], [134.17738341, 35.48938522], [134.17723836, 35.48941541], [134.1769833, 35.48950558], [134.17681973, 35.48954322], [134.17673581, 35.48954597], [134.17664458, 35.48951875], [134.1765499, 35.48946148], [134.17646402, 35.48938816], [134.17647539, 35.48928679], [134.17658373, 35.48898906], [134.17666195, 35.48890837], [134.17675103, 35.48880279], [134.17677486, 35.4887226], [134.17676249, 35.48863514], [134.1764485, 35.48859036], [134.17616677, 35.48856091], [134.17595971, 35.48851932], [134.17568393, 35.48839201], [134.17543702, 35.48823656], [134.17508568, 35.48796781], [134.17491137, 35.48784973], [134.17477932, 35.4877326], [134.17464785, 35.48759614], [134.17418296, 35.48717858], [134.17406262, 35.48709549], [134.17393111, 35.48705917], [134.17337109, 35.48699122], [134.17289235, 35.48683999], [134.17265558, 35.48677979], [134.17251556, 35.48672035], [134.17241324, 35.48664111], [134.17230108, 35.48652885], [134.17226125, 35.48647595], [134.17226115, 35.48963289], [134.17233499, 35.48960236], [134.17241653, 35.48954598], [134.17243058, 35.48963281], [134.17242955, 35.48971793], [134.17236458, 35.48989609], [134.17236115, 35.48997963], [134.17241838, 35.49007949], [134.17252175, 35.49016348], [134.17226112, 35.49044666], [134.17226102, 35.49329653], [134.17230356, 35.49333987], [134.17232423, 35.49340294], [134.17229049, 35.49347733], [134.17226102, 35.49350686], [134.172261, 35.4938137], [134.17228994, 35.49382543], [134.17272504, 35.49400351], [134.17325015, 35.49428203], [134.17340516, 35.49408547], [134.17364962, 35.49404882], [134.17379034, 35.49404303], [134.17392867, 35.49406578], [134.17418265, 35.4941342], [134.17430203, 35.49413676], [134.17438413, 35.49411382], [134.17488945, 35.4939009], [134.17510044, 35.49385498], [134.17516425, 35.49404072], [134.17527287, 35.4942122], [134.17548758, 35.49454798], [134.17549795, 35.49461517], [134.175476, 35.49466371], [134.17542846, 35.49470379], [134.17527915, 35.49478511], [134.17527385, 35.49478868], [134.1778018, 35.49478878], [134.17780097, 35.49476227], [134.17777671, 35.49467822], [134.17772355, 35.49458719], [134.17763945, 35.49449422], [134.17743129, 35.49429614], [134.17726764, 35.49418726], [134.17704612, 35.49409207], [134.17696941, 35.49404957], [134.17670697, 35.4939041], [134.17658967, 35.49381515], [134.17648518, 35.49371448], [134.17616499, 35.49355905], [134.17588214, 35.49336119], [134.17555709, 35.49301653], [134.17530124, 35.4927022], [134.17519283, 35.49254323], [134.17515042, 35.49237949], [134.17524291, 35.49233898], [134.17533837, 35.49238079], [134.17570964, 35.49276564], [134.1759267, 35.49290727], [134.17601695, 35.49300177], [134.17619238, 35.49310325], [134.17630392, 35.49314774], [134.17649255, 35.49319397], [134.17667745, 35.49329756], [134.1767058, 35.49347365], [134.17666899, 35.4935827], [134.17677322, 35.49356841], [134.17688682, 35.49358618], [134.17724571, 35.49373408], [134.17731728, 35.49378077], [134.17750073, 35.49385903], [134.17775911, 35.49411276], [134.17807171, 35.4943498], [134.17826358, 35.49452829], [134.17830992, 35.49459405], [134.17833331, 35.49460324], [134.17834619, 35.49460111], [134.17836432, 35.49458382], [134.17838982, 35.49453308], [134.17848642, 35.49439921], [134.17859744, 35.49424355], [134.17844073, 35.49416498], [134.17833398, 35.49411631], [134.17827237, 35.49409139], [134.17815087, 35.49400582], [134.17808235, 35.49392386], [134.17804932, 35.4937982], [134.17804511, 35.49343489], [134.17802673, 35.49323226], [134.17801047, 35.4929726], [134.17766828, 35.49269314], [134.17759586, 35.49259665], [134.17759479, 35.49249943], [134.17768163, 35.49229121], [134.1777167, 35.49211975], [134.17802456, 35.49219611], [134.17813845, 35.49223723], [134.17826672, 35.49231559], [134.17854086, 35.49252628], [134.17869222, 35.49265173], [134.17906025, 35.49300476], [134.17920866, 35.49310679], [134.17938359, 35.49316258], [134.17961001, 35.49318822], [134.1796995, 35.49316581], [134.17980383, 35.49315454], [134.17988352, 35.49316859], [134.17994996, 35.49320851], [134.18000629, 35.49328207], [134.18011519, 35.4934963], [134.180176, 35.49366662], [134.1801977, 35.49376188], [134.18028073, 35.49386115], [134.18011766, 35.49387563], [134.17996213, 35.49390592], [134.17983609, 35.49395894], [134.17971448, 35.49402425], [134.17952045, 35.49415545], [134.17942782, 35.494244], [134.17936527, 35.49434098], [134.17929034, 35.49466027], [134.17927298, 35.49478881], [134.18385046, 35.4947888], [134.18363321, 35.4946666]]]}}, {"type": "Feature", "properties": {"MESH2_C": "533411", "grid_code": "53341194", "grid_area": 1048177.5438940786, "grid_perimeter": 4116.607996372838, "area": 119288.32674549121, "perimeter": 2481.147116930482, "connect": 0.01750477546079164, "connect_rev": 0.0019921390101678995}, "geometry": {"type": "Polygon", "coordinates": [[[134.18400251, 35.49487433], [134.18385046, 35.4947888], [134.17927298, 35.49478881], [134.17925772, 35.49490177], [134.17923268, 35.49503085], [134.17923296, 35.495106], [134.17928918, 35.49551469], [134.17934944, 35.49560509], [134.17941708, 35.49566881], [134.17972962, 35.49582943], [134.17969216, 35.49601798], [134.18004515, 35.49618377], [134.18030588, 35.49627385], [134.18019563, 35.49645438], [134.1799429, 35.49678696], [134.17986947, 35.49684656], [134.17979296, 35.49686449], [134.17972799, 35.49685455], [134.17963375, 35.49681297], [134.17942795, 35.49669523], [134.17936719, 35.49662996], [134.17935533, 35.49657874], [134.17936701, 35.49652439], [134.17952165, 35.49624673], [134.17934691, 35.49618829], [134.17922068, 35.4961688], [134.17912733, 35.49616935], [134.17897592, 35.4961936], [134.17918301, 35.49665756], [134.17918722, 35.49673927], [134.17915762, 35.4967828], [134.17910321, 35.49681241], [134.17884351, 35.49686658], [134.17870265, 35.49692554], [134.17858936, 35.49701515], [134.17851185, 35.49712804], [134.17846742, 35.49726761], [134.17842441, 35.49756947], [134.17849796, 35.49811468], [134.17861949, 35.49813709], [134.17867644, 35.49812264], [134.17871108, 35.49809919], [134.17876868, 35.49799449], [134.17883094, 35.49778264], [134.17887535, 35.49756881], [134.17891097, 35.4974884], [134.17896367, 35.49743188], [134.17903459, 35.49738888], [134.17911778, 35.49736482], [134.17918733, 35.49736371], [134.1792638, 35.49739011], [134.17931757, 35.49744288], [134.17935934, 35.49752308], [134.17939329, 35.49763568], [134.17939679, 35.49776453], [134.179339, 35.49818297], [134.17934912, 35.49826686], [134.17939767, 35.49831841], [134.17947604, 35.49833976], [134.1795637, 35.49833084], [134.1796736, 35.49828404], [134.17973619, 35.49823377], [134.17978033, 35.49817274], [134.17990491, 35.4978117], [134.18004068, 35.4976276], [134.18012483, 35.49748588], [134.1802728, 35.49732605], [134.18041307, 35.49712563], [134.18061682, 35.49687016], [134.18067759, 35.49681668], [134.18073593, 35.49679235], [134.18079509, 35.49679486], [134.18084659, 35.49682533], [134.18096388, 35.49702152], [134.1810389, 35.49711942], [134.18112702, 35.49718866], [134.18122149, 35.49722634], [134.18129024, 35.49723682], [134.18137675, 35.49723252], [134.18170857, 35.49713528], [134.18191797, 35.49711724], [134.18221273, 35.49716102], [134.1825794, 35.49726471], [134.18267792, 35.49711966], [134.18280074, 35.49698727], [134.18300964, 35.49684578], [134.1831904, 35.49669064], [134.183164, 35.49665245], [134.18314308, 35.49654173], [134.18311755, 35.4964917], [134.1830944, 35.49631002], [134.18301097, 35.49607696], [134.18297488, 35.49600161], [134.18286957, 35.49588467], [134.18281175, 35.49573041], [134.18282405, 35.49565239], [134.18285496, 35.49562502], [134.18289938, 35.49561094], [134.18320542, 35.49563899], [134.18334247, 35.49568491], [134.18346231, 35.49578247], [134.18360794, 35.49602443], [134.18366227, 35.49608892], [134.18395444, 35.49623688], [134.18415945, 35.49632132], [134.1842404, 35.4963736], [134.18446141, 35.49651752], [134.18470503, 35.49663376], [134.18475979, 35.49666765], [134.18475985, 35.4949255], [134.18461302, 35.4949039], [134.18431339, 35.49482071], [134.1842333, 35.49483035], [134.18409395, 35.49488395], [134.18400251, 35.49487433]]]}}, {"type": "Feature", "properties": {"MESH2_C": "533411", "grid_code": "53341194", "grid_area": 1048177.5438940786, "grid_perimeter": 4116.607996372838, "area": 46392.01683845045, "perimeter": 1456.9464528339895, "connect": 0.01750477546079164, "connect_rev": 0.0007747559968832946}, "geometry": {"type": "Polygon", "coordinates": [[[134.18448227, 35.49746592], [134.18436412, 35.49737979], [134.18410317, 35.49723191], [134.18383297, 35.49712523], [134.1837385, 35.49721353], [134.18349024, 35.49736483], [134.18314578, 35.49760853], [134.18303051, 35.49767319], [134.18302919, 35.49836471], [134.18303948, 35.49842016], [134.18306138, 35.4984555], [134.18310951, 35.49849151], [134.18318884, 35.49852122], [134.18337867, 35.49856173], [134.18360453, 35.49859159], [134.18374597, 35.49864538], [134.18387072, 35.49872654], [134.18397753, 35.49882199], [134.18408612, 35.49895345], [134.18415469, 35.49907033], [134.18431907, 35.49943622], [134.18438678, 35.49970455], [134.18440356, 35.49993466], [134.18435172, 35.50030759], [134.18429264, 35.50050328], [134.18416084, 35.50072314], [134.18404981, 35.50083389], [134.18390541, 35.50091469], [134.18346622, 35.50101797], [134.18334527, 35.5010353], [134.18311599, 35.50103909], [134.18260604, 35.50099882], [134.18250382, 35.50100994], [134.18239344, 35.50104965], [134.18232719, 35.50111011], [134.1822939, 35.5012005], [134.18229627, 35.50129381], [134.18229976, 35.50146491], [134.1823131, 35.50150454], [134.18233848, 35.50153804], [134.18237518, 35.50155675], [134.18242113, 35.50156389], [134.18259243, 35.50155701], [134.18267038, 35.50156358], [134.18307586, 35.50155891], [134.18332256, 35.50156961], [134.18377979, 35.50154027], [134.18395307, 35.50151525], [134.18448371, 35.50140211], [134.18464561, 35.50134262], [134.18475448, 35.50120881], [134.18475963, 35.50120115], [134.18475975, 35.49770371], [134.18448227, 35.49746592]]]}}, {"type": "Feature", "properties": {"MESH2_C": "533411", "grid_code": "53341194", "grid_area": 1048177.5438940786, "grid_perimeter": 4116.607996372838, "area": 4839.0853372931015, "perimeter": 492.32566345246715, "connect": 0.01750477546079164, "connect_rev": 8.081369683825703e-05}, "geometry": {"type": "Polygon", "coordinates": [[[134.17943698, 35.50306433], [134.17926524, 35.50300276], [134.17871213, 35.50291846], [134.17809706, 35.50287401], [134.17788784, 35.50286755], [134.17756712, 35.5029308], [134.17735181, 35.50291927], [134.17715496, 35.50290786], [134.17703109, 35.50298252], [134.17698109, 35.50305767], [134.17688645, 35.50312112], [134.17951101, 35.50312119], [134.17943698, 35.50306433]]]}}, {"type": "Feature", "properties": {"MESH2_C": "533411", "grid_code": "53341194", "grid_area": 1048177.5438940786, "grid_perimeter": 4116.607996372838, "area": 38791.24984719712, "perimeter": 1281.2477773694486, "connect": 0.01750477546079164, "connect_rev": 0.0006478216618684515}, "geometry": {"type": "Polygon", "coordinates": [[[134.17233107, 35.4975256], [134.17251487, 35.49746486], [134.17262697, 35.49748529], [134.17267928, 35.49752239], [134.1727271, 35.49758324], [134.17290319, 35.49791702], [134.17298439, 35.49798933], [134.17307249, 35.49803191], [134.17340388, 35.49813349], [134.17354099, 35.49816188], [134.17365515, 35.4981474], [134.17381673, 35.49805736], [134.1738956, 35.49803115], [134.17401542, 35.49802913], [134.17419047, 35.498057], [134.17428997, 35.49810624], [134.17441315, 35.49826366], [134.17449034, 35.49831963], [134.17460244, 35.49835796], [134.17489507, 35.49841607], [134.17497366, 35.4984481], [134.17503935, 35.49849437], [134.1752155, 35.49874274], [134.17535663, 35.49898902], [134.17544032, 35.49920869], [134.17551668, 35.49935461], [134.17567825, 35.49956184], [134.17571441, 35.49962673], [134.17571975, 35.49968035], [134.17570021, 35.49973209], [134.17554525, 35.49989076], [134.1755063, 35.49995479], [134.17549273, 35.50000969], [134.17550552, 35.50009245], [134.17563844, 35.5003747], [134.17592119, 35.50037513], [134.17627567, 35.50032257], [134.17627344, 35.50013261], [134.1761488, 35.49987774], [134.17600243, 35.49963083], [134.17582071, 35.49927265], [134.17577667, 35.49904585], [134.17584279, 35.49876432], [134.17583764, 35.49864987], [134.17580821, 35.49858507], [134.17570108, 35.49843773], [134.17554712, 35.49803795], [134.17549221, 35.49793165], [134.17540551, 35.49784317], [134.1752737, 35.49777008], [134.17519172, 35.49774841], [134.17500006, 35.49774473], [134.17494247, 35.49772632], [134.17488673, 35.49766166], [134.17481195, 35.49745132], [134.17473369, 35.49735715], [134.17448526, 35.49715173], [134.17416102, 35.49692988], [134.17398259, 35.49683673], [134.1739902, 35.49688094], [134.17397357, 35.49690192], [134.17394033, 35.49691635], [134.17381467, 35.49696398], [134.17366498, 35.49699051], [134.17320036, 35.49698528], [134.17309981, 35.49699633], [134.17299517, 35.4970347], [134.17287415, 35.49711464], [134.17273441, 35.4971964], [134.17257841, 35.49723823], [134.17226089, 35.49724039], [134.17226088, 35.4975278], [134.17233107, 35.4975256]]]}}, {"type": "Feature", "properties": {"MESH2_C": "533411", "grid_code": "53341193", "grid_area": 1048178.3852913529, "grid_perimeter": 4116.609648629724, "area": 101083.75037031711, "perimeter": 2534.3049767623443, "connect": 0.03698464684072586, "connect_rev": 0.0035667085500366426}, "geometry": {"type": "Polygon", "coordinates": [[[134.16863277, 35.49734412], [134.16852419, 35.49729528], [134.16845815, 35.49728233], [134.16838976, 35.49728414], [134.16802061, 35.49738207], [134.16789104, 35.49742816], [134.16778808, 35.49748233], [134.1677269, 35.49753342], [134.16749416, 35.49778607], [134.16741716, 35.49794479], [134.16743495, 35.49804634], [134.16747259, 35.49815677], [134.16751353, 35.49821862], [134.16757294, 35.49827026], [134.16768946, 35.49833681], [134.16783038, 35.49839611], [134.16821941, 35.49848737], [134.16837503, 35.49855305], [134.16846901, 35.4986173], [134.168551, 35.49869284], [134.16870231, 35.49891898], [134.16875003, 35.49905584], [134.16876466, 35.49920026], [134.16875928, 35.49928653], [134.16872776, 35.49938313], [134.16862039, 35.49953262], [134.16859699, 35.49961053], [134.16861758, 35.49967756], [134.1687221, 35.49986252], [134.16875881, 35.49997375], [134.16876496, 35.50008806], [134.16873411, 35.50033272], [134.16900572, 35.5002133], [134.16930974, 35.50014094], [134.16946565, 35.50010638], [134.16957699, 35.50023449], [134.1698093, 35.50047365], [134.16983963, 35.50052425], [134.16984721, 35.50057697], [134.16982743, 35.50062836], [134.1697712, 35.50068238], [134.16947672, 35.50081888], [134.16939574, 35.50087476], [134.16936084, 35.50094704], [134.16939034, 35.50102211], [134.16955408, 35.50115661], [134.16970182, 35.50129975], [134.16978138, 35.50135591], [134.17046098, 35.50166354], [134.17079874, 35.50187236], [134.17086663, 35.50193656], [134.17093345, 35.50205888], [134.17099458, 35.50235823], [134.17097631, 35.50241095], [134.17092397, 35.50246124], [134.17086454, 35.502487], [134.17071711, 35.50251439], [134.17063805, 35.50251033], [134.17055477, 35.50247118], [134.17049825, 35.50240263], [134.17045168, 35.50228693], [134.17041869, 35.50223874], [134.17037099, 35.50219963], [134.17028506, 35.50215574], [134.16994077, 35.5020652], [134.16961719, 35.50200331], [134.16926609, 35.50199446], [134.16930374, 35.50210501], [134.16936231, 35.50219292], [134.16946173, 35.50229492], [134.16969627, 35.50249419], [134.16975115, 35.50256679], [134.16976527, 35.50262079], [134.16975524, 35.50269074], [134.16971571, 35.50278614], [134.16965876, 35.50287903], [134.16998384, 35.50295996], [134.17047317, 35.50312091], [134.17076779, 35.5031209], [134.17076718, 35.50291957], [134.17086861, 35.50289994], [134.17111778, 35.50289128], [134.17138874, 35.50287825], [134.17170036, 35.50285981], [134.17162711, 35.50264066], [134.17155048, 35.50244463], [134.17150152, 35.50231053], [134.17146845, 35.50216111], [134.17147614, 35.50202483], [134.17154398, 35.50178709], [134.17159388, 35.50171566], [134.17185525, 35.50149093], [134.17191484, 35.50142227], [134.17193537, 35.50134206], [134.17194469, 35.50109013], [134.17193588, 35.5009621], [134.17187617, 35.50087227], [134.17177133, 35.50067747], [134.17155991, 35.50035517], [134.171464, 35.50025975], [134.1714046, 35.50023802], [134.17133825, 35.50023252], [134.17091161, 35.50027135], [134.17079708, 35.50023763], [134.17072327, 35.50018057], [134.17053712, 35.49984722], [134.17031726, 35.49990037], [134.16997877, 35.49993083], [134.16985679, 35.49992118], [134.16976614, 35.49989303], [134.16978768, 35.49971962], [134.16979329, 35.49944524], [134.16979454, 35.49926756], [134.16994035, 35.4993441], [134.17003687, 35.49937256], [134.17047158, 35.49940632], [134.17057584, 35.49938055], [134.17068151, 35.49937059], [134.17089665, 35.49939352], [134.17109429, 35.49939995], [134.17122631, 35.4994124], [134.17141688, 35.49940308], [134.17150684, 35.49937089], [134.17154479, 35.49931916], [134.1715354, 35.49923981], [134.17141335, 35.49903368], [134.17134779, 35.49895436], [134.17123092, 35.49885294], [134.17099116, 35.49876953], [134.17067637, 35.49860912], [134.17046602, 35.49853356], [134.1702449, 35.49853945], [134.17000065, 35.49858177], [134.16977953, 35.49856073], [134.16973959, 35.49841148], [134.16975858, 35.49833148], [134.16962272, 35.4982692], [134.16948691, 35.498186], [134.16928295, 35.49803109], [134.16921007, 35.49796186], [134.16907004, 35.4978452], [134.16901231, 35.49777203], [134.16881088, 35.49750069], [134.1687003, 35.49739001], [134.16863277, 35.49734412]]]}}, {"type": "Feature", "properties": {"MESH2_C": "533411", "grid_code": "53341193", "grid_area": 1048178.3852913529, "grid_perimeter": 4116.609648629724, "area": 1159.939843985485, "perimeter": 187.58141531521832, "connect": 0.03698464684072586, "connect_rev": 4.092811499291248e-05}, "geometry": {"type": "Polygon", "coordinates": [[[134.17198397, 35.49722503], [134.17153061, 35.49723223], [134.17148601, 35.49733228], [134.17176362, 35.49735723], [134.17204128, 35.49737168], [134.17210897, 35.49740966], [134.17219876, 35.49750216], [134.1722527, 35.49752805], [134.17226088, 35.4975278], [134.17226089, 35.49724039], [134.1722073, 35.49724075], [134.17198397, 35.49722503]]]}}, {"type": "Feature", "properties": {"MESH2_C": "533411", "grid_code": "53341194", "grid_area": 1048177.5438940786, "grid_perimeter": 4116.607996372838, "area": 32809.68402913539, "perimeter": 868.7737009505971, "connect": 0.01750477546079164, "connect_rev": 0.0005479283115872341}, "geometry": {"type": "Polygon", "coordinates": [[[134.17504695, 35.49494142], [134.17463914, 35.49514549], [134.17449426, 35.49527094], [134.17478631, 35.49555058], [134.17484883, 35.49549506], [134.17492281, 35.49547375], [134.1750896, 35.49549089], [134.17521143, 35.49553134], [134.17536097, 35.49563758], [134.1756358, 35.49591844], [134.17570883, 35.4960135], [134.17573857, 35.49608147], [134.17577066, 35.49623128], [134.175855, 35.49633432], [134.17597771, 35.49641006], [134.17608236, 35.4964507], [134.17616437, 35.49645957], [134.17628309, 35.49644594], [134.17639408, 35.49641904], [134.1764623, 35.4963805], [134.17656943, 35.49628563], [134.17664381, 35.49619503], [134.17674212, 35.49577816], [134.17680907, 35.49560968], [134.17684902, 35.49555816], [134.17691835, 35.49553668], [134.17700495, 35.49554881], [134.17715562, 35.4956023], [134.17737927, 35.495651], [134.17748517, 35.49569234], [134.17755604, 35.49573633], [134.17769074, 35.49566936], [134.17779585, 35.49559415], [134.17787476, 35.49550372], [134.17791829, 35.4954126], [134.17779156, 35.49530644], [134.17773193, 35.49527759], [134.17774471, 35.49511916], [134.17780412, 35.49486345], [134.1778018, 35.49478878], [134.17527385, 35.49478868], [134.17504695, 35.49494142]]]}}, {"type": "Feature", "properties": {"MESH2_C": "533411", "grid_code": "53341194", "grid_area": 1048177.5438940786, "grid_perimeter": 4116.607996372838, "area": 15658.173094905855, "perimeter": 531.9233629925784, "connect": 0.01750477546079164, "connect_rev": 0.0002614946349015027}, "geometry": {"type": "Polygon", "coordinates": [[[134.17234222, 35.49694269], [134.17249241, 35.4968666], [134.17296185, 35.49655967], [134.17305876, 35.49652792], [134.17326766, 35.49650318], [134.17336636, 35.49647707], [134.17359865, 35.49637209], [134.17381539, 35.49630198], [134.17388507, 35.49624849], [134.17389607, 35.49619934], [134.17387307, 35.49613205], [134.1737211, 35.49591648], [134.17364364, 35.49583878], [134.17348648, 35.49574756], [134.17323706, 35.49567435], [134.17312763, 35.4956288], [134.17299233, 35.49553685], [134.17287231, 35.49542998], [134.17268141, 35.4954519], [134.17234645, 35.49543019], [134.17226095, 35.49543671], [134.1722609, 35.49696223], [134.17234222, 35.49694269]]]}}, {"type": "Feature", "properties": {"MESH2_C": "533411", "grid_code": "53341184", "grid_area": 1048284.347596243, "grid_perimeter": 4116.839652144552, "area": 3120.4652689741342, "perimeter": 230.26791434503022, "connect": 0.20814384751172144, "connect_rev": 0.0006195891874187731}, "geometry": {"type": "Polygon", "coordinates": [[[134.17424295, 35.49434925], [134.17409716, 35.49439892], [134.17373443, 35.49461022], [134.17394283, 35.49478861], [134.17444675, 35.49478864], [134.1748088, 35.49445567], [134.17439961, 35.49435429], [134.17424295, 35.49434925]]]}}, {"type": "Feature", "properties": {"MESH2_C": "533411", "grid_code": "53341194", "grid_area": 1048177.5438940786, "grid_perimeter": 4116.607996372838, "area": 557.3776576955424, "perimeter": 112.18080287899703, "connect": 0.01750477546079164, "connect_rev": 9.308318806921898e-06}, "geometry": {"type": "Polygon", "coordinates": [[[134.17395818, 35.49480175], [134.17416573, 35.49500512], [134.17439787, 35.4948336], [134.17444675, 35.49478864], [134.17394283, 35.49478861], [134.17395818, 35.49480175]]]}}, {"type": "Feature", "properties": {"MESH2_C": "533411", "grid_code": "53341183", "grid_area": 1048285.1892541237, "grid_perimeter": 4116.841304837875, "area": 278.8013695932459, "perimeter": 80.28663809560331, "connect": 0.6123948399571675, "connect_rev": 0.00016287220487525676}, "geometry": {"type": "Polygon", "coordinates": [[[134.17209179, 35.49367635], [134.17221049, 35.49379323], [134.172261, 35.4938137], [134.17226102, 35.49350686], [134.17209179, 35.49367635]]]}}, {"type": "Feature", "properties": {"MESH2_C": "533411", "grid_code": "53341194", "grid_area": 1048177.5438940786, "grid_perimeter": 4116.607996372838, "area": 114.84905776917003, "perimeter": 47.51453885367931, "connect": 0.01750477546079164, "connect_rev": 1.918002326842414e-06}, "geometry": {"type": "Polygon", "coordinates": [[[134.17238335, 35.49487678], [134.17229478, 35.4947885], [134.17226097, 35.4947885], [134.17226097, 35.49495059], [134.17238335, 35.49487678]]]}}, {"type": "Feature", "properties": {"MESH2_C": "533411", "grid_code": "53341184", "grid_area": 1048284.347596243, "grid_perimeter": 4116.839652144552, "area": 5.731535843508027, "perimeter": 11.639545905632154, "connect": 0.20814384751172144, "connect_rev": 1.1380346614491185e-06}, "geometry": {"type": "Polygon", "coordinates": [[[134.17226097, 35.49475481], [134.17226097, 35.4947885], [134.17229478, 35.4947885], [134.17226097, 35.49475481]]]}}, {"type": "Feature", "properties": {"MESH2_C": "533411", "grid_code": "53341193", "grid_area": 1048178.3852913529, "grid_perimeter": 4116.609648629724, "area": 0.5303728129174488, "perimeter": 4.133238019561038, "connect": 0.03698464684072586, "connect_rev": 1.8714038998449503e-08}, "geometry": {"type": "Polygon", "coordinates": [[[134.16394474, 35.49479429], [134.16396375, 35.49478845], [134.16394571, 35.49478845], [134.16394474, 35.49479429]]]}}, {"type": "Feature", "properties": {"MESH2_C": "533411", "grid_code": "53341193", "grid_area": 1048178.3852913529, "grid_perimeter": 4116.609648629724, "area": 173297.48752989672, "perimeter": 3030.0174674119403, "connect": 0.03698464684072586, "connect_rev": 0.006114747703843153}, "geometry": {"type": "Polygon", "coordinates": [[[134.16486111, 35.49482091], [134.16512383, 35.49490511], [134.16529635, 35.49493243], [134.16554355, 35.49493525], [134.16567632, 35.49497182], [134.16574358, 35.49503456], [134.16574921, 35.49511012], [134.16569727, 35.49517524], [134.16560163, 35.49522928], [134.16539838, 35.49518028], [134.16518357, 35.49516583], [134.16506564, 35.4951916], [134.16502483, 35.49523022], [134.16501671, 35.49526668], [134.16502983, 35.49530263], [134.16507443, 35.49534606], [134.1654766, 35.49553978], [134.16556473, 35.49560851], [134.16557661, 35.49564684], [134.16558297, 35.49569306], [134.16536189, 35.49574238], [134.16523896, 35.4957587], [134.1651174, 35.49574611], [134.16478553, 35.49568504], [134.16466373, 35.49568742], [134.16460486, 35.49571194], [134.16453835, 35.49577348], [134.16450178, 35.49584262], [134.16447777, 35.49590011], [134.1643249, 35.49637955], [134.16432321, 35.4964305], [134.16434016, 35.49646612], [134.16442848, 35.49652989], [134.16471628, 35.49662179], [134.16492084, 35.49669826], [134.16520489, 35.49684013], [134.16530787, 35.4968999], [134.16537196, 35.4969849], [134.16544818, 35.49716295], [134.16546505, 35.49735695], [134.16544215, 35.49759965], [134.1654394, 35.4979203], [134.16541154, 35.49800257], [134.16535094, 35.49807242], [134.16548064, 35.49820876], [134.16562297, 35.49841273], [134.16567353, 35.49844193], [134.16574744, 35.49844289], [134.16589125, 35.49838229], [134.16601019, 35.49835854], [134.16620531, 35.49835649], [134.16638362, 35.49837212], [134.16648532, 35.49835828], [134.16652709, 35.49833713], [134.16657023, 35.49829491], [134.16668079, 35.49808105], [134.16678041, 35.49798023], [134.16685311, 35.49794382], [134.16693464, 35.49792332], [134.16709744, 35.4979178], [134.16705836, 35.49770291], [134.16706553, 35.49731192], [134.16710583, 35.49718808], [134.16721513, 35.49702188], [134.16728707, 35.49696036], [134.1673784, 35.4969169], [134.16790855, 35.49680087], [134.16823505, 35.49665527], [134.1681954, 35.49659151], [134.16818681, 35.49652855], [134.16820149, 35.49646439], [134.16827028, 35.49632794], [134.16860275, 35.49603214], [134.16873604, 35.49581751], [134.16883731, 35.49569296], [134.16888882, 35.49566232], [134.16893342, 35.49565268], [134.16897939, 35.49565649], [134.16903686, 35.49567838], [134.16917052, 35.4957648], [134.16924827, 35.49583694], [134.16938672, 35.49600746], [134.16946399, 35.49619758], [134.16965768, 35.49647857], [134.16978503, 35.49660921], [134.16997863, 35.49674428], [134.17002001, 35.49681703], [134.17001812, 35.49687048], [134.17000178, 35.49690695], [134.16991197, 35.49698507], [134.16952084, 35.49711905], [134.16930004, 35.49721444], [134.16935865, 35.49734055], [134.16956024, 35.49744735], [134.16979285, 35.49754976], [134.16992294, 35.49762443], [134.17002361, 35.49772176], [134.1701016, 35.49785461], [134.17010903, 35.4979077], [134.17009818, 35.49794429], [134.1700613, 35.49797388], [134.17013736, 35.49795298], [134.17022352, 35.49794047], [134.17031164, 35.4979329], [134.17044295, 35.49794223], [134.17050172, 35.49789377], [134.17078643, 35.49772091], [134.1711807, 35.49747887], [134.1711332, 35.4974002], [134.1710719, 35.49718068], [134.17102558, 35.49710634], [134.17101304, 35.49707018], [134.1710202, 35.49704763], [134.17105536, 35.49701833], [134.17110411, 35.49700025], [134.17118115, 35.49698809], [134.17128824, 35.49698541], [134.17138181, 35.49700325], [134.17173238, 35.49697543], [134.17199812, 35.4969786], [134.17217498, 35.49698287], [134.1722609, 35.49696223], [134.17226095, 35.49543671], [134.17215303, 35.49544495], [134.17199046, 35.49549516], [134.17180677, 35.4956102], [134.17171174, 35.49562418], [134.17164026, 35.49559344], [134.17148614, 35.49543421], [134.17131547, 35.49530878], [134.17122469, 35.49526542], [134.17101094, 35.49519624], [134.17094884, 35.49517243], [134.17090789, 35.49514794], [134.17089384, 35.49512952], [134.17089716, 35.49511016], [134.17092919, 35.49508131], [134.17097314, 35.49506208], [134.17104153, 35.4950476], [134.17113525, 35.4950396], [134.17123728, 35.49504991], [134.17155332, 35.4951307], [134.17173283, 35.49519848], [134.17182575, 35.49520443], [134.17195951, 35.49515344], [134.17213501, 35.49502656], [134.17226097, 35.49495059], [134.17226097, 35.4947885], [134.16479646, 35.49478848], [134.16486111, 35.49482091]]]}}, {"type": "Feature", "properties": {"MESH2_C": "533411", "grid_code": "53341193", "grid_area": 1048178.3852913529, "grid_perimeter": 4116.609648629724, "area": 19568.49259567677, "perimeter": 597.0664234570164, "connect": 0.03698464684072586, "connect_rev": 0.0006904681474187186}, "geometry": {"type": "Polygon", "coordinates": [[[134.16592523, 35.50160015], [134.16598783, 35.5016171], [134.16608846, 35.50161651], [134.16624683, 35.50157698], [134.16618809, 35.50123282], [134.16618366, 35.50113254], [134.16621086, 35.50100502], [134.16633594, 35.50067328], [134.16639492, 35.50043215], [134.16638874, 35.50028896], [134.16632787, 35.50009291], [134.16618838, 35.49982669], [134.16613603, 35.49976986], [134.16606742, 35.49972553], [134.16598701, 35.49969666], [134.16590111, 35.49968325], [134.16558521, 35.49968219], [134.16538324, 35.49966008], [134.16528285, 35.4998077], [134.16519688, 35.50004659], [134.16514767, 35.50023357], [134.16511256, 35.50030054], [134.16506666, 35.50034129], [134.16500988, 35.50036303], [134.16492195, 35.5003665], [134.16484871, 35.50034899], [134.16482074, 35.50046121], [134.16484221, 35.50055627], [134.16508766, 35.500941], [134.16516629, 35.50103615], [134.16527682, 35.50110231], [134.16561486, 35.50118995], [134.16572091, 35.50123784], [134.16578247, 35.50131787], [134.16583782, 35.50151661], [134.16587451, 35.50156506], [134.16592523, 35.50160015]]]}}, {"type": "Feature", "properties": {"MESH2_C": "533411", "grid_code": "53341192", "grid_area": 1048179.2931060009, "grid_perimeter": 4116.61143130817, "area": 40255.846515952406, "perimeter": 1102.3386202595648, "connect": 0.017389372843363244, "connect_rev": 0.0006678475035666528}, "geometry": {"type": "Polygon", "coordinates": [[[134.15424996, 35.50119099], [134.15407822, 35.50113441], [134.15391829, 35.50112322], [134.15371524, 35.50111677], [134.15358022, 35.50108059], [134.15355254, 35.50137232], [134.15343381, 35.50154262], [134.15328477, 35.5016674], [134.15316062, 35.50176719], [134.15310396, 35.50188759], [134.15291758, 35.50205239], [134.15278069, 35.50219235], [134.15271204, 35.50228246], [134.15261825, 35.50242275], [134.15256074, 35.50262367], [134.15261476, 35.50275491], [134.15286127, 35.50272645], [134.15295405, 35.5026818], [134.15309615, 35.50263246], [134.15328063, 35.50264885], [134.1534275, 35.50273042], [134.15353813, 35.50274629], [134.15363728, 35.50268156], [134.15375503, 35.50260688], [134.15393483, 35.50248232], [134.1540777, 35.50235748], [134.1541715, 35.50221721], [134.15421579, 35.50210176], [134.1542724, 35.50198639], [134.15440007, 35.50213828], [134.15444826, 35.50223928], [134.15447697, 35.50243579], [134.15443284, 35.50253614], [134.15439295, 35.50281772], [134.15436948, 35.50312062], [134.15537925, 35.50312063], [134.15531391, 35.5030406], [134.15525966, 35.50292949], [134.15535331, 35.5028043], [134.15544085, 35.50267406], [134.15548482, 35.50258881], [134.15551675, 35.5024783], [134.15554853, 35.50238289], [134.15559866, 35.50229767], [134.15574722, 35.50221818], [134.15584011, 35.50216346], [134.15586179, 35.50185659], [134.15583381, 35.50158963], [134.15578125, 35.50131748], [134.15571525, 35.50115595], [134.15558542, 35.50121041], [134.15544939, 35.50126984], [134.15535069, 35.50128929], [134.15520915, 35.5012883], [134.15506711, 35.5013326], [134.15496194, 35.5013822], [134.15481956, 35.50146174], [134.15471412, 35.50153649], [134.15461608, 35.50149554], [134.15454885, 35.50144978], [134.15448794, 35.50138895], [134.1543659, 35.50128743], [134.15424996, 35.50119099]]]}}, {"type": "Feature", "properties": {"MESH2_C": "533411", "grid_code": "53341192", "grid_area": 1048179.2931060009, "grid_perimeter": 4116.61143130817, "area": 108883.87646295392, "perimeter": 1837.6167467999135, "connect": 0.017389372843363244, "connect_rev": 0.0018063916515984161}, "geometry": {"type": "Polygon", "coordinates": [[[134.15506811, 35.4947904], [134.15516477, 35.49488148], [134.15519874, 35.49493112], [134.15519511, 35.49497307], [134.15517108, 35.49499515], [134.15507744, 35.4950025], [134.15456058, 35.49489455], [134.15440274, 35.49488217], [134.15420951, 35.49489385], [134.15414782, 35.49491795], [134.15410321, 35.49495819], [134.15408687, 35.49499615], [134.15409108, 35.49505157], [134.15412172, 35.49510248], [134.15417271, 35.49514232], [134.15426665, 35.49517499], [134.15454071, 35.49522693], [134.15440467, 35.49551008], [134.15439464, 35.49556607], [134.15440988, 35.49572506], [134.15435494, 35.49587362], [134.15455089, 35.49598799], [134.15486317, 35.49611321], [134.15494259, 35.49612261], [134.15508525, 35.49609523], [134.15535365, 35.49615038], [134.15557272, 35.49628127], [134.15566095, 35.49635229], [134.15547629, 35.4965703], [134.15534412, 35.49676314], [134.15521875, 35.49688333], [134.15510643, 35.49701285], [134.15507888, 35.49710894], [134.15511011, 35.49718266], [134.15529559, 35.4973192], [134.15559434, 35.49747394], [134.15580669, 35.497547], [134.15602871, 35.49759816], [134.15615424, 35.49765719], [134.15645625, 35.49754051], [134.15693627, 35.49748095], [134.15732374, 35.49752388], [134.15765669, 35.4975808], [134.15772665, 35.49760801], [134.15782007, 35.49766898], [134.15787589, 35.49772339], [134.15791104, 35.4977746], [134.15799826, 35.49768048], [134.15812223, 35.49760372], [134.15817576, 35.49759284], [134.15824025, 35.49757973], [134.1584881, 35.4975799], [134.15856478, 35.49755242], [134.15862573, 35.49750232], [134.15870786, 35.49737329], [134.15878517, 35.49715062], [134.15878436, 35.49706596], [134.15871714, 35.49691153], [134.15871301, 35.49685103], [134.15875781, 35.49681956], [134.15890823, 35.49680087], [134.15899043, 35.49675388], [134.15907959, 35.49662883], [134.15912123, 35.49650143], [134.15914576, 35.49631221], [134.15913795, 35.49614097], [134.15871645, 35.49617338], [134.15843285, 35.49617043], [134.15838297, 35.49615883], [134.15833172, 35.49612941], [134.15826946, 35.49604325], [134.15830403, 35.4958838], [134.15829183, 35.49573918], [134.15824719, 35.49566008], [134.15806631, 35.49542813], [134.15805772, 35.49533569], [134.15807672, 35.49530329], [134.15810584, 35.49528426], [134.15819445, 35.49528637], [134.15829468, 35.49533856], [134.15836003, 35.4953884], [134.15843052, 35.49542874], [134.15849142, 35.49544816], [134.1585558, 35.49544893], [134.15861597, 35.49543281], [134.1589989, 35.49526611], [134.15915994, 35.49547784], [134.15947151, 35.49527484], [134.15967532, 35.49518033], [134.15942028, 35.4948142], [134.15940946, 35.49478822], [134.15506697, 35.49478826], [134.15506811, 35.4947904]]]}}, {"type": "Feature", "properties": {"MESH2_C": "533411", "grid_code": "53341182", "grid_area": 1048286.0973496065, "grid_perimeter": 4116.843087986172, "area": 5326.057528649602, "perimeter": 318.3166359592655, "connect": 0.3515250841359303, "connect_rev": 0.0017860036736201778}, "geometry": {"type": "Polygon", "coordinates": [[[134.1552048, 35.48805202], [134.15514258, 35.48807417], [134.15506818, 35.48813221], [134.15500461, 35.48821974], [134.15487116, 35.48851897], [134.15486371, 35.48857757], [134.15489531, 35.48868048], [134.15526796, 35.48852739], [134.15537018, 35.48849958], [134.15551509, 35.48851299], [134.1557524, 35.48861195], [134.15583106, 35.48862497], [134.15594206, 35.48860602], [134.1561161, 35.48851858], [134.15607763, 35.48845403], [134.15594522, 35.48829242], [134.15585955, 35.48805248], [134.15529182, 35.488042], [134.1552048, 35.48805202]]]}}, {"type": "Feature", "properties": {"MESH2_C": "533411", "grid_code": "53341182", "grid_area": 1048286.0973496065, "grid_perimeter": 4116.843087986172, "area": 56779.08889272707, "perimeter": 1083.8921753941445, "connect": 0.3515250841359303, "connect_rev": 0.019039911003914493}, "geometry": {"type": "Polygon", "coordinates": [[[134.15738271, 35.48647465], [134.15738707, 35.48654104], [134.15748725, 35.48669451], [134.15750708, 35.48677525], [134.15749155, 35.48684436], [134.15738826, 35.48706005], [134.15737641, 35.48720213], [134.15743651, 35.48755945], [134.15746658, 35.4879473], [134.15753674, 35.48807784], [134.15774466, 35.48831112], [134.15778605, 35.48837326], [134.15780622, 35.48847054], [134.15778452, 35.4886719], [134.15781408, 35.48876615], [134.15791935, 35.48888163], [134.15822035, 35.48910331], [134.1584628, 35.48933084], [134.15875092, 35.48949993], [134.15881593, 35.48952439], [134.15887936, 35.48952866], [134.1589197, 35.48951522], [134.15895837, 35.48947628], [134.15898975, 35.48934861], [134.15900676, 35.48881458], [134.15894968, 35.48865957], [134.15896915, 35.48859898], [134.15900715, 35.48853069], [134.15905013, 35.48849704], [134.15911072, 35.48847773], [134.15917471, 35.48848507], [134.15923983, 35.48852641], [134.15928138, 35.48858916], [134.15931086, 35.48866009], [134.1593379, 35.48876945], [134.15935867, 35.48881805], [134.15938844, 35.48884571], [134.15943151, 35.48885438], [134.15947648, 35.48884297], [134.15957552, 35.48879318], [134.1597623, 35.48871413], [134.15976237, 35.48645584], [134.15739486, 35.48645589], [134.15738271, 35.48647465]]]}}, {"type": "Feature", "properties": {"MESH2_C": "533411", "grid_code": "53341182", "grid_area": 1048286.0973496065, "grid_perimeter": 4116.843087986172, "area": 1068.6250735680514, "perimeter": 247.82065089188163, "connect": 0.3515250841359303, "connect_rev": 0.0003583454171962505}, "geometry": {"type": "Polygon", "coordinates": [[[134.15974806, 35.48915386], [134.15969798, 35.48923703], [134.15970657, 35.48935231], [134.15966448, 35.48970498], [134.15958868, 35.49003909], [134.15960385, 35.49011763], [134.15964735, 35.49017331], [134.1597143, 35.49020741], [134.15976225, 35.49021147], [134.15976228, 35.48914446], [134.15974806, 35.48915386]]]}}, {"type": "Feature", "properties": {"MESH2_C": "533411", "grid_code": "53341183", "grid_area": 1048285.1892541237, "grid_perimeter": 4116.841304837875, "area": 820208.9129293086, "perimeter": 6993.94209842692, "connect": 0.6123948399571675, "connect_rev": 0.47915558772911504}, "geometry": {"type": "Polygon", "coordinates": [[[134.17224633, 35.48645613], [134.15976237, 35.48645584], [134.1597623, 35.48871413], [134.16005647, 35.48858963], [134.16013487, 35.48858804], [134.16018631, 35.48861336], [134.16022359, 35.48865981], [134.16025359, 35.48874757], [134.16025242, 35.48881833], [134.16022957, 35.48886823], [134.16013423, 35.48894935], [134.15983015, 35.48909959], [134.15976228, 35.48914446], [134.15976225, 35.49021147], [134.15979752, 35.49021446], [134.1600536, 35.49015908], [134.16017762, 35.4900897], [134.1603152, 35.48993493], [134.16035883, 35.48991369], [134.1604123, 35.48990343], [134.16058731, 35.48984059], [134.1607477, 35.48975037], [134.16097381, 35.48966634], [134.16122004, 35.48955012], [134.16141231, 35.48947476], [134.16130419, 35.4892722], [134.16122566, 35.48918168], [134.16113791, 35.48910878], [134.16119821, 35.48903476], [134.1612866, 35.48896187], [134.1614699, 35.48886623], [134.1615514, 35.48896247], [134.16164979, 35.48906581], [134.16171703, 35.48911148], [134.16178074, 35.48912753], [134.16184681, 35.48911903], [134.16190957, 35.48907672], [134.16194173, 35.48899793], [134.16194365, 35.48890649], [134.16195938, 35.48885381], [134.16199471, 35.48881026], [134.16205104, 35.48878165], [134.16217694, 35.48875976], [134.16229892, 35.48877158], [134.16236963, 35.48882227], [134.16239088, 35.48890258], [134.16237211, 35.48912395], [134.16235167, 35.48919038], [134.16230044, 35.48923446], [134.16225534, 35.48924867], [134.16207422, 35.48926768], [134.16199938, 35.48931514], [134.1619696, 35.48939357], [134.16196671, 35.4895853], [134.16194671, 35.48963916], [134.16190784, 35.48968479], [134.16183568, 35.4897222], [134.16173252, 35.48973278], [134.16161764, 35.48970756], [134.16150837, 35.48965164], [134.16135524, 35.48979108], [134.1611344, 35.4900342], [134.16078065, 35.49033612], [134.16066079, 35.49047949], [134.16058019, 35.49065627], [134.16056146, 35.49078498], [134.16057215, 35.49085925], [134.1605966, 35.49091369], [134.16065231, 35.49096043], [134.16074792, 35.49097182], [134.16081601, 35.49095444], [134.16100658, 35.49086462], [134.16105576, 35.49085426], [134.16110154, 35.49085859], [134.16114303, 35.49087555], [134.16121312, 35.49093229], [134.16128777, 35.49104123], [134.16136279, 35.49102589], [134.16148513, 35.49108998], [134.16152031, 35.49113228], [134.16153241, 35.4911832], [134.16152324, 35.49125438], [134.16148812, 35.49135333], [134.16143593, 35.49142402], [134.16135616, 35.49147863], [134.16127788, 35.49151408], [134.16120003, 35.49153007], [134.16110427, 35.49152955], [134.16096719, 35.49150775], [134.16101568, 35.49164349], [134.16110013, 35.49179175], [134.16117524, 35.49185676], [134.16123633, 35.49187161], [134.16134347, 35.49187533], [134.16151358, 35.49184978], [134.16161014, 35.49185621], [134.16172537, 35.4919116], [134.1618652, 35.49203698], [134.16193234, 35.49207596], [134.16202019, 35.49209349], [134.16215532, 35.49207713], [134.16222163, 35.4920822], [134.16241729, 35.49216633], [134.16265069, 35.49219917], [134.16278326, 35.49220298], [134.16305001, 35.49224042], [134.16321555, 35.49229152], [134.16337154, 35.49236156], [134.16342797, 35.49241378], [134.16344523, 35.49247954], [134.16341456, 35.49254015], [134.16332833, 35.49258042], [134.1631539, 35.49258951], [134.16301048, 35.4925888], [134.16281418, 35.49258963], [134.16271315, 35.49260271], [134.16262326, 35.49263625], [134.16256266, 35.49268805], [134.16246731, 35.49280067], [134.16226409, 35.49293318], [134.1622058, 35.49300003], [134.16219518, 35.49303813], [134.16221076, 35.49309017], [134.16229793, 35.49319784], [134.16234778, 35.49328975], [134.162368, 35.49337361], [134.16236999, 35.49366523], [134.16238392, 35.49376558], [134.16242065, 35.4938621], [134.16250087, 35.49399174], [134.16260508, 35.49412739], [134.16269422, 35.49419592], [134.16287464, 35.49424894], [134.16302791, 35.49427938], [134.1631817, 35.4941257], [134.16327869, 35.49407148], [134.16337251, 35.49404085], [134.16346302, 35.49404574], [134.16380988, 35.49414891], [134.16398618, 35.49414157], [134.16405878, 35.49416237], [134.16411927, 35.49421038], [134.16417832, 35.49428063], [134.16419908, 35.4943169], [134.16420621, 35.49438152], [134.16416067, 35.49448295], [134.16399054, 35.49464572], [134.16395657, 35.494723], [134.16394571, 35.49478845], [134.16396375, 35.49478845], [134.16422749, 35.49470742], [134.16443756, 35.4946691], [134.16462092, 35.49470043], [134.16479646, 35.49478848], [134.17226097, 35.4947885], [134.17226097, 35.49475481], [134.17209157, 35.49458596], [134.17171286, 35.49425662], [134.17158347, 35.49423408], [134.1715074, 35.4942028], [134.1711847, 35.49391833], [134.17099298, 35.49383189], [134.17064955, 35.49381859], [134.16988188, 35.49381858], [134.16965106, 35.49383607], [134.16926852, 35.49388956], [134.16887272, 35.49396147], [134.16864423, 35.49397699], [134.16852159, 35.49397415], [134.16838502, 35.4939488], [134.16808993, 35.49385256], [134.16795541, 35.49378534], [134.16781234, 35.49370497], [134.16772807, 35.49363371], [134.16767898, 35.49356174], [134.1676619, 35.49351857], [134.16766965, 35.49349817], [134.16768629, 35.49348368], [134.16771981, 35.49347654], [134.16776072, 35.4934828], [134.16790994, 35.49354061], [134.16799429, 35.49356504], [134.16813147, 35.4936163], [134.16831752, 35.49370376], [134.16841603, 35.49373365], [134.16866156, 35.49376389], [134.16882078, 35.49376501], [134.16897812, 35.49374524], [134.16933258, 35.49365699], [134.16958849, 35.49356002], [134.16972389, 35.49352796], [134.17011295, 35.49351761], [134.17055616, 35.49353197], [134.17095054, 35.49336985], [134.17109309, 35.49328388], [134.17112898, 35.49323768], [134.17114737, 35.49317329], [134.1711365, 35.49310135], [134.1711156, 35.49304317], [134.17103638, 35.49276758], [134.1710206, 35.49258164], [134.17095609, 35.4922833], [134.17089993, 35.4921799], [134.17080221, 35.49207569], [134.17067617, 35.49194085], [134.17043959, 35.49179661], [134.16971514, 35.49166494], [134.16956804, 35.49161736], [134.16941617, 35.49154321], [134.16929248, 35.49146188], [134.16918946, 35.49134722], [134.16910687, 35.49125636], [134.16900609, 35.49122665], [134.16891038, 35.49119051], [134.16882395, 35.49114264], [134.16874916, 35.49108041], [134.16869994, 35.49101975], [134.16867435, 35.49095261], [134.16867893, 35.49088256], [134.16870756, 35.49082924], [134.16875419, 35.49078951], [134.16883142, 35.49076285], [134.16890159, 35.49075946], [134.16900662, 35.49077388], [134.16916755, 35.49083174], [134.16926766, 35.4908904], [134.16936056, 35.49095831], [134.16962995, 35.4911275], [134.16988151, 35.49126238], [134.17055975, 35.4914102], [134.170601, 35.49130002], [134.17060555, 35.49122964], [134.17055261, 35.49085686], [134.17046967, 35.49062159], [134.17043487, 35.4904363], [134.17039164, 35.49034334], [134.17034128, 35.49028471], [134.17021895, 35.49018012], [134.16966388, 35.48980092], [134.16934903, 35.48954777], [134.16923383, 35.48943864], [134.16911719, 35.48926118], [134.16897307, 35.48892006], [134.16875182, 35.48849548], [134.16868608, 35.48841123], [134.1685417, 35.48828385], [134.16848103, 35.48819784], [134.16844959, 35.48808566], [134.1684576, 35.48798632], [134.16849502, 35.48790658], [134.16862632, 35.48773477], [134.16867602, 35.48764298], [134.16870709, 35.48750172], [134.16871026, 35.48725012], [134.16873055, 35.48720514], [134.16876332, 35.48718791], [134.16879025, 35.48718818], [134.1688147, 35.48719793], [134.16885569, 35.48723752], [134.16888516, 35.48728999], [134.16894342, 35.48744586], [134.16898393, 35.48776152], [134.16898075, 35.48800685], [134.16899406, 35.48817949], [134.16915459, 35.48861968], [134.16927338, 35.48885352], [134.16938329, 35.48897692], [134.16950666, 35.48913684], [134.16971506, 35.48933611], [134.16989717, 35.48953315], [134.17008266, 35.48966882], [134.17030589, 35.48985677], [134.17050121, 35.48995732], [134.17073659, 35.48972269], [134.17083108, 35.48956813], [134.17086363, 35.48944212], [134.17088093, 35.48918375], [134.17087888, 35.48909407], [134.17134527, 35.48911784], [134.17135024, 35.48920082], [134.17137571, 35.48926976], [134.17141195, 35.48933792], [134.17143991, 35.48940639], [134.17149825, 35.48947017], [134.17173837, 35.48955499], [134.1718653, 35.48968187], [134.17195321, 35.48971971], [134.17202002, 35.48972253], [134.17208427, 35.48970602], [134.17226115, 35.48963289], [134.17226125, 35.48647595], [134.17224633, 35.48645613]]]}}, {"type": "Feature", "properties": {"MESH2_C": "533411", "grid_code": "53341173", "grid_area": 1048391.9708495848, "grid_perimeter": 4117.0729132334545, "area": 259031.75845978537, "perimeter": 3328.963784512613, "connect": 0.06274992718344329, "connect_rev": 0.015503956948829811}, "geometry": {"type": "Polygon", "coordinates": [[[134.17214367, 35.4863198], [134.17188826, 35.48602405], [134.17171434, 35.48583586], [134.17154657, 35.48572614], [134.17135387, 35.48582919], [134.17089335, 35.48594485], [134.17062114, 35.48588569], [134.1699459, 35.48567458], [134.16955218, 35.48559983], [134.16902806, 35.48535754], [134.1689475, 35.48533131], [134.16885599, 35.48534], [134.16873113, 35.48541771], [134.16867248, 35.48542966], [134.16859532, 35.4854117], [134.16843893, 35.48534175], [134.16835494, 35.48532369], [134.16780942, 35.48531648], [134.16738914, 35.48526313], [134.16730142, 35.48522595], [134.16725562, 35.48515704], [134.16725481, 35.48504347], [134.16729123, 35.48492814], [134.16771267, 35.48497676], [134.1677774, 35.48495825], [134.16779826, 35.4849098], [134.1677446, 35.48479207], [134.16764028, 35.48465319], [134.16729411, 35.4843345], [134.16724956, 35.4842755], [134.16722468, 35.48422202], [134.16682678, 35.48415542], [134.16655474, 35.48408807], [134.16593977, 35.48391378], [134.16569132, 35.48383485], [134.16562354, 35.48382615], [134.16555895, 35.48383434], [134.16547714, 35.48388177], [134.16540445, 35.48398205], [134.165306, 35.48418333], [134.16522629, 35.48439896], [134.16519858, 35.48450797], [134.16516534, 35.48455198], [134.16513142, 35.48456337], [134.16508034, 35.48455048], [134.1650279, 35.48451688], [134.16492545, 35.48442846], [134.16479996, 35.48429019], [134.16473774, 35.48415541], [134.16459336, 35.48370863], [134.16456561, 35.48366194], [134.16453263, 35.48363557], [134.16353168, 35.48342036], [134.1629128, 35.48331234], [134.16258521, 35.48324755], [134.16193817, 35.48314644], [134.16171739, 35.48309134], [134.16164465, 35.48320866], [134.16158574, 35.48334352], [134.16158079, 35.48341394], [134.16162053, 35.4835865], [134.16158428, 35.48365162], [134.16152691, 35.48367504], [134.1614561, 35.48368455], [134.16107953, 35.48368405], [134.16097808, 35.48369784], [134.16084146, 35.48377883], [134.16071962, 35.48386194], [134.16062458, 35.48390007], [134.16052782, 35.48390343], [134.16044297, 35.48386205], [134.16039439, 35.4837972], [134.16029139, 35.48356252], [134.16028265, 35.48349197], [134.16029933, 35.48343881], [134.16038801, 35.48335241], [134.16058529, 35.48322635], [134.16090294, 35.48289331], [134.1605122, 35.48273114], [134.16024951, 35.48264965], [134.15982331, 35.48247576], [134.15976251, 35.48245574], [134.15976237, 35.48645584], [134.17224633, 35.48645613], [134.17214367, 35.4863198]]]}}, {"type": "Feature", "properties": {"MESH2_C": "533411", "grid_code": "53341172", "grid_area": 1048392.8792264424, "grid_perimeter": 4117.074696853402, "area": 127652.57400441798, "perimeter": 1784.5010093012447, "connect": 0.1250538634302291, "connect_rev": 0.015226589070162649}, "geometry": {"type": "Polygon", "coordinates": [[[134.15905528, 35.4822229], [134.15880141, 35.4821621], [134.15859443, 35.48212605], [134.15845437, 35.4821194], [134.15829023, 35.48211465], [134.15797138, 35.48209484], [134.15778276, 35.48217184], [134.15742524, 35.48238288], [134.15715541, 35.48251931], [134.15691191, 35.48268539], [134.15678934, 35.48277155], [134.15675299, 35.4828162], [134.15673015, 35.48295885], [134.15657078, 35.48323926], [134.15650536, 35.48331934], [134.15642159, 35.4833861], [134.15627165, 35.48347227], [134.15607693, 35.48354656], [134.156095, 35.48370757], [134.15608771, 35.48389566], [134.15609921, 35.48398179], [134.15619772, 35.48418234], [134.15633046, 35.48452612], [134.15631998, 35.48468355], [134.15626902, 35.48483833], [134.1562289, 35.48515502], [134.15625084, 35.48528135], [134.15631117, 35.48536789], [134.15649966, 35.48555948], [134.15666095, 35.48578536], [134.1567068, 35.4858281], [134.15676369, 35.48585639], [134.15682961, 35.48586565], [134.156899, 35.48585887], [134.15731517, 35.48573555], [134.15779754, 35.48564851], [134.15792301, 35.48559686], [134.15834171, 35.48538082], [134.15867347, 35.48528209], [134.15892053, 35.48522854], [134.15898743, 35.48531028], [134.15902041, 35.48538829], [134.15902642, 35.48547993], [134.15900556, 35.48556797], [134.15880769, 35.48562193], [134.15867163, 35.48564237], [134.15847037, 35.48565616], [134.15825766, 35.48572425], [134.15806575, 35.48582649], [134.1579943, 35.48588905], [134.15781904, 35.48608826], [134.15755667, 35.4863016], [134.15744376, 35.48638033], [134.15739486, 35.48645589], [134.15976237, 35.48645584], [134.15976251, 35.48245574], [134.15905528, 35.4822229]]]}}, {"type": "Feature", "properties": {"MESH2_C": "533411", "grid_code": "53341172", "grid_area": 1048392.8792264424, "grid_perimeter": 4117.074696853402, "area": 9236.627063349122, "perimeter": 478.3182607911408, "connect": 0.1250538634302291, "connect_rev": 0.0011017586271553968}, "geometry": {"type": "Polygon", "coordinates": [[[134.15474065, 35.4863596], [134.15427388, 35.4860952], [134.15393862, 35.48593099], [134.15368889, 35.48579202], [134.15361599, 35.48574027], [134.15355459, 35.48571026], [134.15348727, 35.48568095], [134.15341434, 35.48571337], [134.15334168, 35.48575591], [134.15317682, 35.48589345], [134.15299546, 35.48610644], [134.15261879, 35.48645584], [134.15489586, 35.48645588], [134.15474065, 35.4863596]]]}}, {"type": "Feature", "properties": {"MESH2_C": "533411", "grid_code": "53341172", "grid_area": 1048392.8792264424, "grid_perimeter": 4117.074696853402, "area": 30567.902063878428, "perimeter": 675.6953737768355, "connect": 0.1250538634302291, "connect_rev": 0.0036461848661786074}, "geometry": {"type": "Polygon", "coordinates": [[[134.15464401, 35.48312208], [134.15440713, 35.48306546], [134.15404901, 35.48303296], [134.15384067, 35.48303988], [134.15349823, 35.48309848], [134.15342632, 35.48313332], [134.15339717, 35.48317532], [134.15340599, 35.48324575], [134.15368714, 35.48387452], [134.15376587, 35.48407871], [134.15390916, 35.4843191], [134.15411386, 35.48450236], [134.15439807, 35.48467167], [134.1545823, 35.48476054], [134.15492972, 35.48484217], [134.1552296, 35.48487709], [134.15552705, 35.48487968], [134.15563646, 35.48486468], [134.15570792, 35.48480996], [134.1556964, 35.48467984], [134.15573433, 35.48453444], [134.15582582, 35.48428479], [134.1558021, 35.48402746], [134.1557299, 35.48390758], [134.15562048, 35.48378567], [134.15546092, 35.48366691], [134.15536128, 35.483563], [134.15529411, 35.48350909], [134.15510286, 35.48336457], [134.15485048, 35.48320214], [134.15464401, 35.48312208]]]}}, {"type": "Feature", "properties": {"MESH2_C": "533411", "grid_code": "53341172", "grid_area": 1048392.8792264424, "grid_perimeter": 4117.074696853402, "area": 12163.4613803057, "perimeter": 465.73371108861056, "connect": 0.1250538634302291, "connect_rev": 0.0014508757818099173}, "geometry": {"type": "Polygon", "coordinates": [[[134.15556305, 35.48299095], [134.15582224, 35.48303236], [134.15594004, 35.4830242], [134.15603768, 35.48299185], [134.15630551, 35.48285276], [134.15639573, 35.48278478], [134.15649682, 35.48268416], [134.15657314, 35.48255629], [134.15663912, 35.48230226], [134.15645926, 35.48230702], [134.15628854, 35.48228495], [134.15576826, 35.48203982], [134.15551085, 35.48194299], [134.15530915, 35.48188936], [134.15534435, 35.48217465], [134.15499854, 35.48240542], [134.15473843, 35.482606], [134.15497585, 35.48270113], [134.1553584, 35.48290753], [134.15556305, 35.48299095]]]}}, {"type": "Feature", "properties": {"MESH2_C": "533411", "grid_code": "53341172", "grid_area": 1048392.8792264424, "grid_perimeter": 4117.074696853402, "area": 90294.69735052658, "perimeter": 2108.7915934585294, "connect": 0.1250538634302291, "connect_rev": 0.01077048592630485}, "geometry": {"type": "Polygon", "coordinates": [[[134.15186138, 35.48638696], [134.15190208, 35.48608075], [134.15195418, 35.48597872], [134.15202046, 35.4859066], [134.15217548, 35.48580564], [134.15246744, 35.48559391], [134.15252204, 35.48554314], [134.15254523, 35.48546288], [134.15252482, 35.48536701], [134.15250482, 35.48527271], [134.1524769, 35.4852057], [134.15243645, 35.48516542], [134.1524126, 35.48515277], [134.15235371, 35.48515057], [134.15231, 35.48515917], [134.15216538, 35.48521883], [134.15203403, 35.4852625], [134.1519089, 35.48528685], [134.15182193, 35.4852819], [134.15161665, 35.48523715], [134.15144068, 35.4852307], [134.15118831, 35.48524073], [134.15104192, 35.48524745], [134.15057633, 35.48549208], [134.15049899, 35.48556266], [134.15033603, 35.48555949], [134.15024743, 35.48554457], [134.14985506, 35.48546066], [134.14967523, 35.48540299], [134.14939809, 35.48527286], [134.14935566, 35.48522944], [134.14934245, 35.48517963], [134.14937556, 35.48512359], [134.14944773, 35.48508614], [134.14965761, 35.48505152], [134.14986821, 35.48506109], [134.1502663, 35.48511983], [134.15033251, 35.48511471], [134.15039551, 35.48508975], [134.15043551, 35.48506278], [134.15046738, 35.48501808], [134.15047406, 35.48496667], [134.15045763, 35.48489913], [134.15033904, 35.48473718], [134.15034922, 35.48467685], [134.15039611, 35.48462043], [134.15049147, 35.48456079], [134.15058802, 35.48453876], [134.1506536, 35.48454388], [134.15081827, 35.48460846], [134.15091282, 35.48459947], [134.15096824, 35.48456697], [134.15103258, 35.4845017], [134.15112678, 35.48435775], [134.15120353, 35.48431872], [134.15126815, 35.48432065], [134.15134261, 35.48434832], [134.15176904, 35.48458802], [134.15196667, 35.4847756], [134.15205655, 35.48476307], [134.1521373, 35.4847357], [134.1522042, 35.48469331], [134.15224672, 35.48464831], [134.15230583, 35.48452877], [134.15236856, 35.48422978], [134.15235051, 35.48414669], [134.15230044, 35.4840709], [134.15214098, 35.48391606], [134.1520068, 35.48374623], [134.15189996, 35.48367492], [134.15178408, 35.48363901], [134.15164521, 35.48361709], [134.15109865, 35.48357573], [134.15097595, 35.48357571], [134.15084601, 35.4836126], [134.15059692, 35.48375006], [134.15035062, 35.48383074], [134.15016802, 35.48386427], [134.14998488, 35.48385653], [134.14994382, 35.48407758], [134.14987804, 35.48426367], [134.1498362, 35.48436254], [134.14981474, 35.48452571], [134.14981482, 35.48471641], [134.14984621, 35.48482762], [134.14962475, 35.48487053], [134.14905557, 35.48485813], [134.14882559, 35.48486992], [134.14824729, 35.48479275], [134.14803481, 35.48478067], [134.14773376, 35.48478303], [134.14726355, 35.48473381], [134.14726349, 35.48645556], [134.15181577, 35.48645581], [134.15186138, 35.48638696]]]}}, {"type": "Feature", "properties": {"MESH2_C": "533411", "grid_code": "53341172", "grid_area": 1048392.8792264424, "grid_perimeter": 4117.074696853402, "area": 11673.101363722526, "perimeter": 602.9690363420577, "connect": 0.1250538634302291, "connect_rev": 0.0013923849090078403}, "geometry": {"type": "Polygon", "coordinates": [[[134.14740224, 35.48425014], [134.1476468, 35.48426061], [134.14809363, 35.48433115], [134.14815535, 35.48431667], [134.14820724, 35.48428559], [134.14832411, 35.48412135], [134.14836887, 35.48407638], [134.14845889, 35.48394742], [134.14849692, 35.48392746], [134.14854066, 35.48392389], [134.14858426, 35.48393705], [134.14863412, 35.48397292], [134.14890898, 35.48424132], [134.14896997, 35.48425758], [134.14902937, 35.48424283], [134.14911654, 35.4841956], [134.14918366, 35.48411779], [134.1493403, 35.48385331], [134.14937597, 35.48370329], [134.14919712, 35.48365715], [134.14892558, 35.4836313], [134.148479, 35.48356237], [134.14838115, 35.48351228], [134.14831519, 35.48339776], [134.1482738, 35.48336721], [134.14822892, 35.48335502], [134.14789707, 35.48333025], [134.14785564, 35.48348862], [134.14781234, 35.48370326], [134.14776071, 35.48381546], [134.14768581, 35.48390849], [134.14760156, 35.48395302], [134.14749469, 35.48396138], [134.14743351, 35.48394309], [134.14739999, 35.48391551], [134.14732739, 35.48374159], [134.14726359, 35.48368971], [134.14726357, 35.48423328], [134.14740224, 35.48425014]]]}}, {"type": "Feature", "properties": {"MESH2_C": "533411", "grid_code": "53341171", "grid_area": 1048393.8540744595, "grid_perimeter": 4117.076610990673, "area": 586718.8994384443, "perimeter": 5818.616590201652, "connect": 0.37487343662200273, "connect_rev": 0.20979265503014652}, "geometry": {"type": "Polygon", "coordinates": [[[134.13478896, 35.48389377], [134.13490177, 35.48385923], [134.13514903, 35.48386102], [134.13523122, 35.4838401], [134.13532097, 35.48379253], [134.13517863, 35.48346985], [134.1353074, 35.48342889], [134.13562642, 35.48330281], [134.13610257, 35.48314856], [134.13622611, 35.48314106], [134.13634674, 35.48316048], [134.13646991, 35.48321446], [134.13656702, 35.4832803], [134.13665758, 35.48321707], [134.13672975, 35.48311272], [134.13676239, 35.48297476], [134.13678374, 35.48289111], [134.13676725, 35.48260241], [134.13674371, 35.48251827], [134.13668859, 35.48240723], [134.13668329, 35.4823453], [134.13672606, 35.48230162], [134.13682936, 35.48227823], [134.13693446, 35.48229158], [134.13699913, 35.48234457], [134.13702268, 35.48241334], [134.13707191, 35.48273154], [134.13719705, 35.48304828], [134.13728854, 35.48316907], [134.13735309, 35.48321718], [134.13744196, 35.48326662], [134.13756486, 35.48332591], [134.13767976, 35.48336339], [134.13800972, 35.48342759], [134.13813025, 35.48343306], [134.13823212, 35.48341371], [134.13838201, 35.48336546], [134.13876188, 35.48320649], [134.1389653, 35.48315382], [134.13894041, 35.48308263], [134.13892441, 35.4829968], [134.13893087, 35.48291159], [134.138963, 35.4828478], [134.13907826, 35.48276203], [134.13940395, 35.4826162], [134.1397373, 35.48252678], [134.13994002, 35.48244069], [134.14005809, 35.48242142], [134.14016298, 35.4824316], [134.14027952, 35.48246508], [134.14038431, 35.4825161], [134.14047735, 35.48258359], [134.14059052, 35.48272852], [134.14067447, 35.48290494], [134.14078359, 35.48321185], [134.14058788, 35.48322255], [134.14017911, 35.48335882], [134.13993569, 35.48341509], [134.13941806, 35.48356005], [134.1390278, 35.48369523], [134.13843442, 35.48384203], [134.13804834, 35.48388264], [134.13753592, 35.48387567], [134.13695535, 35.48382077], [134.13667309, 35.4838152], [134.13657302, 35.48380949], [134.13619782, 35.48380126], [134.13610547, 35.48381217], [134.13586576, 35.48392078], [134.13556893, 35.4841009], [134.13533487, 35.4842583], [134.13495641, 35.48447686], [134.13476468, 35.48463575], [134.13476465, 35.48538683], [134.13478012, 35.48539237], [134.13483717, 35.48544112], [134.13485471, 35.48549302], [134.1348493, 35.485624], [134.13486682, 35.48569091], [134.13490428, 35.4857376], [134.1350614, 35.4858564], [134.13514947, 35.48594651], [134.13523086, 35.48607596], [134.13525448, 35.48617429], [134.13523418, 35.48624129], [134.13517109, 35.48630875], [134.13491647, 35.48645529], [134.13727337, 35.48645544], [134.13742419, 35.4863565], [134.13755874, 35.48622135], [134.13771964, 35.48632021], [134.1377694, 35.48636088], [134.13779916, 35.48641027], [134.13780883, 35.48645546], [134.14726349, 35.48645556], [134.14726355, 35.48473381], [134.14700901, 35.48470717], [134.14690885, 35.48466543], [134.14685721, 35.48458109], [134.14684399, 35.4844975], [134.1468476, 35.48438937], [134.14687571, 35.48429598], [134.14692401, 35.48422156], [134.14700434, 35.48423607], [134.14724996, 35.48423163], [134.14726357, 35.48423328], [134.14726359, 35.48368971], [134.14725643, 35.48368389], [134.14689741, 35.48355926], [134.14660707, 35.48349368], [134.14631172, 35.48346709], [134.1461267, 35.48351587], [134.14589402, 35.48354677], [134.14565598, 35.48363251], [134.14553756, 35.48373586], [134.14537393, 35.48379991], [134.14546324, 35.48420341], [134.14550435, 35.48466421], [134.14545358, 35.48499324], [134.14520685, 35.4849913], [134.14517691, 35.48468755], [134.14518594, 35.48429671], [134.14515312, 35.48420018], [134.14504861, 35.48401587], [134.14501687, 35.48384504], [134.14500813, 35.48375281], [134.14503629, 35.48346383], [134.14501616, 35.48342281], [134.14496826, 35.48340221], [134.14479314, 35.48338849], [134.14470545, 35.48336959], [134.14460589, 35.48334811], [134.14450092, 35.48334675], [134.14435064, 35.4833827], [134.14416481, 35.48349318], [134.14408599, 35.48352249], [134.14395091, 35.4835271], [134.14381259, 35.48349164], [134.14383345, 35.48338873], [134.14378967, 35.48330371], [134.14372262, 35.48326018], [134.14350602, 35.48320143], [134.14347204, 35.48317393], [134.14344545, 35.48312392], [134.14343685, 35.48296324], [134.14348894, 35.4825866], [134.1434816, 35.48251529], [134.1434562, 35.48246417], [134.14335819, 35.48238397], [134.14289773, 35.48213507], [134.14280838, 35.48209], [134.14258143, 35.48192344], [134.14236024, 35.48157677], [134.14221101, 35.48142458], [134.14189456, 35.48129557], [134.14171338, 35.48124793], [134.14156237, 35.48147927], [134.14151885, 35.48152538], [134.14146518, 35.48155849], [134.14135137, 35.4815749], [134.1411591, 35.48153906], [134.14103574, 35.48153436], [134.14095192, 35.48155229], [134.1408642, 35.48159907], [134.1408074, 35.48165467], [134.14076417, 35.48173298], [134.1407335, 35.48188873], [134.14072601, 35.48202752], [134.14054506, 35.48204802], [134.14039146, 35.48202498], [134.14027874, 35.48196172], [134.14024072, 35.48187018], [134.14022959, 35.48175741], [134.14027081, 35.48158849], [134.14041146, 35.48133567], [134.14048597, 35.48110922], [134.14029481, 35.48103213], [134.1401262, 35.48092313], [134.13983275, 35.48071182], [134.13974498, 35.48066903], [134.13966274, 35.48065618], [134.13944947, 35.48066457], [134.13932759, 35.4806488], [134.13919965, 35.48060298], [134.13901744, 35.48048717], [134.13892494, 35.48044753], [134.1388224, 35.48043024], [134.13845087, 35.48041639], [134.13834832, 35.48039476], [134.13823822, 35.48035048], [134.1377735, 35.48006112], [134.13737951, 35.4797919], [134.13731148, 35.47969359], [134.13727315, 35.47950896], [134.13721666, 35.47935677], [134.13715519, 35.47939351], [134.13707219, 35.479417], [134.13701145, 35.47941328], [134.13695377, 35.47938793], [134.13688473, 35.47932334], [134.13672418, 35.47909709], [134.13660217, 35.47895523], [134.1364245, 35.47879357], [134.13632805, 35.47873403], [134.1362129, 35.47871265], [134.13598251, 35.47873116], [134.13584216, 35.47872631], [134.1356891, 35.47869298], [134.13556374, 35.47864016], [134.13547084, 35.47857452], [134.1352879, 35.47839873], [134.13496456, 35.47815225], [134.13492788, 35.47812292], [134.1347649, 35.4781229], [134.1347647, 35.48391015], [134.13478896, 35.48389377]]]}}, {"type": "Feature", "properties": {"MESH2_C": "533411", "grid_code": "53341181", "grid_area": 1048287.0718981288, "grid_perimeter": 4116.845001622945, "area": 875068.41009783, "perimeter": 7321.67481981384, "connect": 0.6970575567786186, "connect_rev": 0.5818759615650588}, "geometry": {"type": "Polygon", "coordinates": [[[134.13781117, 35.48646643], [134.13781425, 35.4865256], [134.1376063, 35.48659299], [134.13737754, 35.48672905], [134.13699064, 35.48704496], [134.13654394, 35.48734914], [134.13640915, 35.48747806], [134.13634849, 35.48754624], [134.13614885, 35.48765394], [134.13634264, 35.48785699], [134.13645411, 35.48793136], [134.13656449, 35.48765464], [134.13663394, 35.48759455], [134.13677775, 35.48752311], [134.13697907, 35.48746044], [134.13709739, 35.48746886], [134.13714743, 35.48750021], [134.13716879, 35.48753466], [134.13716903, 35.48759145], [134.13715614, 35.48763612], [134.13711345, 35.48783597], [134.13711617, 35.48802092], [134.13725656, 35.48803853], [134.13732174, 35.48802623], [134.13738233, 35.4879995], [134.13746507, 35.48792689], [134.13759128, 35.48773017], [134.13764123, 35.48769564], [134.13769355, 35.48769049], [134.13772563, 35.48770854], [134.13774665, 35.48774242], [134.13774731, 35.48792178], [134.13777948, 35.48797977], [134.13786473, 35.48801382], [134.13809967, 35.4880177], [134.13819735, 35.48804566], [134.13824491, 35.48810505], [134.13822808, 35.48820474], [134.13796918, 35.48825942], [134.1374344, 35.48828667], [134.13718832, 35.48832171], [134.13703453, 35.4883632], [134.13687727, 35.48837621], [134.13657638, 35.48834616], [134.13639413, 35.48831747], [134.13613814, 35.48827717], [134.13591165, 35.48827883], [134.13578627, 35.48828374], [134.13567038, 35.48830108], [134.13493392, 35.48854964], [134.13480399, 35.48860616], [134.13476454, 35.48861651], [134.13476445, 35.49134388], [134.13502972, 35.49142609], [134.13543575, 35.49156148], [134.13578046, 35.49158777], [134.13610908, 35.49157623], [134.13621978, 35.4915497], [134.13632371, 35.49149749], [134.13654593, 35.49159285], [134.13673153, 35.49133353], [134.13684843, 35.49136261], [134.13704685, 35.49144089], [134.13714379, 35.49147261], [134.13721476, 35.49151171], [134.13727829, 35.49157441], [134.13730984, 35.49163661], [134.13731652, 35.49173294], [134.13725705, 35.49211996], [134.13727094, 35.49220988], [134.13730927, 35.49230412], [134.13719845, 35.49234955], [134.13711687, 35.49240194], [134.13698026, 35.4925529], [134.13690488, 35.49261157], [134.13682918, 35.4926452], [134.13665974, 35.49268606], [134.13657732, 35.49273284], [134.13640816, 35.4929522], [134.13633295, 35.49312658], [134.13634812, 35.49319275], [134.13639536, 35.49326367], [134.13664445, 35.49348607], [134.13666825, 35.49353379], [134.13666367, 35.49356767], [134.1366059, 35.49362508], [134.13649639, 35.49365323], [134.13644934, 35.49364787], [134.13630529, 35.49357718], [134.13625796, 35.49356898], [134.13619312, 35.49357691], [134.13613277, 35.49360363], [134.1360498, 35.49367429], [134.13602892, 35.49372143], [134.13603607, 35.49376843], [134.13614374, 35.49390593], [134.13640481, 35.49414662], [134.13656803, 35.49424377], [134.13686655, 35.49433305], [134.13698702, 35.49442598], [134.13708317, 35.49459939], [134.13715982, 35.4946733], [134.1373626, 35.4947573], [134.13742056, 35.49478781], [134.13951525, 35.49478791], [134.13954971, 35.49477832], [134.1397296, 35.49465715], [134.1397901, 35.49460458], [134.13983046, 35.49454194], [134.13984, 35.4944578], [134.13981128, 35.49439333], [134.13975497, 35.49434192], [134.13965716, 35.49429904], [134.13967636, 35.49387741], [134.13966903, 35.4937114], [134.13968854, 35.49349979], [134.13971078, 35.4934057], [134.13983288, 35.49314267], [134.14014591, 35.49278494], [134.14021694, 35.49272223], [134.14027464, 35.49270097], [134.1403159, 35.49270535], [134.14034882, 35.49272676], [134.14037705, 35.49279025], [134.14032397, 35.49306753], [134.14013132, 35.49345613], [134.14010938, 35.49354161], [134.1401166, 35.49361261], [134.1401477, 35.49365819], [134.14020036, 35.49368991], [134.14045843, 35.49373951], [134.14053884, 35.49376953], [134.14059382, 35.49380532], [134.14063188, 35.49385035], [134.14064485, 35.49389987], [134.14063721, 35.49395605], [134.14060338, 35.49401035], [134.14020716, 35.49433294], [134.14015312, 35.49440138], [134.14012051, 35.49447727], [134.1400465, 35.49478792], [134.14170484, 35.49478796], [134.14176521, 35.49467081], [134.14193877, 35.49438778], [134.14196835, 35.49424691], [134.14196124, 35.49411656], [134.14211061, 35.49410292], [134.14226945, 35.49411924], [134.14234023, 35.49416941], [134.14237217, 35.49427012], [134.14232582, 35.49450112], [134.14230428, 35.49462443], [134.1423207, 35.49467466], [134.14235851, 35.49471662], [134.14241501, 35.49474049], [134.14246568, 35.49474245], [134.1426395, 35.49469963], [134.14268925, 35.49469807], [134.14277456, 35.49473409], [134.14280059, 35.49478798], [134.14726321, 35.49478793], [134.14726325, 35.49368346], [134.14710774, 35.49390444], [134.14701419, 35.49410636], [134.14689879, 35.49408165], [134.14677742, 35.49409046], [134.14666614, 35.49391012], [134.14655278, 35.49352957], [134.14640411, 35.49318787], [134.14631494, 35.49277476], [134.14620345, 35.49271506], [134.1461537, 35.49267614], [134.14612312, 35.4926316], [134.14612499, 35.49255703], [134.14620909, 35.49241423], [134.14620912, 35.49231736], [134.14602898, 35.49187779], [134.14585259, 35.49161129], [134.14569389, 35.49143768], [134.14552534, 35.49128954], [134.14541631, 35.4912169], [134.14490506, 35.49093196], [134.14480779, 35.49084868], [134.14460625, 35.49064897], [134.14474336, 35.49049681], [134.14533711, 35.49080814], [134.14560554, 35.49105572], [134.1459394, 35.49129133], [134.14608779, 35.49141469], [134.14624762, 35.49158728], [134.14631558, 35.49168691], [134.14636076, 35.49181071], [134.14638456, 35.49203921], [134.14644322, 35.49210186], [134.14653885, 35.49213629], [134.14696907, 35.49222001], [134.1472633, 35.49234562], [134.14726333, 35.49134329], [134.14645759, 35.49088064], [134.14634901, 35.4907687], [134.14616951, 35.49047202], [134.14592735, 35.49024321], [134.14542492, 35.48988028], [134.14498293, 35.48964349], [134.1447665, 35.48945498], [134.14469545, 35.48932467], [134.14455801, 35.48884701], [134.14445648, 35.48864722], [134.14431682, 35.48841403], [134.14419263, 35.48815925], [134.14408739, 35.4878094], [134.1440221, 35.48766078], [134.14392907, 35.48752081], [134.14379699, 35.487383], [134.14378147, 35.4873251], [134.14381173, 35.48728609], [134.14387069, 35.48725796], [134.14400543, 35.48722112], [134.14413052, 35.48719819], [134.14447814, 35.48716447], [134.14462782, 35.48718717], [134.14461188, 35.4872817], [134.14456815, 35.48742052], [134.14451432, 35.48750518], [134.14443875, 35.4875857], [134.14472839, 35.48843381], [134.14475315, 35.48862842], [134.14475232, 35.48873823], [134.14475912, 35.48877976], [134.14479089, 35.4888062], [134.14484075, 35.48880494], [134.14489009, 35.48878288], [134.14495316, 35.48868994], [134.14519782, 35.48847541], [134.14526895, 35.48837924], [134.14534859, 35.48823563], [134.14538775, 35.48818183], [134.14544308, 35.48815586], [134.14550325, 35.4881532], [134.14557564, 35.48817824], [134.1456065, 35.48820764], [134.14561522, 35.48822999], [134.14559219, 35.48832785], [134.14553338, 35.4884535], [134.1452581, 35.48880306], [134.14514872, 35.48891588], [134.14509442, 35.48902211], [134.14509918, 35.48931427], [134.14511692, 35.48936599], [134.14517307, 35.48944895], [134.14527754, 35.48953936], [134.14534448, 35.48957894], [134.14567203, 35.48970069], [134.14594231, 35.48982903], [134.14629351, 35.4900683], [134.14634417, 35.49013333], [134.14639284, 35.49034876], [134.14647572, 35.49053731], [134.14653308, 35.49061966], [134.14659779, 35.49068495], [134.14671649, 35.49075677], [134.14679717, 35.49076988], [134.146863, 35.49076475], [134.14692207, 35.49074208], [134.14696619, 35.49070423], [134.14699094, 35.4906544], [134.14699539, 35.49059539], [134.14726335, 35.49066812], [134.14726349, 35.48645556], [134.13780883, 35.48645546], [134.13781117, 35.48646643]]]}}, {"type": "Feature", "properties": {"MESH2_C": "533411", "grid_code": "53341182", "grid_area": 1048286.0973496065, "grid_perimeter": 4116.843087986172, "area": 6717.6938691005635, "perimeter": 350.0200610278478, "connect": 0.3515250841359303, "connect_rev": 0.0022526654779696583}, "geometry": {"type": "Polygon", "coordinates": [[[134.14731241, 35.49236658], [134.14771824, 35.4925066], [134.1479618, 35.49254561], [134.14802441, 35.49253453], [134.14808857, 35.49249263], [134.14814138, 35.49238548], [134.14813376, 35.49227341], [134.14810216, 35.49220618], [134.14798186, 35.49202991], [134.1478963, 35.49184053], [134.14782846, 35.49175841], [134.14759273, 35.49156436], [134.14726594, 35.49134479], [134.14726333, 35.49134329], [134.1472633, 35.49234562], [134.14731241, 35.49236658]]]}}, {"type": "Feature", "properties": {"MESH2_C": "533411", "grid_code": "53341181", "grid_area": 1048287.0718981288, "grid_perimeter": 4116.845001622945, "area": 170.96131516923197, "perimeter": 78.71677992730636, "connect": 0.6970575567786186, "connect_rev": 0.0001136805745774808}, "geometry": {"type": "Polygon", "coordinates": [[[134.14723671, 35.49076257], [134.14719558, 35.49086584], [134.14719295, 35.49097774], [134.14723277, 35.49105014], [134.14726334, 35.49106941], [134.14726335, 35.49073029], [134.14723671, 35.49076257]]]}}, {"type": "Feature", "properties": {"MESH2_C": "533411", "grid_code": "53341182", "grid_area": 1048286.0973496065, "grid_perimeter": 4116.843087986172, "area": 617792.0247665886, "perimeter": 6755.7753830587, "connect": 0.3515250841359303, "connect_rev": 0.2071661486627111}, "geometry": {"type": "Polygon", "coordinates": [[[134.14730526, 35.4906795], [134.14726335, 35.49073029], [134.14726334, 35.49106941], [134.14769819, 35.49134348], [134.14802507, 35.49156919], [134.14835395, 35.49173004], [134.14841106, 35.49172624], [134.14845464, 35.49169334], [134.14859842, 35.49143534], [134.14881019, 35.49114456], [134.14887812, 35.49108457], [134.14899035, 35.49100439], [134.1493166, 35.49115242], [134.14927465, 35.49123343], [134.14921985, 35.49130635], [134.14895952, 35.49151822], [134.14868635, 35.49183501], [134.1486709, 35.49191334], [134.14869385, 35.49209958], [134.14873403, 35.49220644], [134.14889368, 35.49239785], [134.1489869, 35.49248372], [134.14911184, 35.49256387], [134.14961047, 35.49286531], [134.14980297, 35.49296891], [134.15042094, 35.49322228], [134.15055586, 35.49324125], [134.15077923, 35.49320066], [134.15091995, 35.49320084], [134.15110669, 35.49324258], [134.15128818, 35.49329988], [134.15147332, 35.49335618], [134.15173221, 35.493415], [134.15208402, 35.49352232], [134.15219066, 35.49351956], [134.15230042, 35.49348356], [134.15239217, 35.49341558], [134.15246334, 35.49333263], [134.15251648, 35.49322593], [134.15255392, 35.49309907], [134.15258908, 35.49276768], [134.15253284, 35.49230774], [134.15242525, 35.4920949], [134.15232582, 35.49183296], [134.15223718, 35.4914349], [134.15219122, 35.49134154], [134.15212976, 35.49125301], [134.15204499, 35.49111137], [134.1520006, 35.49098645], [134.15197191, 35.49055954], [134.15193786, 35.49036859], [134.15190458, 35.49027892], [134.15173447, 35.49003267], [134.15149544, 35.48984809], [134.15141701, 35.48975329], [134.15133561, 35.48962877], [134.15126794, 35.48943852], [134.15116624, 35.48927122], [134.15087635, 35.48897947], [134.15070766, 35.48874227], [134.15064311, 35.48856249], [134.15058925, 35.4882033], [134.15067434, 35.48818076], [134.1507553, 35.4881794], [134.15083036, 35.48820402], [134.15092883, 35.48826501], [134.15094428, 35.48846789], [134.15102399, 35.48867558], [134.15112912, 35.48885786], [134.15135213, 35.48913468], [134.15149019, 35.4893998], [134.1516089, 35.48954031], [134.15189185, 35.48984579], [134.15205916, 35.49017914], [134.15229799, 35.49058201], [134.15241816, 35.49083833], [134.15244477, 35.4909061], [134.15248312, 35.49096684], [134.15253025, 35.49099126], [134.15259033, 35.49098863], [134.1527086, 35.4909364], [134.15283933, 35.49082579], [134.15292258, 35.4907779], [134.15304293, 35.49072654], [134.15310306, 35.49071969], [134.15317922, 35.49076042], [134.15325997, 35.49086961], [134.15330235, 35.49091423], [134.15291448, 35.49114173], [134.15271174, 35.49130625], [134.15268065, 35.4913541], [134.15267194, 35.49140516], [134.15269054, 35.49147406], [134.15272207, 35.49152968], [134.15281604, 35.49178018], [134.15296375, 35.49210322], [134.15298484, 35.49220624], [134.15303676, 35.49231076], [134.15312277, 35.49238175], [134.15321965, 35.49241156], [134.15331905, 35.49240315], [134.15363105, 35.49230137], [134.15393413, 35.49215113], [134.15406657, 35.49210704], [134.1541525, 35.49210598], [134.15420887, 35.49212646], [134.1542649, 35.49217684], [134.15429957, 35.49224875], [134.15403946, 35.49234423], [134.15378975, 35.49248311], [134.15318049, 35.49272593], [134.15314063, 35.49281933], [134.15312315, 35.49298476], [134.15310993, 35.49317358], [134.15312048, 35.4932336], [134.1531808, 35.4933572], [134.15326534, 35.49342194], [134.15340869, 35.4934782], [134.15356228, 35.49350781], [134.15389829, 35.49351526], [134.15430304, 35.49347139], [134.15438564, 35.49348738], [134.15444094, 35.49353266], [134.15445402, 35.49358676], [134.15442844, 35.4936543], [134.15438428, 35.49369765], [134.15430994, 35.49373549], [134.15415634, 35.49376865], [134.15382257, 35.49378404], [134.15355289, 35.49385347], [134.15361395, 35.49395238], [134.15368706, 35.49402994], [134.15376965, 35.49408207], [134.15386617, 35.49411297], [134.15374119, 35.49441557], [134.15365454, 35.49457483], [134.15386185, 35.49459374], [134.15407126, 35.49456597], [134.15417115, 35.49453876], [134.15438959, 35.49444471], [134.1544905, 35.49442022], [134.15455964, 35.49441945], [134.15473145, 35.49444554], [134.15477931, 35.49444175], [134.15482322, 35.49442583], [134.15488778, 35.49438694], [134.15498151, 35.49429231], [134.15501295, 35.4942801], [134.15503664, 35.49428169], [134.15507016, 35.4942998], [134.15509477, 35.49434299], [134.1551004, 35.49441189], [134.15508675, 35.49448451], [134.15505888, 35.49456287], [134.15502558, 35.49464656], [134.15502787, 35.49471448], [134.15506697, 35.49478826], [134.15940946, 35.49478822], [134.15935588, 35.49465961], [134.15929813, 35.49455137], [134.15924544, 35.49446704], [134.15915534, 35.49440141], [134.15884749, 35.49425454], [134.15873656, 35.49417949], [134.15869516, 35.4941291], [134.15846787, 35.49378495], [134.15832192, 35.49361397], [134.1580654, 35.49340527], [134.15820905, 35.49329715], [134.15836217, 35.49323212], [134.15856839, 35.49318361], [134.15878031, 35.49314975], [134.1587481, 35.49305035], [134.1586869, 35.49298725], [134.15857797, 35.4929451], [134.15833391, 35.49290937], [134.15826833, 35.49286894], [134.15824127, 35.49281944], [134.15824406, 35.49276467], [134.15828339, 35.49270326], [134.15836073, 35.4926434], [134.15857847, 35.49251847], [134.15862496, 35.49246275], [134.1586434, 35.49241196], [134.15863405, 35.4923086], [134.15859373, 35.49218267], [134.15837945, 35.49178704], [134.15816958, 35.49153826], [134.15796536, 35.49138027], [134.15779048, 35.49121775], [134.15773147, 35.49119147], [134.15766862, 35.49118372], [134.15758292, 35.4911978], [134.15751673, 35.4912258], [134.15722144, 35.49132112], [134.15676738, 35.49154852], [134.15666899, 35.49155348], [134.15662666, 35.4915344], [134.15659848, 35.49150339], [134.1565915, 35.49144332], [134.15664831, 35.49137027], [134.15729646, 35.49098706], [134.15736032, 35.49092146], [134.1573761, 35.49085624], [134.15736134, 35.4907867], [134.15727518, 35.49057978], [134.15722811, 35.49050162], [134.15717295, 35.49044633], [134.15711655, 35.49041607], [134.15703392, 35.49039882], [134.15678424, 35.49040717], [134.15669908, 35.49039564], [134.15662773, 35.49036132], [134.15656711, 35.49029012], [134.15654481, 35.49020603], [134.15656493, 35.49014128], [134.15660581, 35.49009733], [134.15674087, 35.49000188], [134.15678897, 35.48993059], [134.15683256, 35.48957607], [134.15678447, 35.48945425], [134.15645083, 35.4890242], [134.15616036, 35.48907282], [134.15606312, 35.48899692], [134.15597225, 35.48895941], [134.15588782, 35.48895014], [134.15574993, 35.48897621], [134.15561916, 35.48904901], [134.155414, 35.4890929], [134.15527201, 35.48908645], [134.15517084, 35.48903794], [134.15500377, 35.48884786], [134.15489531, 35.48868048], [134.15479396, 35.48870738], [134.15468752, 35.48869685], [134.15439884, 35.48862793], [134.15409774, 35.48850633], [134.15377697, 35.48832569], [134.15328138, 35.48802283], [134.15309563, 35.48794057], [134.15303798, 35.48787714], [134.1530332, 35.48780861], [134.15306981, 35.48772476], [134.15312537, 35.48767111], [134.1532166, 35.48763561], [134.15348184, 35.4876196], [134.15415401, 35.48763915], [134.15417476, 35.48752544], [134.15422401, 35.48743418], [134.15451213, 35.48712096], [134.15468411, 35.48690128], [134.15481897, 35.48678699], [134.15513443, 35.48662162], [134.15495294, 35.4864913], [134.15489586, 35.48645588], [134.15261879, 35.48645584], [134.15233413, 35.48671988], [134.15244403, 35.48687882], [134.15247744, 35.48695376], [134.15251398, 35.48738652], [134.1524955, 35.48747827], [134.15243452, 35.48757425], [134.15235612, 35.48762311], [134.1522762, 35.48763443], [134.15222842, 35.48762634], [134.15217069, 35.48759906], [134.15209568, 35.48752485], [134.15204825, 35.48742427], [134.15195564, 35.48712418], [134.15189463, 35.48701494], [134.15174457, 35.48683448], [134.1516989, 35.48671906], [134.15171279, 35.48661127], [134.15181577, 35.48645581], [134.14726349, 35.48645556], [134.14726335, 35.49066812], [134.14730526, 35.4906795]], [[134.15300189, 35.48963142], [134.152844, 35.48963445], [134.15254542, 35.48960689], [134.15231418, 35.48954107], [134.15233748, 35.48945335], [134.15237342, 35.48937051], [134.15242664, 35.48929437], [134.15249408, 35.48922372], [134.15267711, 35.48902941], [134.15298385, 35.48878844], [134.1530566, 35.4887507], [134.15313593, 35.48874294], [134.15321658, 35.48878619], [134.15326882, 35.48887741], [134.15338395, 35.48933264], [134.1533803, 35.48942993], [134.15332974, 35.4894998], [134.15324669, 35.48955476], [134.15312128, 35.48960682], [134.15300189, 35.48963142]]]}}, {"type": "Feature", "properties": {"MESH2_C": "533411", "grid_code": "53341182", "grid_area": 1048286.0973496065, "grid_perimeter": 4116.843087986172, "area": 3997.845581637288, "perimeter": 287.9066413499207, "connect": 0.3515250841359303, "connect_rev": 0.001340610171212467}, "geometry": {"type": "Polygon", "coordinates": [[[134.15081674, 35.49438892], [134.15082928, 35.49469187], [134.15084844, 35.49478814], [134.15189921, 35.49478819], [134.15189196, 35.49476283], [134.15183341, 35.49469212], [134.15175683, 35.49463265], [134.15157201, 35.49452121], [134.15122384, 35.49435136], [134.15093048, 35.49412227], [134.1508459, 35.49424881], [134.15081674, 35.49438892]]]}}, {"type": "Feature", "properties": {"MESH2_C": "533411", "grid_code": "53341192", "grid_area": 1048179.2931060009, "grid_perimeter": 4116.61143130817, "area": 5849.118264964753, "perimeter": 297.75697259943735, "connect": 0.017389372843363244, "connect_rev": 9.70373093452362e-05}, "geometry": {"type": "Polygon", "coordinates": [[[134.15091999, 35.49514774], [134.15093939, 35.49520716], [134.15097671, 35.49527453], [134.15102081, 35.4953146], [134.1510785, 35.49534237], [134.15152739, 35.4954282], [134.15163361, 35.49542726], [134.15174148, 35.49541687], [134.15187266, 35.49521175], [134.1519158, 35.49510312], [134.15192745, 35.49488691], [134.15189921, 35.49478819], [134.15084844, 35.49478814], [134.15091999, 35.49514774]]]}}, {"type": "Feature", "properties": {"MESH2_C": "533411", "grid_code": "53341182", "grid_area": 1048286.0973496065, "grid_perimeter": 4116.843087986172, "area": 36204.426500020694, "perimeter": 1006.8621653442948, "connect": 0.3515250841359303, "connect_rev": 0.012140544555241266}, "geometry": {"type": "Polygon", "coordinates": [[[134.15051954, 35.49469372], [134.1505145, 35.49462635], [134.15041127, 35.49447436], [134.15027205, 35.49434045], [134.15019729, 35.49431051], [134.15013319, 35.49430909], [134.14988995, 35.49439585], [134.14969929, 35.49441437], [134.14971779, 35.49424165], [134.14975197, 35.49412195], [134.14981475, 35.49402663], [134.1500006, 35.49383924], [134.14980409, 35.49377544], [134.14951524, 35.49360811], [134.14916741, 35.49346315], [134.14878091, 35.4932846], [134.1486509, 35.49323782], [134.14851223, 35.49321533], [134.14835647, 35.49323428], [134.14829652, 35.49326154], [134.14823214, 35.49330975], [134.14804317, 35.49352009], [134.14798728, 35.49362607], [134.14795389, 35.49372442], [134.14791883, 35.4938426], [134.14786701, 35.49395221], [134.14781331, 35.49399611], [134.14776155, 35.49399525], [134.14772819, 35.49397352], [134.14770454, 35.49393641], [134.14769611, 35.49384897], [134.1477273, 35.49367497], [134.1478069, 35.49338149], [134.1476832, 35.4933967], [134.14756696, 35.49342571], [134.1474757, 35.49346694], [134.14738445, 35.49353533], [134.14731094, 35.49361569], [134.14726325, 35.49368346], [134.14726321, 35.49478793], [134.15051184, 35.49478813], [134.15051954, 35.49469372]]]}}, {"type": "Feature", "properties": {"MESH2_C": "533411", "grid_code": "53341192", "grid_area": 1048179.2931060009, "grid_perimeter": 4116.61143130817, "area": 74799.12627289307, "perimeter": 1871.4704696554952, "connect": 0.017389372843363244, "connect_rev": 0.001240923097481574}, "geometry": {"type": "Polygon", "coordinates": [[[134.14732557, 35.49831491], [134.14748352, 35.49832246], [134.14762155, 35.49830439], [134.14785472, 35.49823702], [134.14811988, 35.49812401], [134.14827942, 35.49801084], [134.14845034, 35.49784214], [134.14866496, 35.49755517], [134.14880212, 35.4973712], [134.14867118, 35.49727481], [134.14850482, 35.49708845], [134.14835363, 35.49696604], [134.14825088, 35.49691209], [134.1480341, 35.49684976], [134.14795719, 35.49679629], [134.14791702, 35.49673356], [134.14783387, 35.49651181], [134.14764163, 35.49624878], [134.14763076, 35.49619476], [134.14765171, 35.49614821], [134.14768836, 35.49612536], [134.14773527, 35.49611806], [134.14782738, 35.49615057], [134.14797754, 35.49629716], [134.14812802, 35.49641862], [134.14825539, 35.49660815], [134.14831759, 35.49667744], [134.14844796, 35.49677469], [134.14859456, 35.49685648], [134.14876905, 35.4969759], [134.14900507, 35.49723025], [134.14930266, 35.49714034], [134.14961209, 35.49703669], [134.15020406, 35.49695744], [134.15029948, 35.49692338], [134.15040071, 35.49686514], [134.15051713, 35.4967995], [134.15059103, 35.49671852], [134.15038166, 35.49660176], [134.15019399, 35.49656002], [134.14975329, 35.49657742], [134.14963098, 35.49656992], [134.14953034, 35.49654385], [134.14943511, 35.49650218], [134.14937832, 35.49646459], [134.14934249, 35.49641927], [134.149341, 35.49635966], [134.14939092, 35.49630856], [134.14981245, 35.49615277], [134.15022492, 35.49595748], [134.15033468, 35.49588344], [134.15039036, 35.49579696], [134.15038047, 35.49573306], [134.15031464, 35.49567068], [134.14994813, 35.49544164], [134.14974487, 35.49535193], [134.14966174, 35.49530269], [134.14961812, 35.49523348], [134.14961471, 35.49514684], [134.14961999, 35.4950595], [134.14965219, 35.49499354], [134.14969988, 35.49495577], [134.14976836, 35.4949441], [134.1500689, 35.49497357], [134.15033955, 35.49505736], [134.15042517, 35.49506784], [134.15046765, 35.49505881], [134.15050151, 35.49502604], [134.15051764, 35.49497204], [134.15050195, 35.49490928], [134.15051184, 35.49478813], [134.14726321, 35.49478793], [134.14726309, 35.49830636], [134.14732557, 35.49831491]]]}}, {"type": "Feature", "properties": {"MESH2_C": "533411", "grid_code": "53341191", "grid_area": 1048180.2673495859, "grid_perimeter": 4116.61334443313, "area": 130860.93859847709, "perimeter": 2328.953569725602, "connect": 0.015693577910412943, "connect_rev": 0.001959277806782093}, "geometry": {"type": "Polygon", "coordinates": [[[134.14280368, 35.49479438], [134.14277073, 35.4948701], [134.14252009, 35.4950562], [134.14245763, 35.49512509], [134.14239903, 35.49521482], [134.14237088, 35.49526937], [134.14231672, 35.49532275], [134.14214851, 35.49537732], [134.1420949, 35.49542094], [134.14207363, 35.49572264], [134.14207104, 35.49588491], [134.14186978, 35.49597653], [134.14170496, 35.49603586], [134.14152065, 35.49614903], [134.14190761, 35.4965981], [134.1419441, 35.49667201], [134.14194273, 35.49685548], [134.14220945, 35.49684634], [134.14250472, 35.49689893], [134.14318407, 35.49706995], [134.14342402, 35.4971639], [134.14350265, 35.49705399], [134.14361956, 35.49696978], [134.143925, 35.49686051], [134.14410306, 35.49682591], [134.14414852, 35.49662785], [134.14414698, 35.4964833], [134.14412098, 35.49629288], [134.14414795, 35.49621525], [134.14419167, 35.49619644], [134.14426148, 35.4962152], [134.14443133, 35.49634964], [134.14447209, 35.49636498], [134.14452012, 35.49635894], [134.14455148, 35.49634549], [134.14458905, 35.49631596], [134.14481519, 35.49605858], [134.14509176, 35.49555821], [134.14513157, 35.49543278], [134.14517987, 35.49516045], [134.14517916, 35.49508889], [134.14515923, 35.49501897], [134.14511249, 35.49490693], [134.14512037, 35.49487392], [134.14514471, 35.49485782], [134.14520337, 35.49483903], [134.1452382, 35.49484642], [134.14527062, 35.4948752], [134.14534786, 35.49499886], [134.14538215, 35.49513068], [134.14540458, 35.49531797], [134.14537419, 35.49544382], [134.14521521, 35.49574964], [134.14516968, 35.4959052], [134.14516357, 35.49600568], [134.14519942, 35.49608327], [134.14527125, 35.49614512], [134.1453625, 35.49618201], [134.14547036, 35.49619295], [134.14550363, 35.49624585], [134.14552152, 35.49629706], [134.14551751, 35.49634934], [134.14549056, 35.49641903], [134.1450609, 35.49640759], [134.14497394, 35.49641834], [134.1449141, 35.49644531], [134.14484332, 35.49650628], [134.14477054, 35.49662844], [134.14465431, 35.49685114], [134.14462922, 35.49695022], [134.14460107, 35.49712295], [134.14446662, 35.4974989], [134.14489371, 35.49774451], [134.14548539, 35.49795238], [134.14561747, 35.4978609], [134.14566475, 35.49784488], [134.14590869, 35.49780978], [134.14598406, 35.49777518], [134.1461495, 35.49766262], [134.14624811, 35.49765195], [134.14631206, 35.49768581], [134.14633214, 35.49774721], [134.14622169, 35.49799666], [134.14621512, 35.49805336], [134.14623126, 35.49810499], [134.14627295, 35.49814308], [134.14636306, 35.49817693], [134.14643671, 35.49818458], [134.14653115, 35.49818601], [134.14675167, 35.4982364], [134.14726309, 35.49830636], [134.14726321, 35.49478793], [134.14280059, 35.49478798], [134.14280368, 35.49479438]]]}}, {"type": "Feature", "properties": {"MESH2_C": "533411", "grid_code": "53341191", "grid_area": 1048180.2673495859, "grid_perimeter": 4116.61334443313, "area": 8384.392537105578, "perimeter": 391.5343174924368, "connect": 0.015693577910412943, "connect_rev": 0.00012553290842353426}, "geometry": {"type": "Polygon", "coordinates": [[[134.14004355, 35.49480033], [134.14003936, 35.49488416], [134.14006815, 35.49497656], [134.1401856, 35.49518296], [134.14019839, 35.49528116], [134.14071815, 35.49534713], [134.14100524, 35.49541574], [134.14107528, 35.49542936], [134.14116075, 35.49543106], [134.14137703, 35.49539472], [134.14144736, 35.49534053], [134.14153049, 35.49516844], [134.14161459, 35.49496308], [134.14170484, 35.49478796], [134.1400465, 35.49478792], [134.14004355, 35.49480033]]]}}, {"type": "Feature", "properties": {"MESH2_C": "533411", "grid_code": "53341191", "grid_area": 1048180.2673495859, "grid_perimeter": 4116.61334443313, "area": 6882.316573118325, "perimeter": 436.8871757022621, "connect": 0.015693577910412943, "connect_rev": 0.00010304350759957218}, "geometry": {"type": "Polygon", "coordinates": [[[134.13764615, 35.49490658], [134.13789321, 35.49498638], [134.1379796, 35.49503346], [134.13810826, 35.49517124], [134.13818874, 35.49533155], [134.13838217, 35.4953121], [134.13865873, 35.49526735], [134.13895898, 35.49526746], [134.13907453, 35.49526252], [134.13925338, 35.4950873], [134.13937952, 35.49482569], [134.13951525, 35.49478791], [134.13742056, 35.49478781], [134.13764615, 35.49490658]]]}}, {"type": "Feature", "properties": {"MESH2_C": "533411", "grid_code": "53341190", "grid_area": 1048181.3080160879, "grid_perimeter": 4116.615387990838, "area": 319554.964677669, "perimeter": 3180.5099536459675, "connect": 0.09367244091695673, "connect_rev": 0.028557553277824447}, "geometry": {"type": "Polygon", "coordinates": [[[134.12644775, 35.49656288], [134.12631423, 35.49645174], [134.12615713, 35.4963548], [134.12601723, 35.49629152], [134.12587734, 35.49622823], [134.12574325, 35.49616978], [134.12572646, 35.49609781], [134.12572153, 35.49601155], [134.12570771, 35.49590708], [134.12559411, 35.4958695], [134.12515862, 35.49582589], [134.12484876, 35.49592976], [134.12449599, 35.49610058], [134.12432935, 35.49618127], [134.12418352, 35.4962354], [134.12417585, 35.49648894], [134.12414941, 35.49676658], [134.12414707, 35.49698212], [134.12418568, 35.49720274], [134.12420708, 35.49738972], [134.12421045, 35.49760369], [134.12400074, 35.49751275], [134.12378891, 35.49742564], [134.1234617, 35.49720219], [134.12331385, 35.49716545], [134.12298793, 35.49714455], [134.12282401, 35.49714336], [134.12270924, 35.49711115], [134.12250096, 35.49701835], [134.12242116, 35.49697926], [134.12229629, 35.49695194], [134.12229628, 35.49705185], [134.12229628, 35.49715175], [134.12229628, 35.49725166], [134.12229628, 35.49731675], [134.12229628, 35.49735157], [134.12229627, 35.49745148], [134.12229627, 35.49755138], [134.12229627, 35.49765129], [134.12229627, 35.4977512], [134.12229626, 35.49785111], [134.12229626, 35.49795101], [134.12229626, 35.49802016], [134.12229626, 35.49805092], [134.12229625, 35.49815083], [134.12229625, 35.49825074], [134.12229625, 35.49827806], [134.12238171, 35.49826743], [134.1225159, 35.4983163], [134.12259173, 35.4983456], [134.12259665, 35.49843186], [134.12271903, 35.49849023], [134.12291148, 35.49856827], [134.12311565, 35.49864639], [134.12324388, 35.4987048], [134.12334869, 35.49876305], [134.12346593, 35.49891927], [134.12353418, 35.49913799], [134.12369729, 35.49929535], [134.12382633, 35.49933462], [134.12395661, 35.49941988], [134.12406318, 35.49953178], [134.12415034, 35.49970486], [134.12419175, 35.49980557], [134.12423252, 35.49990472], [134.12430646, 35.50000106], [134.12444599, 35.50009788], [134.12459963, 35.50019096], [134.12477201, 35.50028418], [134.12484188, 35.50032301], [134.12494903, 35.50038127], [134.12500953, 35.50042003], [134.12503698, 35.50048154], [134.12509225, 35.50057008], [134.12512431, 35.50063929], [134.12517535, 35.50068564], [134.1253056, 35.50077473], [134.12547351, 35.50084875], [134.12570772, 35.50085811], [134.12595619, 35.50084842], [134.12602175, 35.50085272], [134.12608379, 35.5007497], [134.12615913, 35.50071576], [134.12625314, 35.50068962], [134.12637995, 35.50066371], [134.12650726, 35.50059182], [134.12655938, 35.50053855], [134.12663423, 35.50055058], [134.12672741, 35.50060108], [134.12683858, 35.50072067], [134.12690278, 35.50085143], [134.12693019, 35.50091677], [134.12684037, 35.50098894], [134.12677858, 35.50106896], [134.12669295, 35.50118714], [134.12663535, 35.50131318], [134.12659227, 35.50139718], [134.12653098, 35.50143122], [134.12662785, 35.50157371], [134.1267066, 35.50165859], [134.12678124, 35.50168978], [134.12687487, 35.50169813], [134.12697959, 35.50172712], [134.12717022, 35.50174359], [134.12726793, 35.50181477], [134.12729141, 35.50192063], [134.12732676, 35.50206685], [134.12737535, 35.5021276], [134.12746674, 35.50221382], [134.12760808, 35.50223498], [134.12780601, 35.50214582], [134.12797948, 35.50204137], [134.12812818, 35.50195184], [134.12818292, 35.50201263], [134.12807076, 35.50213766], [134.12806956, 35.50224838], [134.12811179, 35.50232921], [134.12840694, 35.50235652], [134.12867835, 35.50230311], [134.12899234, 35.50229531], [134.12924452, 35.50231221], [134.12925568, 35.50241799], [134.12921092, 35.5025737], [134.12913369, 35.5028852], [134.12900309, 35.5030101], [134.12899263, 35.50312005], [134.13224584, 35.50312006], [134.13225258, 35.50305363], [134.13232734, 35.50273948], [134.13234278, 35.5026959], [134.13234009, 35.50260155], [134.13231357, 35.50253119], [134.13219662, 35.50238929], [134.13211916, 35.50230182], [134.13199861, 35.50216988], [134.13184196, 35.50202581], [134.13158398, 35.50181877], [134.13147301, 35.50170074], [134.13133899, 35.50152594], [134.13119797, 35.50148022], [134.13109521, 35.50144882], [134.13094579, 35.50139793], [134.13079182, 35.50133551], [134.13067126, 35.50121584], [134.13058791, 35.50112327], [134.13050949, 35.50100775], [134.13048306, 35.50085044], [134.13047526, 35.50070476], [134.13047724, 35.50052084], [134.13047918, 35.50034074], [134.13048025, 35.50024111], [134.13043915, 35.50014118], [134.13036982, 35.50005255], [134.13030981, 35.49996781], [134.13024396, 35.49999033], [134.13007946, 35.50003513], [134.12990555, 35.50008369], [134.12976929, 35.5001172], [134.12962859, 35.50012768], [134.12949282, 35.5001152], [134.12942821, 35.50002277], [134.12939164, 35.4999382], [134.12934552, 35.49986889], [134.1293417, 35.49978838], [134.12935203, 35.49970032], [134.12932511, 35.499589], [134.12929852, 35.49944702], [134.12925772, 35.49932026], [134.12924502, 35.49919371], [134.12926562, 35.49902141], [134.12927591, 35.49893718], [134.12923456, 35.49886024], [134.12912795, 35.49875217], [134.12897003, 35.49862074], [134.12879318, 35.49850834], [134.12878237, 35.49842395], [134.12871322, 35.49831807], [134.12863246, 35.49820252], [134.12852263, 35.49806761], [134.1283426, 35.4979226], [134.12815652, 35.49779672], [134.12798195, 35.49769007], [134.12780121, 35.49761213], [134.12765524, 35.49756796], [134.12757407, 35.49749073], [134.12748704, 35.49741346], [134.12732393, 35.49733085], [134.12719611, 35.49723412], [134.12717351, 35.49715732], [134.12710395, 35.49708975], [134.12687749, 35.49690609], [134.12666285, 35.49671293], [134.12644775, 35.49656288]]]}}, {"type": "Feature", "properties": {"MESH2_C": "533411", "grid_code": "53341190", "grid_area": 1048181.3080160879, "grid_perimeter": 4116.615387990838, "area": 466.83290654508164, "perimeter": 100.73903666296175, "connect": 0.09367244091695673, "connect_rev": 4.1719287991504774e-05}, "geometry": {"type": "Polygon", "coordinates": [[[134.12492275, 35.5031199], [134.12536578, 35.50311992], [134.1252973, 35.50304372], [134.12513248, 35.50291668], [134.12501423, 35.50303663], [134.12492275, 35.5031199]]]}}, {"type": "Feature", "properties": {"MESH2_C": "533411", "grid_code": "53341190", "grid_area": 1048181.3080160879, "grid_perimeter": 4116.615387990838, "area": 14963.894809301171, "perimeter": 812.4327925822564, "connect": 0.09367244091695673, "connect_rev": 0.0013372729905524183}, "geometry": {"type": "Polygon", "coordinates": [[[134.12264351, 35.50199265], [134.1226873, 35.50192753], [134.12268828, 35.50183695], [134.12267719, 35.50172613], [134.12257359, 35.50162975], [134.1224572, 35.50157857], [134.12229616, 35.50161561], [134.12229616, 35.50164759], [134.12229616, 35.5017475], [134.12229616, 35.50184741], [134.12229616, 35.50194732], [134.12229615, 35.50204722], [134.12229615, 35.50214713], [134.12229615, 35.50224704], [134.12229615, 35.50234695], [134.12229614, 35.50244686], [134.12229614, 35.50254676], [134.12229614, 35.50264667], [134.12229614, 35.50274658], [134.12229613, 35.50284649], [134.12229613, 35.5029464], [134.12229613, 35.5030463], [134.12229613, 35.50311974], [134.12377932, 35.50311984], [134.12379043, 35.50293716], [134.12379739, 35.50286171], [134.12387196, 35.50279681], [134.12398281, 35.50279258], [134.1240749, 35.50281339], [134.12416789, 35.50275366], [134.12428548, 35.50269411], [134.12428652, 35.50259849], [134.12413978, 35.50250683], [134.12400525, 35.50242533], [134.12390804, 35.50230886], [134.1238606, 35.50228594], [134.1237917, 35.50225265], [134.1235637, 35.50227615], [134.12336647, 35.5022999], [134.12319894, 35.5024245], [134.12308608, 35.50261495], [134.1229304, 35.50277991], [134.12268944, 35.50286373], [134.12255931, 35.50294331], [134.12246085, 35.5029426], [134.12254864, 35.50279224], [134.12266048, 35.50269742], [134.12275427, 35.50256221], [134.12281135, 35.5024066], [134.12291807, 35.50221611], [134.12292488, 35.50215576], [134.12285119, 35.50214012], [134.12273453, 35.5021141], [134.12264874, 35.50207825], [134.12264351, 35.50199265]]]}}, {"type": "Feature", "properties": {"MESH2_C": "533411", "grid_code": "53341190", "grid_area": 1048181.3080160879, "grid_perimeter": 4116.615387990838, "area": 92.25535188126378, "perimeter": 78.16119913498602, "connect": 0.09367244091695673, "connect_rev": 8.244550758806411e-06}, "geometry": {"type": "Polygon", "coordinates": [[[134.12229618, 35.50084833], [134.12229618, 35.50094824], [134.12229618, 35.50105129], [134.12229618, 35.50114806], [134.12229618, 35.50119421], [134.12233242, 35.501155], [134.12233427, 35.50109764], [134.12233116, 35.50105412], [134.12232317, 35.50094221], [134.12229618, 35.50084833]]]}}, {"type": "Feature", "properties": {"MESH2_C": "533411", "grid_code": "53341190", "grid_area": 1048181.3080160879, "grid_perimeter": 4116.615387990838, "area": 24018.683084740558, "perimeter": 819.7755353005334, "connect": 0.09367244091695673, "connect_rev": 0.0021464689886684526}, "geometry": {"type": "Polygon", "coordinates": [[[134.12229634, 35.49482223], [134.12229634, 35.49485388], [134.12229634, 35.49495379], [134.12229634, 35.4950537], [134.12229633, 35.4951536], [134.12229633, 35.49525351], [134.12229633, 35.49535342], [134.12229633, 35.49545333], [134.12229632, 35.49555323], [134.12229632, 35.49565314], [134.12229632, 35.49575305], [134.12229631, 35.49585296], [134.12229631, 35.49595286], [134.12229631, 35.49605277], [134.12229631, 35.49615268], [134.12241021, 35.49618754], [134.12254312, 35.49621998], [134.12275386, 35.49625286], [134.12277254, 35.49625578], [134.12304396, 35.49632204], [134.12346275, 35.4963675], [134.12374471, 35.49634537], [134.12408749, 35.49627105], [134.12400411, 35.49617736], [134.12391344, 35.4961095], [134.12367926, 35.49597622], [134.12346998, 35.4959101], [134.12345505, 35.4958222], [134.12347261, 35.49572309], [134.12362874, 35.49544022], [134.12375828, 35.49531869], [134.12396908, 35.49516579], [134.12425241, 35.49490264], [134.12442318, 35.49499912], [134.12448392, 35.49502153], [134.12454911, 35.495028], [134.12462434, 35.49500418], [134.12474066, 35.49488659], [134.12479194, 35.49480228], [134.12479395, 35.49478752], [134.12229634, 35.49478736], [134.12229634, 35.49482223]]]}}, {"type": "Feature", "properties": {"MESH2_C": "533411", "grid_code": "53341180", "grid_area": 1048288.1128833964, "grid_perimeter": 4116.84704571333, "area": 39571.3850365602, "perimeter": 1117.143455406717, "connect": 0.006656008170152013, "connect_rev": 0.0002512548400297209}, "geometry": {"type": "Polygon", "coordinates": [[[134.1222964, 35.492556], [134.1222964, 35.4926559], [134.12229639, 35.49275581], [134.12229639, 35.49285572], [134.12229639, 35.49290144], [134.12229639, 35.49295563], [134.12229639, 35.49305554], [134.12229638, 35.49315544], [134.12229638, 35.49319288], [134.12229638, 35.49325535], [134.12229638, 35.49335526], [134.12229638, 35.49345517], [134.12229637, 35.49355508], [134.12229637, 35.49365498], [134.12229637, 35.49375489], [134.12229637, 35.4938548], [134.12229636, 35.49395697], [134.12229636, 35.49405462], [134.12229636, 35.49415452], [134.12229636, 35.49425443], [134.12229636, 35.49427485], [134.12229635, 35.49435434], [134.12229635, 35.49445425], [134.12229635, 35.49455416], [134.12229635, 35.49465406], [134.12229634, 35.49475397], [134.12229634, 35.49478736], [134.12479395, 35.49478752], [134.12480367, 35.49471607], [134.12478134, 35.49458697], [134.12469929, 35.49444106], [134.12464618, 35.49431674], [134.12457299, 35.49418245], [134.12451658, 35.49412835], [134.12445866, 35.49410462], [134.12435779, 35.49410342], [134.123905, 35.49418493], [134.12362172, 35.49421127], [134.1234481, 35.49422501], [134.12316069, 35.49420603], [134.12316376, 35.49411852], [134.12310639, 35.49396963], [134.12330838, 35.4938538], [134.12359965, 35.49375614], [134.12378795, 35.49365054], [134.12398633, 35.49356087], [134.12403278, 35.4935066], [134.12407836, 35.49333787], [134.12414935, 35.49319071], [134.12376262, 35.49290927], [134.12338123, 35.49272029], [134.12321386, 35.49261156], [134.12306968, 35.49248453], [134.1227395, 35.49229051], [134.1224105, 35.49205726], [134.12236244, 35.49202096], [134.12230653, 35.49200728], [134.12229641, 35.49200565], [134.12229641, 35.49205646], [134.12229641, 35.49215636], [134.12229641, 35.49225627], [134.1222964, 35.49235618], [134.1222964, 35.49245609], [134.1222964, 35.492556]]]}}, {"type": "Feature", "properties": {"MESH2_C": "533411", "grid_code": "53341180", "grid_area": 1048288.1128833964, "grid_perimeter": 4116.84704571333, "area": 24607.86089559528, "perimeter": 720.7467537064792, "connect": 0.006656008170152013, "connect_rev": 0.00015624533099066552}, "geometry": {"type": "Polygon", "coordinates": [[[134.12271381, 35.490693], [134.12257706, 35.49082375], [134.12229644, 35.4906909], [134.12229644, 35.49075765], [134.12229644, 35.49085756], [134.12229644, 35.49095747], [134.12229644, 35.49105738], [134.12229643, 35.49115728], [134.12229643, 35.49125719], [134.12229643, 35.4913571], [134.12229643, 35.49145701], [134.12229642, 35.49155692], [134.12229642, 35.49159957], [134.12285518, 35.49183992], [134.12314584, 35.49200469], [134.12350533, 35.49217138], [134.12370418, 35.49231453], [134.12403469, 35.49258788], [134.12411407, 35.49266743], [134.12418975, 35.49269401], [134.1242554, 35.49269902], [134.12438526, 35.49265827], [134.12448774, 35.49259694], [134.12454673, 35.49254346], [134.12457841, 35.49246698], [134.12456578, 35.49239863], [134.12440058, 35.49216455], [134.12414639, 35.49172158], [134.1241001, 35.49143542], [134.12406849, 35.49137031], [134.12402807, 35.49132467], [134.12386499, 35.491214], [134.12362234, 35.49112843], [134.12355356, 35.49108735], [134.12349232, 35.49098899], [134.12345278, 35.4908031], [134.12338407, 35.49072568], [134.12327942, 35.49067241], [134.12280313, 35.49051424], [134.12271381, 35.490693]]]}}, {"type": "Feature", "properties": {"MESH2_C": "533411", "grid_code": "53341180", "grid_area": 1048288.1128833964, "grid_perimeter": 4116.84704571333, "area": 60366.33891149997, "perimeter": 1410.1211784759585, "connect": 0.006656008170152013, "connect_rev": 0.00038329047144485006}, "geometry": {"type": "Polygon", "coordinates": [[[134.12653382, 35.48684011], [134.12659386, 35.48707971], [134.12663806, 35.48741067], [134.12666052, 35.48747989], [134.12669963, 35.48754339], [134.12676729, 35.48760891], [134.12686438, 35.48767167], [134.12719622, 35.48783671], [134.12724275, 35.48787769], [134.12727992, 35.48794106], [134.12729158, 35.48806967], [134.1272581, 35.48822659], [134.12722658, 35.48830892], [134.12711951, 35.48845881], [134.12709441, 35.4885244], [134.12710083, 35.4885934], [134.1271442, 35.48867289], [134.12738148, 35.4889783], [134.12744216, 35.48902967], [134.12750185, 35.48905769], [134.12760337, 35.48906982], [134.12771974, 35.48903934], [134.12781515, 35.48898077], [134.12788647, 35.4888964], [134.12802543, 35.48891455], [134.1281942, 35.48895304], [134.12817487, 35.48899912], [134.1281837, 35.48905309], [134.12826179, 35.48918717], [134.12814335, 35.48939904], [134.12809822, 35.48956693], [134.12808446, 35.48968283], [134.12809029, 35.48975358], [134.12811508, 35.48982141], [134.12816817, 35.48989612], [134.12836294, 35.49006556], [134.12842013, 35.49009967], [134.12849671, 35.49012287], [134.12857919, 35.49011993], [134.12876959, 35.49008325], [134.12887608, 35.49004056], [134.12895255, 35.48998195], [134.12924109, 35.4898694], [134.12929117, 35.48983283], [134.12932355, 35.4897855], [134.12933329, 35.48971846], [134.12928561, 35.48951757], [134.12930889, 35.48937049], [134.12928342, 35.48923479], [134.12929511, 35.4891335], [134.12932549, 35.48898092], [134.12933035, 35.48863284], [134.12935517, 35.48852308], [134.12911816, 35.48848774], [134.12864544, 35.48846007], [134.12842721, 35.48842823], [134.12837945, 35.48839656], [134.12834716, 35.48833571], [134.12836314, 35.48815279], [134.12835685, 35.48795921], [134.12841525, 35.48788062], [134.12850352, 35.48783382], [134.12868851, 35.48790955], [134.12886528, 35.48792955], [134.1291406, 35.48798768], [134.12935305, 35.48800847], [134.12925486, 35.48780292], [134.12901292, 35.48743468], [134.12887853, 35.48718793], [134.12867172, 35.48716547], [134.12862521, 35.48714913], [134.12856382, 35.48710413], [134.12853526, 35.48705326], [134.12844806, 35.48676108], [134.12834298, 35.48661796], [134.12822656, 35.48645529], [134.12632176, 35.48645523], [134.12637136, 35.48651968], [134.12653382, 35.48684011]]]}}, {"type": "Feature", "properties": {"MESH2_C": "533411", "grid_code": "53341180", "grid_area": 1048288.1128833964, "grid_perimeter": 4116.84704571333, "area": 17056.402158382814, "perimeter": 499.7245931805558, "connect": 0.006656008170152013, "connect_rev": 0.00010829804394836478}, "geometry": {"type": "Polygon", "coordinates": [[[134.1302418, 35.49138805], [134.13041331, 35.49120815], [134.1305113, 35.49091092], [134.13049506, 35.49082824], [134.13044432, 35.4907346], [134.13038955, 35.49066091], [134.13031958, 35.49059649], [134.12998173, 35.49036334], [134.12980463, 35.49026751], [134.12961432, 35.49019229], [134.12952776, 35.49017588], [134.12943935, 35.49018016], [134.12924493, 35.49024955], [134.12916651, 35.49026243], [134.12896134, 35.49031674], [134.12868172, 35.49042596], [134.12915925, 35.49118547], [134.12932218, 35.49144237], [134.12957261, 35.49168627], [134.12973209, 35.49160384], [134.12992879, 35.49154087], [134.13016239, 35.49143933], [134.1302418, 35.49138805]]]}}, {"type": "Feature", "properties": {"MESH2_C": "533411", "grid_code": "53341180", "grid_area": 1048288.1128833964, "grid_perimeter": 4116.84704571333, "area": 28188.261251626303, "perimeter": 766.7620689488024, "connect": 0.006656008170152013, "connect_rev": 0.00017897875105836827}, "geometry": {"type": "Polygon", "coordinates": [[[134.13423829, 35.4887547], [134.1341509, 35.48876717], [134.13407433, 35.4887967], [134.13401327, 35.48884437], [134.13393252, 35.48893867], [134.13378265, 35.48902662], [134.13365986, 35.48907335], [134.13356165, 35.4890694], [134.13339904, 35.48901855], [134.13339124, 35.48920637], [134.13341806, 35.48975611], [134.13345778, 35.49010209], [134.13351127, 35.49029951], [134.133625, 35.49054201], [134.13374732, 35.49071691], [134.13389862, 35.49097874], [134.1339567, 35.49105181], [134.13400619, 35.49108705], [134.13407874, 35.49110534], [134.13416799, 35.49109526], [134.13425754, 35.4910732], [134.13443578, 35.49111055], [134.13461574, 35.49118129], [134.13470044, 35.49126074], [134.13471792, 35.49132946], [134.13476445, 35.49134388], [134.13476454, 35.48861651], [134.13423829, 35.4887547]]]}}, {"type": "Feature", "properties": {"MESH2_C": "533411", "grid_code": "53341170", "grid_area": 1048394.8953853324, "grid_perimeter": 4117.078655627045, "area": 0.12932877365710738, "perimeter": 1.8352240841021086, "connect": 0.11104066925124223, "connect_rev": 1.3697847675087549e-08}, "geometry": {"type": "Polygon", "coordinates": [[[134.13313112, 35.48645239], [134.13312549, 35.48645531], [134.13313428, 35.48645531], [134.13313112, 35.48645239]]]}}, {"type": "Feature", "properties": {"MESH2_C": "533411", "grid_code": "53341180", "grid_area": 1048288.1128833964, "grid_perimeter": 4116.84704571333, "area": 20329.910933146253, "perimeter": 744.2928130961683, "connect": 0.006656008170152013, "connect_rev": 0.00012908288437735602}, "geometry": {"type": "Polygon", "coordinates": [[[134.13437973, 35.48669174], [134.13399846, 35.48680766], [134.1338282, 35.48684513], [134.13365159, 35.48685145], [134.13356956, 35.48683437], [134.13347645, 35.48677241], [134.13313428, 35.48645531], [134.13312549, 35.48645531], [134.13302057, 35.4865098], [134.13291615, 35.48659363], [134.13280618, 35.48677425], [134.13274513, 35.48690933], [134.13271417, 35.48705038], [134.13269871, 35.48719454], [134.13267554, 35.48733994], [134.1326839, 35.48744819], [134.13287592, 35.48745752], [134.13299916, 35.48745549], [134.13303656, 35.48745488], [134.1331794, 35.4874862], [134.13338369, 35.48753331], [134.1334877, 35.48758407], [134.13369068, 35.48778401], [134.13378652, 35.4879538], [134.13394079, 35.48798118], [134.1339886, 35.48797874], [134.13401614, 35.48796813], [134.13405181, 35.48794126], [134.13406704, 35.48791891], [134.13407149, 35.48788768], [134.13407545, 35.48784231], [134.13405894, 35.48770598], [134.13403979, 35.48761436], [134.13403886, 35.4875449], [134.13405827, 35.48747835], [134.13407752, 35.48746673], [134.13412268, 35.48747271], [134.13415304, 35.48748661], [134.13420731, 35.48752717], [134.13424932, 35.48758958], [134.13431016, 35.48772582], [134.1344237, 35.48784772], [134.13451678, 35.48791673], [134.13455382, 35.48792967], [134.13459853, 35.4879296], [134.13472787, 35.48790524], [134.13476457, 35.48790197], [134.13476461, 35.48653317], [134.13437973, 35.48669174]]]}}, {"type": "Feature", "properties": {"MESH2_C": "533411", "grid_code": "53341181", "grid_area": 1048287.0718981288, "grid_perimeter": 4116.845001622945, "area": 15994.690334029496, "perimeter": 741.8573370178524, "connect": 0.6970575567786186, "connect_rev": 0.010635655122104428}, "geometry": {"type": "Polygon", "coordinates": [[[134.1348228, 35.4865092], [134.13476461, 35.48653317], [134.13476457, 35.48790197], [134.13481645, 35.48789735], [134.13497154, 35.48786814], [134.13526526, 35.48776405], [134.13549047, 35.4876469], [134.13536405, 35.48752973], [134.13526966, 35.48741702], [134.13522905, 35.48734313], [134.13521806, 35.48726333], [134.13526674, 35.48707479], [134.13528667, 35.48703568], [134.13531883, 35.48700585], [134.13534952, 35.48700057], [134.13538467, 35.4870044], [134.13557937, 35.4870518], [134.13566798, 35.48697959], [134.13575866, 35.48694747], [134.13585506, 35.48695886], [134.13606379, 35.4870443], [134.13614493, 35.48705892], [134.13625849, 35.48704517], [134.13635791, 35.48698964], [134.1366455, 35.48682031], [134.13690113, 35.48672084], [134.13700427, 35.48666597], [134.13721798, 35.48649177], [134.13727337, 35.48645544], [134.13491647, 35.48645529], [134.1348228, 35.4865092]]]}}, {"type": "Feature", "properties": {"MESH2_C": "533411", "grid_code": "53341170", "grid_area": 1048394.8953853324, "grid_perimeter": 4117.078655627045, "area": 3026.934416250617, "perimeter": 271.26691145710583, "connect": 0.11104066925124223, "connect_rev": 0.000320597538999415}, "geometry": {"type": "Polygon", "coordinates": [[[134.13466946, 35.48471466], [134.13441276, 35.48488089], [134.13432227, 35.48499363], [134.13388524, 35.48526105], [134.13412457, 35.48527798], [134.13438855, 35.48530089], [134.13466651, 35.48535165], [134.13476465, 35.48538683], [134.13476468, 35.48463575], [134.13466946, 35.48471466]]]}}, {"type": "Feature", "properties": {"MESH2_C": "533411", "grid_code": "53341170", "grid_area": 1048394.8953853324, "grid_perimeter": 4117.078655627045, "area": 45983.34156694618, "perimeter": 862.9663189767364, "connect": 0.11104066925124223, "connect_rev": 0.004870322284548588}, "geometry": {"type": "Polygon", "coordinates": [[[134.12813758, 35.48633095], [134.12796991, 35.48601086], [134.12789954, 35.48583195], [134.12780266, 35.48556517], [134.12769346, 35.48533729], [134.12763786, 35.48513814], [134.12759966, 35.48472972], [134.12752808, 35.48457986], [134.12751711, 35.48451003], [134.12749482, 35.48441157], [134.12742028, 35.48427348], [134.12736029, 35.48420516], [134.12729231, 35.48415663], [134.12722527, 35.48411048], [134.12714671, 35.48408487], [134.12668491, 35.48405167], [134.12629679, 35.48407023], [134.12611263, 35.48411679], [134.12602659, 35.48416434], [134.1259139, 35.48431003], [134.12579579, 35.48451859], [134.1256709, 35.48465529], [134.12549225, 35.48479025], [134.12535869, 35.48493946], [134.12546829, 35.48511693], [134.12576346, 35.48545912], [134.12579325, 35.48552571], [134.12583959, 35.485724], [134.12591448, 35.48591791], [134.12596394, 35.48599017], [134.12632176, 35.48645523], [134.12822656, 35.48645529], [134.12813758, 35.48633095]]]}}, {"type": "Feature", "properties": {"MESH2_C": "533411", "grid_code": "53341170", "grid_area": 1048394.8953853324, "grid_perimeter": 4117.078655627045, "area": 98011.47409053869, "perimeter": 1466.261055157991, "connect": 0.11104066925124223, "connect_rev": 0.010380878164533713}, "geometry": {"type": "Polygon", "coordinates": [[[134.12392213, 35.48083252], [134.12353259, 35.48069555], [134.12295408, 35.48038858], [134.12259877, 35.48022629], [134.12229674, 35.48011866], [134.12229674, 35.48016735], [134.12229673, 35.48026726], [134.12229673, 35.48036717], [134.12229673, 35.48046708], [134.12229672, 35.48056699], [134.12229672, 35.4806669], [134.12229672, 35.48076681], [134.12229671, 35.48086671], [134.12229671, 35.48096662], [134.12229671, 35.48106653], [134.12229671, 35.48116644], [134.1222967, 35.48126635], [134.1222967, 35.48136626], [134.1222967, 35.48142648], [134.12251269, 35.48169993], [134.12272759, 35.48194249], [134.12291099, 35.48222891], [134.12302684, 35.48245089], [134.12319101, 35.48264593], [134.12332882, 35.48283147], [134.12359665, 35.4831545], [134.12376715, 35.48333923], [134.12395639, 35.48360245], [134.12427672, 35.48408895], [134.1245131, 35.48438293], [134.12454921, 35.48441358], [134.1246024, 35.48443539], [134.12472099, 35.48441618], [134.12489079, 35.48429072], [134.1252403, 35.48396601], [134.12565858, 35.48370807], [134.12581435, 35.48369198], [134.12589394, 35.48369808], [134.12596887, 35.48372379], [134.12613758, 35.48381438], [134.12628364, 35.4838449], [134.12639633, 35.48382653], [134.12667769, 35.48371657], [134.12702445, 35.48360836], [134.12712424, 35.483551], [134.12715244, 35.48350406], [134.12715436, 35.48345195], [134.12706987, 35.48328993], [134.12706064, 35.4832364], [134.12707069, 35.48319889], [134.12713297, 35.48313461], [134.12733732, 35.48301275], [134.12737885, 35.48296838], [134.12739292, 35.48293147], [134.12736772, 35.48285778], [134.12728938, 35.48279901], [134.12699691, 35.48266109], [134.12680109, 35.4825947], [134.12656261, 35.48243695], [134.12634175, 35.48228592], [134.12613554, 35.48224818], [134.12580022, 35.48215874], [134.12524391, 35.48190644], [134.12483213, 35.48161132], [134.12455184, 35.48143717], [134.12445464, 35.48133474], [134.12425796, 35.48106071], [134.1241668, 35.4809722], [134.12407383, 35.48090614], [134.12392213, 35.48083252]]]}}, {"type": "Feature", "properties": {"MESH2_C": "533411", "grid_code": "53341170", "grid_area": 1048394.8953853324, "grid_perimeter": 4117.078655627045, "area": 5480.072174025248, "perimeter": 353.6572285793444, "connect": 0.11104066925124223, "connect_rev": 0.0005804214465630514}, "geometry": {"type": "Polygon", "coordinates": [[[134.12419369, 35.47816107], [134.12438188, 35.47827672], [134.12451529, 35.47839935], [134.12463485, 35.47860606], [134.12475082, 35.47888532], [134.12481656, 35.47899032], [134.12490032, 35.47908079], [134.12502286, 35.47916364], [134.12509374, 35.4791979], [134.12516289, 35.47919957], [134.12522059, 35.47915972], [134.12528321, 35.47904601], [134.12530962, 35.47892343], [134.12529101, 35.47882724], [134.12519095, 35.47862932], [134.12505589, 35.47847185], [134.12489388, 35.47819193], [134.12484518, 35.47812278], [134.12415241, 35.47812275], [134.12419369, 35.47816107]]]}}, {"type": "Feature", "properties": {"MESH2_C": "533411", "grid_code": "53341160", "grid_area": 1048501.6555194184, "grid_perimeter": 4117.310217726487, "area": 973302.8088697674, "perimeter": 6675.442195596167, "connect": 0.8617032131800081, "connect_rev": 0.7999016056724509}, "geometry": {"type": "Polygon", "coordinates": [[[134.12229709, 35.46987667], [134.12229709, 35.46997658], [134.12229708, 35.47007649], [134.12229708, 35.47017371], [134.12229708, 35.47027631], [134.12229707, 35.47037622], [134.12229707, 35.47047613], [134.12229706, 35.47057604], [134.12229706, 35.47067595], [134.12229706, 35.47077586], [134.12229705, 35.47087577], [134.12229705, 35.47094004], [134.12229705, 35.47097568], [134.12229705, 35.47107559], [134.12229704, 35.4711755], [134.12229704, 35.47127541], [134.12229704, 35.47137532], [134.12229703, 35.4714313], [134.12229703, 35.47147523], [134.12229703, 35.47157514], [134.12229703, 35.47167505], [134.12229702, 35.47177496], [134.12229702, 35.47187487], [134.12229701, 35.47197478], [134.12229701, 35.47207469], [134.12229701, 35.4721746], [134.122297, 35.47227451], [134.122297, 35.47237442], [134.122297, 35.47247432], [134.12229699, 35.47257423], [134.12229699, 35.47267414], [134.12229699, 35.47277405], [134.12229698, 35.47287396], [134.12229698, 35.47297387], [134.12229698, 35.47307378], [134.12229697, 35.47317369], [134.12229697, 35.4732736], [134.12229696, 35.47337351], [134.12229696, 35.47347342], [134.12229696, 35.47357333], [134.12229695, 35.47366943], [134.12229695, 35.47377315], [134.12229695, 35.47387306], [134.12229694, 35.47397297], [134.12229694, 35.47407288], [134.12229694, 35.47417279], [134.12229693, 35.4742727], [134.12229693, 35.47437261], [134.12229693, 35.47447252], [134.12229692, 35.47457243], [134.12229692, 35.47467234], [134.12229691, 35.47477225], [134.12229691, 35.47487216], [134.12229691, 35.47497207], [134.1222969, 35.47507198], [134.1222969, 35.47509908], [134.1222969, 35.47517189], [134.1222969, 35.4752718], [134.12229689, 35.47537171], [134.12229689, 35.47547161], [134.12229689, 35.47557152], [134.12229688, 35.47567143], [134.12229688, 35.47577134], [134.12229688, 35.47587125], [134.12229687, 35.47592837], [134.1224036, 35.47587763], [134.12245163, 35.47582907], [134.12256061, 35.47526438], [134.12262294, 35.47518669], [134.12277044, 35.47519705], [134.12285286, 35.47527799], [134.12286403, 35.47534875], [134.12284714, 35.47547909], [134.12273309, 35.47600677], [134.12272084, 35.47632566], [134.12272885, 35.47641161], [134.12278938, 35.47651086], [134.1231155, 35.47675722], [134.12318107, 35.47682228], [134.1232346, 35.47695694], [134.1232587, 35.47710196], [134.1232987, 35.47718306], [134.12336187, 35.47725048], [134.12353445, 35.47735454], [134.12388749, 35.47760121], [134.12394551, 35.47767185], [134.12398519, 35.47776907], [134.12400665, 35.4778513], [134.12414007, 35.47811129], [134.12415241, 35.47812275], [134.12484518, 35.47812278], [134.12470849, 35.47792872], [134.12445445, 35.47735502], [134.12443775, 35.47725725], [134.12447905, 35.47715365], [134.12441462, 35.47688372], [134.12436751, 35.47674458], [134.1242759, 35.47654087], [134.12410969, 35.47623717], [134.12398717, 35.47594981], [134.12396078, 35.47583514], [134.12398522, 35.47575635], [134.12404182, 35.47570454], [134.12412232, 35.4756733], [134.1242067, 35.47567188], [134.12428136, 35.47570092], [134.12434427, 35.47575223], [134.12451641, 35.47593782], [134.12466899, 35.47615176], [134.12471767, 35.47619152], [134.12476329, 35.4762068], [134.12480301, 35.47620965], [134.12486831, 35.47618767], [134.12504928, 35.47606488], [134.12512598, 35.47602845], [134.12521488, 35.47602517], [134.12529491, 35.47607062], [134.12535742, 35.47616927], [134.1253546, 35.47622019], [134.12533565, 35.47625834], [134.12520476, 35.47639624], [134.12494573, 35.47661373], [134.12490499, 35.47667547], [134.12489138, 35.47673026], [134.12489853, 35.47683092], [134.12503723, 35.47752961], [134.12508549, 35.47763595], [134.12516944, 35.47772849], [134.12521629, 35.4777749], [134.12527352, 35.47780129], [134.12556124, 35.47782402], [134.12564061, 35.47780478], [134.12587691, 35.47771289], [134.12616041, 35.47755989], [134.12620144, 35.47767143], [134.12619379, 35.47776699], [134.12602691, 35.47812284], [134.1347649, 35.4781229], [134.1347649, 35.47799259], [134.13476188, 35.47799018], [134.1347649, 35.47798699], [134.13476518, 35.46979053], [134.12229709, 35.46979025], [134.12229709, 35.46987667]], [[134.1286204, 35.47428195], [134.12864303, 35.47437494], [134.12858517, 35.4747488], [134.12859628, 35.47484653], [134.12864452, 35.47493914], [134.12879936, 35.47516657], [134.12908953, 35.47552872], [134.12921191, 35.47560649], [134.12938149, 35.47564458], [134.12976639, 35.47568493], [134.13020685, 35.47566329], [134.13034755, 35.47566615], [134.13046593, 35.47568983], [134.13057016, 35.4757422], [134.13070483, 35.47585602], [134.13086533, 35.47604556], [134.13056781, 35.47623576], [134.130457, 35.4760884], [134.13032745, 35.47597008], [134.13019643, 35.47589899], [134.1300458, 35.47586], [134.12969538, 35.47582366], [134.12925461, 35.47581033], [134.12889108, 35.47575206], [134.12877534, 35.47572028], [134.12853392, 35.47560032], [134.12840336, 35.47550413], [134.12833881, 35.47540451], [134.12826962, 35.4751798], [134.1282612, 35.4750646], [134.12822026, 35.47495545], [134.12811975, 35.47480263], [134.12790115, 35.47454051], [134.12773202, 35.47423787], [134.12764386, 35.47404858], [134.12761177, 35.47395111], [134.12760046, 35.47386522], [134.12762876, 35.47356252], [134.12787839, 35.47343886], [134.1279984, 35.47367549], [134.12807746, 35.47382079], [134.12817458, 35.47394036], [134.1283453, 35.47408636], [134.12855616, 35.47421934], [134.1286204, 35.47428195]], [[134.13111949, 35.47726235], [134.13104114, 35.47716653], [134.13085171, 35.4768563], [134.13124238, 35.47669474], [134.13129805, 35.47680029], [134.13136953, 35.4770098], [134.13144227, 35.47708592], [134.13151941, 35.47711674], [134.13162414, 35.47713095], [134.13224232, 35.47712654], [134.13268286, 35.47714863], [134.13301571, 35.47718204], [134.1332723, 35.47723481], [134.13355777, 35.47731067], [134.13383368, 35.47740651], [134.13415964, 35.477468], [134.13433815, 35.4775289], [134.13446922, 35.47760176], [134.13465009, 35.47774078], [134.13471366, 35.47782361], [134.13473493, 35.47788135], [134.13473124, 35.47796568], [134.134269, 35.47779712], [134.13402851, 35.4777074], [134.13353519, 35.4775513], [134.13304076, 35.47744567], [134.13265398, 35.47741307], [134.13249604, 35.47741267], [134.13225399, 35.47745199], [134.13196672, 35.47752349], [134.13186277, 35.47753496], [134.13158233, 35.47750937], [134.13141629, 35.47746352], [134.13131086, 35.47741099], [134.13120249, 35.47733694], [134.13111949, 35.47726235]]]}}, {"type": "Feature", "properties": {"MESH2_C": "533411", "grid_code": "53341171", "grid_area": 1048393.8540744595, "grid_perimeter": 4117.076610990673, "area": 5262.939574647695, "perimeter": 449.31286193219603, "connect": 0.37487343662200273, "connect_rev": 0.0018818655197324343}, "geometry": {"type": "Polygon", "coordinates": [[[134.1353713, 35.47817423], [134.13556535, 35.47824188], [134.13570407, 35.47825597], [134.13603989, 35.47824588], [134.13617606, 35.47826904], [134.13645359, 35.47839395], [134.13674926, 35.47848635], [134.13686489, 35.47855157], [134.13706415, 35.47869521], [134.13718877, 35.47875261], [134.13723323, 35.47875782], [134.13725843, 35.47874682], [134.13727056, 35.4787244], [134.13727336, 35.4786965], [134.1372681, 35.47843903], [134.13728493, 35.47812306], [134.13528642, 35.47812294], [134.1353713, 35.47817423]]]}}, {"type": "Feature", "properties": {"MESH2_C": "533411", "grid_code": "53341161", "grid_area": 1048500.6138834544, "grid_perimeter": 4117.308172544619, "area": 106.90334044909105, "perimeter": 49.92831311717519, "connect": 0.8492536846647505, "connect_rev": 8.658846220709256e-05}, "geometry": {"type": "Polygon", "coordinates": [[[134.1347649, 35.47799259], [134.1347649, 35.4781229], [134.13492788, 35.47812292], [134.1347649, 35.47799259]]]}}, {"type": "Feature", "properties": {"MESH2_C": "533411", "grid_code": "53341170", "grid_area": 1048394.8953853324, "grid_perimeter": 4117.078655627045, "area": 332097.0139611728, "perimeter": 3771.516330036449, "connect": 0.11104066925124223, "connect_rev": 0.035174031129781555}, "geometry": {"type": "Polygon", "coordinates": [[[134.12592865, 35.47833236], [134.12572172, 35.47889806], [134.12567963, 35.47925722], [134.12568981, 35.47932873], [134.12572025, 35.47939536], [134.12577165, 35.47945218], [134.12582628, 35.47948756], [134.12607067, 35.47957011], [134.12629718, 35.47958919], [134.12655984, 35.47956493], [134.12669085, 35.47952691], [134.12680606, 35.47946148], [134.12693379, 35.47936235], [134.12708756, 35.47920499], [134.12723074, 35.47909797], [134.12727748, 35.47916148], [134.12730831, 35.47922837], [134.12731458, 35.47935608], [134.12723336, 35.47958034], [134.12705409, 35.47989734], [134.12703475, 35.4799819], [134.12703105, 35.4800699], [134.12745489, 35.48009625], [134.12769581, 35.48014482], [134.127781, 35.48015071], [134.12787995, 35.48012871], [134.12804944, 35.4800485], [134.12823044, 35.47999429], [134.12820186, 35.47991152], [134.12820881, 35.47981457], [134.12846937, 35.47925637], [134.12849473, 35.47921863], [134.12855792, 35.4791762], [134.12862355, 35.47916627], [134.12869023, 35.47918054], [134.12873182, 35.47920511], [134.12877198, 35.47925109], [134.12879816, 35.47936318], [134.12877267, 35.47972629], [134.12868924, 35.48003779], [134.12868633, 35.48015216], [134.12873065, 35.48029199], [134.12883542, 35.48047587], [134.12888612, 35.48064442], [134.12890196, 35.48098111], [134.12913684, 35.48094465], [134.12926926, 35.48094286], [134.12929006, 35.48104206], [134.12941401, 35.48133455], [134.12947949, 35.48157889], [134.12967698, 35.48157681], [134.13012393, 35.48154013], [134.13024651, 35.48155436], [134.13036433, 35.48159016], [134.13049441, 35.48166813], [134.13057543, 35.48177801], [134.13056474, 35.48194226], [134.13059279, 35.48208537], [134.13061956, 35.48215506], [134.13071841, 35.48228676], [134.13074116, 35.48238645], [134.13073875, 35.48247276], [134.13066735, 35.48270076], [134.13066796, 35.48278179], [134.13071871, 35.48285332], [134.13089662, 35.48299895], [134.13097682, 35.48314312], [134.13101505, 35.48323033], [134.131084, 35.48327413], [134.13117731, 35.48326397], [134.13132315, 35.48320854], [134.13142537, 35.48320719], [134.13152855, 35.48323014], [134.13201995, 35.48339032], [134.13216836, 35.48326793], [134.13233866, 35.48316535], [134.13243425, 35.48313124], [134.13265799, 35.48309136], [134.13275622, 35.48306076], [134.13329616, 35.48281644], [134.13337889, 35.48276627], [134.13344727, 35.48268403], [134.1335319, 35.48250944], [134.1335825, 35.482327], [134.13358887, 35.48209347], [134.13360909, 35.48205604], [134.13365359, 35.48202801], [134.13370679, 35.48203203], [134.13375296, 35.48206447], [134.13387808, 35.48233835], [134.13393195, 35.48241319], [134.13398001, 35.48245334], [134.13408877, 35.48248835], [134.13428362, 35.48248411], [134.13440585, 35.48249407], [134.13450309, 35.48252268], [134.13459022, 35.48257169], [134.13455622, 35.48262275], [134.13455431, 35.4827449], [134.13429736, 35.48279979], [134.13399843, 35.48281497], [134.13383622, 35.482869], [134.13365902, 35.48296518], [134.13337851, 35.48316546], [134.13323526, 35.48325062], [134.13248109, 35.48357057], [134.13214941, 35.48388606], [134.13237086, 35.48408556], [134.13259984, 35.4841796], [134.13277338, 35.48436163], [134.13282871, 35.48438934], [134.13289138, 35.48439606], [134.1329579, 35.48438399], [134.13320341, 35.48429908], [134.13343337, 35.48426766], [134.13350019, 35.48423377], [134.13353352, 35.48416364], [134.1335077, 35.48398956], [134.13348635, 35.48390436], [134.13355408, 35.48382734], [134.13369867, 35.48387486], [134.13380491, 35.48394157], [134.13409204, 35.48439432], [134.13416903, 35.48434379], [134.13433337, 35.48420135], [134.1347647, 35.48391015], [134.1347649, 35.4781229], [134.12602691, 35.47812284], [134.12592865, 35.47833236]]]}}, {"type": "Feature", "properties": {"MESH2_C": "533411", "grid_code": "53341171", "grid_area": 1048393.8540744595, "grid_perimeter": 4117.076610990673, "area": 260322.40091352398, "perimeter": 2895.5681421506038, "connect": 0.37487343662200273, "connect_rev": 0.09308329372676061}, "geometry": {"type": "Polygon", "coordinates": [[[134.13764847, 35.4785954], [134.13761695, 35.47866053], [134.13757415, 35.47870116], [134.13747204, 35.47875866], [134.13744692, 35.47879545], [134.13744833, 35.47882324], [134.13750398, 35.4790159], [134.13759014, 35.47918433], [134.13773244, 35.47936722], [134.13785252, 35.4794715], [134.1382514, 35.47968512], [134.13847876, 35.47976309], [134.13882182, 35.4798766], [134.13957532, 35.48002945], [134.13996707, 35.48016051], [134.14014857, 35.4802343], [134.14033336, 35.48029038], [134.14060071, 35.48032546], [134.14087712, 35.48038472], [134.14118833, 35.48045023], [134.14138325, 35.48052984], [134.14150768, 35.48055945], [134.14159174, 35.48059223], [134.1419724, 35.48086448], [134.14212531, 35.48100295], [134.14232601, 35.48113845], [134.14251471, 35.48094709], [134.14271234, 35.48093246], [134.1427838, 35.480951], [134.14286062, 35.48098537], [134.14291814, 35.4810196], [134.14304274, 35.48106828], [134.14309125, 35.48101968], [134.14344536, 35.48088009], [134.1437049, 35.48073043], [134.1438956, 35.48065504], [134.14404427, 35.48077925], [134.14426853, 35.48100148], [134.14448464, 35.48131616], [134.14450627, 35.48138373], [134.14450059, 35.48145357], [134.14439682, 35.48170084], [134.14455638, 35.48180268], [134.14467122, 35.4819436], [134.14495328, 35.4819416], [134.14507682, 35.48192866], [134.14519263, 35.48189812], [134.14524364, 35.48186478], [134.14527893, 35.48181836], [134.14533836, 35.48160461], [134.14538951, 35.48153521], [134.14545982, 35.48149671], [134.14556091, 35.48147029], [134.14575549, 35.48146278], [134.1458555, 35.48147053], [134.14607097, 35.48146425], [134.14626984, 35.48141987], [134.14636677, 35.48141644], [134.14643105, 35.48143046], [134.14648252, 35.48145993], [134.14651633, 35.48153483], [134.14650928, 35.48157641], [134.1464784, 35.48162632], [134.14639661, 35.48167205], [134.14631196, 35.48168305], [134.14590208, 35.48168403], [134.14583314, 35.48168988], [134.14578469, 35.4817017], [134.14574618, 35.48172275], [134.14573015, 35.48174297], [134.14571193, 35.48176961], [134.14570269, 35.48180714], [134.14569618, 35.48206457], [134.14570579, 35.48211449], [134.14573083, 35.48214309], [134.14578862, 35.48216231], [134.14594141, 35.48216236], [134.14624237, 35.48218815], [134.14638045, 35.48223174], [134.14659633, 35.48234679], [134.14668674, 35.48237143], [134.14676972, 35.48237003], [134.14681548, 35.48235767], [134.14704181, 35.48226175], [134.14726364, 35.48221264], [134.14726378, 35.47812319], [134.14492323, 35.47812323], [134.14492922, 35.4781318], [134.14494659, 35.47819346], [134.14493662, 35.47824196], [134.14490361, 35.47828848], [134.14485366, 35.47833196], [134.14453622, 35.47866161], [134.14445165, 35.47873347], [134.14420577, 35.47889629], [134.14413095, 35.47891158], [134.14406336, 35.47891234], [134.14399545, 35.47882681], [134.14394379, 35.4787356], [134.1438998, 35.47855143], [134.14391473, 35.47823295], [134.14391406, 35.47812324], [134.13766231, 35.47812308], [134.13764847, 35.4785954]]]}}, {"type": "Feature", "properties": {"MESH2_C": "533411", "grid_code": "53341172", "grid_area": 1048392.8792264424, "grid_perimeter": 4117.074696853402, "area": 7445.649913390633, "perimeter": 406.0842160494847, "connect": 0.1250538634302291, "connect_rev": 0.0008881282063890662}, "geometry": {"type": "Polygon", "coordinates": [[[134.15367597, 35.48143471], [134.15366005, 35.4813344], [134.15362466, 35.48125322], [134.15356907, 35.48117721], [134.15340913, 35.48118457], [134.1532401, 35.48122324], [134.15312024, 35.48128358], [134.15295024, 35.48141139], [134.15285665, 35.48144211], [134.15273522, 35.48143518], [134.15256645, 35.48138336], [134.15235831, 35.48138575], [134.15244597, 35.4815046], [134.15270868, 35.48207678], [134.15299415, 35.48214859], [134.15309757, 35.4821623], [134.15327173, 35.48214616], [134.15341424, 35.4821035], [134.1534326, 35.48201282], [134.15342169, 35.48191364], [134.15338455, 35.48181737], [134.15330034, 35.48166952], [134.15329227, 35.48162879], [134.15330191, 35.48159385], [134.15335497, 35.48155319], [134.15345702, 35.48153612], [134.15356399, 35.48153459], [134.15367178, 35.48154021], [134.15367597, 35.48143471]]]}}, {"type": "Feature", "properties": {"MESH2_C": "533411", "grid_code": "53341162", "grid_area": 1048499.6387343295, "grid_perimeter": 4117.306257904017, "area": 1390.233502663672, "perimeter": 201.31403113772456, "connect": 0.10495376340752524, "connect_rev": 0.00013916098082390386}, "geometry": {"type": "Polygon", "coordinates": [[[134.1477313, 35.4780096], [134.14747355, 35.47785714], [134.14732731, 35.47773308], [134.14726379, 35.4776481], [134.14726378, 35.47812319], [134.14797252, 35.47812324], [134.1477313, 35.4780096]]]}}, {"type": "Feature", "properties": {"MESH2_C": "533411", "grid_code": "53341162", "grid_area": 1048499.6387343295, "grid_perimeter": 4117.306257904017, "area": 6685.477993933018, "perimeter": 532.7690271134348, "connect": 0.10495376340752524, "connect_rev": 0.0006692096494076634}, "geometry": {"type": "Polygon", "coordinates": [[[134.15044639, 35.47326363], [134.15035179, 35.47332929], [134.15082308, 35.47352585], [134.15111267, 35.47356769], [134.15150456, 35.47369695], [134.15197813, 35.47381046], [134.15225317, 35.47385978], [134.15280912, 35.47400232], [134.15292941, 35.47401207], [134.15306657, 35.47398989], [134.15300114, 35.4739041], [134.15291846, 35.47383049], [134.15280626, 35.47376037], [134.1526974, 35.47371394], [134.1523603, 35.47362999], [134.15211305, 35.47355432], [134.15112628, 35.4733333], [134.15077516, 35.47320056], [134.15067375, 35.47319288], [134.15055464, 35.47321795], [134.15044639, 35.47326363]]]}}, {"type": "Feature", "properties": {"MESH2_C": "533411", "grid_code": "53341161", "grid_area": 1048500.6138834544, "grid_perimeter": 4117.308172544619, "area": 966245.3264491379, "perimeter": 6906.2019814181085, "connect": 0.8492536846647505, "connect_rev": 0.7826293975524912}, "geometry": {"type": "Polygon", "coordinates": [[[134.13481801, 35.47793095], [134.1348891, 35.47793272], [134.13501841, 35.477961], [134.13528642, 35.47812294], [134.13728493, 35.47812306], [134.1372921, 35.47798856], [134.13726726, 35.47768379], [134.13723002, 35.47701148], [134.13723808, 35.47672083], [134.13728187, 35.47645833], [134.13726819, 35.47637676], [134.13736215, 35.47635582], [134.13746616, 35.47635637], [134.1375337, 35.4763854], [134.13757241, 35.47644139], [134.13757755, 35.47689125], [134.1376872, 35.47728544], [134.1377267, 35.47763131], [134.13772179, 35.47776067], [134.13766501, 35.478031], [134.13766231, 35.47812308], [134.14391406, 35.47812324], [134.1439115, 35.47769737], [134.14392808, 35.47752367], [134.14403384, 35.47739459], [134.14411334, 35.47735619], [134.14417435, 35.47736407], [134.144232, 35.47739081], [134.14435422, 35.47748407], [134.14463245, 35.4777667], [134.14483851, 35.47800203], [134.14492323, 35.47812323], [134.14726378, 35.47812319], [134.14726379, 35.4776481], [134.14720751, 35.4775728], [134.14717921, 35.47745869], [134.14719366, 35.4774025], [134.147219, 35.47736917], [134.1472638, 35.47734504], [134.14726395, 35.47315657], [134.14724359, 35.47316002], [134.14710606, 35.4731543], [134.14684514, 35.47309448], [134.14654456, 35.47324555], [134.1462171, 35.47336815], [134.14597946, 35.47342382], [134.14580383, 35.47344333], [134.14546443, 35.47354157], [134.14534372, 35.47355771], [134.14485001, 35.4737105], [134.14478163, 35.47374434], [134.14473359, 35.47379594], [134.14466889, 35.47392046], [134.14463281, 35.47400908], [134.14462107, 35.47408693], [134.14456714, 35.47443159], [134.14439842, 35.47493442], [134.14434804, 35.47514719], [134.14421347, 35.47539584], [134.1441819, 35.47569757], [134.14414452, 35.47577708], [134.14407485, 35.47586102], [134.14376583, 35.47607772], [134.14370253, 35.47616436], [134.14364909, 35.47628773], [134.14364297, 35.47635813], [134.14366195, 35.47642734], [134.14386491, 35.47674778], [134.14394523, 35.47690209], [134.14398024, 35.47697902], [134.14398254, 35.47701655], [134.14396789, 35.47705081], [134.1439261, 35.4770881], [134.14385797, 35.47711833], [134.14378853, 35.47714255], [134.14373863, 35.47706445], [134.14368171, 35.47699187], [134.14362406, 35.47693887], [134.14353723, 35.47689159], [134.14343628, 35.4768634], [134.14335021, 35.4768572], [134.14324932, 35.47687515], [134.14317018, 35.47691077], [134.14288476, 35.47708782], [134.14255696, 35.47726866], [134.14244163, 35.47729296], [134.14223887, 35.47724899], [134.14234933, 35.47702108], [134.14236287, 35.4769657], [134.14234405, 35.47692228], [134.14227313, 35.47689481], [134.14213142, 35.47688523], [134.1418699, 35.47684173], [134.14162325, 35.47676937], [134.14157773, 35.47673486], [134.14153489, 35.47666482], [134.14150886, 35.47658271], [134.14152187, 35.47652157], [134.1415675, 35.47649108], [134.14161448, 35.47648611], [134.14194066, 35.47658216], [134.14209183, 35.47658138], [134.14230397, 35.47654848], [134.14252613, 35.47660155], [134.14260455, 35.47660736], [134.14270288, 35.47657421], [134.14292959, 35.47642641], [134.14300067, 35.47634907], [134.14313215, 35.47614834], [134.14320534, 35.47599985], [134.14342477, 35.47562676], [134.14353501, 35.47540417], [134.14367039, 35.47519031], [134.14382528, 35.4748528], [134.14406393, 35.47440588], [134.14424565, 35.47398271], [134.14440388, 35.47374088], [134.14440374, 35.47369099], [134.14437487, 35.47364488], [134.14405366, 35.4734148], [134.1437856, 35.47324867], [134.1435891, 35.47310299], [134.14338179, 35.47299243], [134.14325137, 35.47294811], [134.14309608, 35.47291999], [134.1426892, 35.47291321], [134.14256773, 35.47297134], [134.14243178, 35.47299604], [134.14227193, 35.47299505], [134.14204393, 35.47295826], [134.14195785, 35.47295848], [134.1418823, 35.47298473], [134.14176861, 35.47307595], [134.14169601, 35.47311029], [134.14162839, 35.47311915], [134.14133094, 35.47308081], [134.14139739, 35.47295595], [134.14158042, 35.47270337], [134.14180444, 35.47238089], [134.14202865, 35.47214999], [134.14245983, 35.47222559], [134.14282343, 35.47223077], [134.14313364, 35.47236417], [134.14357318, 35.47251197], [134.14486472, 35.4728574], [134.14513956, 35.47290905], [134.14534877, 35.47291982], [134.14558855, 35.47287592], [134.14575793, 35.47279931], [134.14594278, 35.47266291], [134.14601227, 35.47263376], [134.14605465, 35.47263491], [134.14611139, 35.47265641], [134.14620603, 35.47273211], [134.14633033, 35.47259776], [134.14648153, 35.47252959], [134.14663597, 35.47245374], [134.14725311, 35.47232943], [134.14726397, 35.4723279], [134.14726405, 35.46998272], [134.14721179, 35.46992645], [134.1471218, 35.46979082], [134.13476518, 35.46979053], [134.1347649, 35.47798699], [134.13481801, 35.47793095]]]}}, {"type": "Feature", "properties": {"MESH2_C": "533411", "grid_code": "53341162", "grid_area": 1048499.6387343295, "grid_perimeter": 4117.306257904017, "area": 18861.31782419083, "perimeter": 688.3690790665437, "connect": 0.10495376340752524, "connect_rev": 0.0018879990181626082}, "geometry": {"type": "Polygon", "coordinates": [[[134.14753552, 35.47228977], [134.14764065, 35.47224341], [134.14774482, 35.47216648], [134.1477904, 35.47218442], [134.14789082, 35.47217487], [134.14795938, 35.47219579], [134.14807883, 35.47235427], [134.1481596, 35.47240442], [134.1483532, 35.47244265], [134.14841258, 35.47243334], [134.14844147, 35.47240974], [134.14846301, 35.47236033], [134.14850333, 35.47211413], [134.14854125, 35.47175751], [134.14851244, 35.47168014], [134.14841647, 35.47156811], [134.14833744, 35.47143428], [134.14822404, 35.47126337], [134.14757339, 35.47035296], [134.14740366, 35.47013306], [134.14726405, 35.46998272], [134.14726397, 35.4723279], [134.14753552, 35.47228977]]]}}, {"type": "Feature", "properties": {"MESH2_C": "533411", "grid_code": "53341152", "grid_area": 1048606.375866495, "grid_perimeter": 4117.537771124542, "area": 65561.3014473129, "perimeter": 2065.3346603763775, "connect": 0.03756939615010362, "connect_rev": 0.002348925738845644}, "geometry": {"type": "Polygon", "coordinates": [[[134.15164053, 35.46153999], [134.15160518, 35.46156462], [134.15155869, 35.46158069], [134.15141395, 35.46160561], [134.15131515, 35.46160926], [134.15128906, 35.46161692], [134.15127236, 35.46163336], [134.15126894, 35.46167241], [134.15129875, 35.46175378], [134.1513686, 35.46205346], [134.15142983, 35.46238192], [134.15134091, 35.46241474], [134.15127028, 35.46242904], [134.15119857, 35.46241925], [134.15115315, 35.46238833], [134.15111266, 35.4622801], [134.1510785, 35.46199152], [134.15105437, 35.46188677], [134.15104014, 35.46173878], [134.15102781, 35.4617196], [134.15098589, 35.4616897], [134.1509167, 35.46169773], [134.15086588, 35.46173198], [134.15085691, 35.46178016], [134.1508805, 35.46187275], [134.15088552, 35.46204289], [134.15086195, 35.46215288], [134.15069379, 35.46235016], [134.15057713, 35.46245067], [134.15055634, 35.46248982], [134.15056206, 35.4625226], [134.1506385, 35.46263756], [134.15072859, 35.46284074], [134.15084397, 35.46305304], [134.15086486, 35.46312249], [134.15085753, 35.46317523], [134.15080334, 35.46324418], [134.15073165, 35.4632879], [134.15014292, 35.46352001], [134.1501381, 35.46327406], [134.15009389, 35.46303084], [134.14990573, 35.46247085], [134.14985792, 35.46239477], [134.14979143, 35.46236211], [134.14970991, 35.46236312], [134.14944245, 35.46244505], [134.14910182, 35.46252312], [134.14908543, 35.46225083], [134.14903833, 35.46211222], [134.14898166, 35.46198964], [134.1488397, 35.46206861], [134.14868147, 35.46220803], [134.14829251, 35.46245567], [134.14789106, 35.46283648], [134.14781625, 35.46298225], [134.14779907, 35.46313841], [134.14783028, 35.46329449], [134.14794306, 35.46355344], [134.14795237, 35.46365085], [134.14789694, 35.46377056], [134.14770427, 35.46393281], [134.14784837, 35.46400792], [134.14801647, 35.46405355], [134.1482077, 35.4640784], [134.14897169, 35.46412883], [134.14945003, 35.46416737], [134.14967621, 35.46420594], [134.1499408, 35.46422078], [134.15038897, 35.46428502], [134.15058346, 35.46429868], [134.15120989, 35.4644534], [134.15166678, 35.46460689], [134.15204482, 35.46476492], [134.15217542, 35.46480845], [134.15270736, 35.46491165], [134.15284715, 35.46491648], [134.152989, 35.46490712], [134.15292408, 35.46477343], [134.15287049, 35.46471537], [134.15280401, 35.46467105], [134.15272728, 35.46465385], [134.15257266, 35.46466956], [134.15250565, 35.46466349], [134.15210125, 35.46451969], [134.15184594, 35.46442031], [134.15155425, 35.46428425], [134.15130408, 35.4641463], [134.1512279, 35.46408855], [134.15119418, 35.46404178], [134.1511744, 35.46397375], [134.15115327, 35.46359671], [134.15119076, 35.46310655], [134.15123437, 35.462878], [134.15126115, 35.46281017], [134.15130368, 35.4627495], [134.15143258, 35.46265047], [134.1514946, 35.46260428], [134.15157425, 35.46256928], [134.15163913, 35.46252135], [134.15171441, 35.46240872], [134.15189622, 35.46181427], [134.15197445, 35.46147192], [134.15197948, 35.4614587], [134.15167472, 35.46145869], [134.15164053, 35.46153999]]]}}, {"type": "Feature", "properties": {"MESH2_C": "533411", "grid_code": "53341152", "grid_area": 1048606.375866495, "grid_perimeter": 4117.537771124542, "area": 1747.5632060166681, "perimeter": 158.62175490725684, "connect": 0.03756939615010362, "connect_rev": 6.261157274571475e-05}, "geometry": {"type": "Polygon", "coordinates": [[[134.14735946, 35.46178149], [134.14742805, 35.46183905], [134.14748266, 35.46184877], [134.14754427, 35.46183511], [134.14768224, 35.46177394], [134.14776524, 35.46170847], [134.14780673, 35.46162799], [134.14782303, 35.46152048], [134.1477659, 35.46145848], [134.14726434, 35.46145844], [134.14726434, 35.46165511], [134.14735946, 35.46178149]]]}}, {"type": "Feature", "properties": {"MESH2_C": "533411", "grid_code": "53341151", "grid_area": 1048607.3513183594, "grid_perimeter": 4117.53968627259, "area": 146.23731328982103, "perimeter": 60.75110349699706, "connect": 0.37523095600202233, "connect_rev": 5.232918384552437e-05}, "geometry": {"type": "Polygon", "coordinates": [[[134.14717096, 35.46153106], [134.14726434, 35.46165511], [134.14726434, 35.46145844], [134.14711721, 35.46145845], [134.14717096, 35.46153106]]]}}, {"type": "Feature", "properties": {"MESH2_C": "533411", "grid_code": "53341151", "grid_area": 1048607.3513183594, "grid_perimeter": 4117.53968627259, "area": 955.2797791314661, "perimeter": 158.66780937589093, "connect": 0.37523095600202233, "connect_rev": 0.0003418348577494136}, "geometry": {"type": "Polygon", "coordinates": [[[134.1444832, 35.46151176], [134.14460105, 35.46155797], [134.14480583, 35.46160189], [134.14499171, 35.46168182], [134.14511383, 35.46157577], [134.14514847, 35.46152995], [134.14516894, 35.4614686], [134.14516933, 35.46145849], [134.14440747, 35.46145849], [134.1444832, 35.46151176]]]}}, {"type": "Feature", "properties": {"MESH2_C": "533411", "grid_code": "53341151", "grid_area": 1048607.3513183594, "grid_perimeter": 4117.53968627259, "area": 641473.6990622086, "perimeter": 6075.045829437528, "connect": 0.37523095600202233, "connect_rev": 0.2295432976381918}, "geometry": {"type": "Polygon", "coordinates": [[[134.14708551, 35.46973613], [134.14691314, 35.46947033], [134.14681242, 35.46939614], [134.14650145, 35.46925955], [134.14621144, 35.46915064], [134.14610078, 35.46915488], [134.14600009, 35.46921114], [134.14627397, 35.46943657], [134.14632123, 35.46949833], [134.14633351, 35.46955041], [134.14631364, 35.46959695], [134.14625083, 35.46964175], [134.14606974, 35.46970395], [134.14591659, 35.46974016], [134.1455468, 35.46976827], [134.14528341, 35.46974777], [134.14469819, 35.46958164], [134.14450878, 35.46947998], [134.14406913, 35.4694691], [134.14370628, 35.4694117], [134.14362622, 35.46938805], [134.14355064, 35.46933306], [134.14343446, 35.46917038], [134.14335037, 35.46909804], [134.1432305, 35.469039], [134.14293032, 35.46895391], [134.14282069, 35.46890903], [134.14261462, 35.46877521], [134.14258314, 35.46874372], [134.14257012, 35.46871117], [134.14258452, 35.46868027], [134.14263517, 35.46866026], [134.14283079, 35.46866814], [134.14294614, 35.46868402], [134.14318622, 35.46873817], [134.14345369, 35.46881576], [134.14371417, 35.46885372], [134.14406364, 35.46899547], [134.14435127, 35.46907087], [134.14448211, 35.46910443], [134.14459857, 35.46911921], [134.14479319, 35.46911867], [134.14499169, 35.46909223], [134.14511523, 35.46905674], [134.14535178, 35.46896453], [134.14560188, 35.4688286], [134.14567288, 35.46876999], [134.14575921, 35.46865066], [134.14591798, 35.46829755], [134.14592023, 35.46813499], [134.14597295, 35.46798216], [134.14592641, 35.4678338], [134.14572619, 35.46749413], [134.14568422, 35.46745168], [134.14563019, 35.46742906], [134.14556582, 35.46743109], [134.14549848, 35.46745025], [134.14529117, 35.46753587], [134.14506322, 35.46764748], [134.14484634, 35.467696], [134.1451119, 35.46735934], [134.14522226, 35.46717871], [134.14525014, 35.46710082], [134.1452694, 35.4669518], [134.1452507, 35.46683916], [134.14519001, 35.46672761], [134.14505089, 35.4665664], [134.1449896, 35.46647784], [134.14491618, 35.4663983], [134.14453428, 35.46612231], [134.14434291, 35.46602001], [134.14408473, 35.4659281], [134.14391169, 35.46590488], [134.14373859, 35.46592359], [134.14343816, 35.46600748], [134.14327041, 35.46611009], [134.14311512, 35.46621754], [134.14303466, 35.46633343], [134.14298648, 35.46636795], [134.14291148, 35.46639456], [134.14274763, 35.46642276], [134.14270866, 35.46631593], [134.14271983, 35.46621724], [134.14284625, 35.46604234], [134.14297471, 35.46594738], [134.14331607, 35.46567129], [134.14338129, 35.46558804], [134.14339163, 35.46553644], [134.14336988, 35.46547163], [134.14325262, 35.46533855], [134.14318688, 35.46529526], [134.14310875, 35.4652789], [134.14300393, 35.46528953], [134.14285227, 35.46533005], [134.14272787, 35.46540623], [134.14264212, 35.4654977], [134.14258539, 35.46557902], [134.14225829, 35.46589331], [134.14191851, 35.46614369], [134.14176436, 35.46621329], [134.14125106, 35.46637065], [134.14120023, 35.46629409], [134.14118006, 35.46619857], [134.14120362, 35.46608379], [134.14126003, 35.46597957], [134.14134081, 35.46590347], [134.14157534, 35.46574836], [134.14169421, 35.46568693], [134.14191896, 35.46560826], [134.14212408, 35.46544999], [134.14219069, 35.46536565], [134.14225347, 35.46524557], [134.14238225, 35.46488492], [134.14255332, 35.46484914], [134.1427309, 35.46479155], [134.14288118, 35.46471607], [134.14298723, 35.46466121], [134.14334549, 35.46454386], [134.1435882, 35.46449849], [134.14377252, 35.46442551], [134.14368878, 35.46417222], [134.14367149, 35.46415167], [134.14359691, 35.46391624], [134.14347353, 35.46383217], [134.14337307, 35.4637454], [134.14307054, 35.46353908], [134.14246626, 35.46318431], [134.14240637, 35.46334467], [134.14224644, 35.4636119], [134.1422296, 35.46367533], [134.14224649, 35.4637272], [134.14228544, 35.46377372], [134.14249646, 35.46390594], [134.14246938, 35.46396389], [134.14247415, 35.46401816], [134.14248816, 35.464059], [134.14252876, 35.46412301], [134.1427239, 35.46436959], [134.14215712, 35.4646723], [134.14202456, 35.46448447], [134.14194262, 35.46438951], [134.14184824, 35.46432741], [134.14173312, 35.46431322], [134.14163358, 35.46433928], [134.14152629, 35.46439172], [134.14127601, 35.46457249], [134.14084934, 35.46480524], [134.14071892, 35.46485447], [134.14061645, 35.46485258], [134.14057906, 35.46483339], [134.1405545, 35.46480191], [134.14056002, 35.46473709], [134.14060701, 35.46467766], [134.140777, 35.46454723], [134.1408484, 35.46446431], [134.14088765, 35.46436815], [134.14086868, 35.46429026], [134.14082482, 35.46425408], [134.14074321, 35.46423156], [134.14024602, 35.46425294], [134.14012924, 35.46423063], [134.14003646, 35.46418918], [134.14009372, 35.46405116], [134.14018997, 35.46391569], [134.14028828, 35.46385884], [134.14054222, 35.463799], [134.14064303, 35.46374603], [134.14092928, 35.4634528], [134.14122398, 35.46318442], [134.14146199, 35.46299153], [134.14152725, 35.46290738], [134.14157993, 35.46279952], [134.14152069, 35.46276952], [134.14144048, 35.46274975], [134.14107921, 35.46270703], [134.14079562, 35.46268966], [134.14073872, 35.46270502], [134.14068812, 35.46274882], [134.14057152, 35.46292246], [134.14053803, 35.46301092], [134.14050525, 35.46304078], [134.14041757, 35.46305163], [134.14014551, 35.46301364], [134.14020097, 35.46281044], [134.14023041, 35.46263423], [134.14010795, 35.462649], [134.13998539, 35.46264847], [134.13963804, 35.4625969], [134.13932271, 35.46256666], [134.13886872, 35.46258774], [134.13859165, 35.4626332], [134.13853503, 35.46263379], [134.13832892, 35.46259021], [134.13765895, 35.46253142], [134.13711647, 35.46239], [134.13691047, 35.46232348], [134.13629063, 35.46219682], [134.13610048, 35.46213236], [134.13609488, 35.46249517], [134.13607877, 35.46259605], [134.13604878, 35.46266348], [134.13599923, 35.46272121], [134.13593119, 35.46276561], [134.13562724, 35.46288566], [134.13551277, 35.46291662], [134.13537571, 35.46292602], [134.13517174, 35.46247753], [134.13510077, 35.46250358], [134.13501515, 35.46250317], [134.13496591, 35.46248092], [134.13493235, 35.46243624], [134.1349071, 35.46220251], [134.13493114, 35.46194463], [134.13492083, 35.46179924], [134.13476545, 35.46179679], [134.13476518, 35.46979053], [134.1471218, 35.46979082], [134.14708551, 35.46973613]]]}}, {"type": "Feature", "properties": {"MESH2_C": "533411", "grid_code": "53341151", "grid_area": 1048607.3513183594, "grid_perimeter": 4117.53968627259, "area": 33257.028222459936, "perimeter": 969.5572267920536, "connect": 0.37523095600202233, "connect_rev": 0.011900609392076643}, "geometry": {"type": "Polygon", "coordinates": [[[134.13976981, 35.46149056], [134.1398167, 35.46164545], [134.13978218, 35.46183752], [134.13972207, 35.46195318], [134.14047101, 35.46214048], [134.14071487, 35.46217876], [134.14094546, 35.4621894], [134.14116991, 35.46221046], [134.14168265, 35.46223845], [134.14177914, 35.46226783], [134.14187865, 35.46232869], [134.14218424, 35.46250178], [134.14273484, 35.46270107], [134.14315362, 35.46289122], [134.14328873, 35.46291112], [134.14358899, 35.46289323], [134.14358966, 35.46282991], [134.14359097, 35.462773], [134.14361681, 35.46276887], [134.14364109, 35.46275551], [134.1436726, 35.46271278], [134.14368363, 35.46265837], [134.14367929, 35.46255236], [134.14367059, 35.46246633], [134.14363626, 35.46238523], [134.14355238, 35.46229202], [134.14330841, 35.46210186], [134.14306766, 35.46185515], [134.14296663, 35.46171861], [134.14314331, 35.4616237], [134.14339523, 35.46149033], [134.14340233, 35.46145849], [134.13975131, 35.46145843], [134.13976981, 35.46149056]]]}}, {"type": "Feature", "properties": {"MESH2_C": "533411", "grid_code": "53341150", "grid_area": 1048608.393276099, "grid_perimeter": 4117.541731993233, "area": 972348.8144847776, "perimeter": 4446.186376393531, "connect": 0.8598400002998474, "connect_rev": 0.7973085188895787}, "geometry": {"type": "Polygon", "coordinates": [[[134.12229736, 35.46258325], [134.12229736, 35.46268316], [134.12229735, 35.46278057], [134.12229735, 35.46288298], [134.12229735, 35.46298289], [134.12229734, 35.4630828], [134.12229734, 35.46318271], [134.12229734, 35.46328262], [134.12229733, 35.46338253], [134.12229733, 35.46348244], [134.12229732, 35.46358235], [134.12229732, 35.46368226], [134.12229732, 35.46378217], [134.12229732, 35.463797], [134.12229731, 35.46388208], [134.12229731, 35.46398199], [134.12229731, 35.4640819], [134.1222973, 35.46418181], [134.1222973, 35.46427282], [134.1222973, 35.46428172], [134.12229729, 35.46438163], [134.12229729, 35.46448154], [134.12229729, 35.46458145], [134.12229728, 35.46468136], [134.12229728, 35.46478127], [134.12229728, 35.46488118], [134.12229727, 35.46492205], [134.12229727, 35.46498109], [134.12229727, 35.465081], [134.12229726, 35.46518091], [134.12229726, 35.46523134], [134.12229726, 35.46528082], [134.12229726, 35.46538073], [134.12229725, 35.46548064], [134.12229725, 35.46558055], [134.12229725, 35.46568046], [134.12229725, 35.46570737], [134.12229724, 35.46578037], [134.12229724, 35.46588028], [134.12229723, 35.46598019], [134.12229723, 35.4660801], [134.12229723, 35.46618393], [134.12229722, 35.46627992], [134.12229722, 35.46637983], [134.12229722, 35.46647974], [134.12229721, 35.4665215], [134.12229721, 35.46657965], [134.12229721, 35.46667956], [134.12229721, 35.46677947], [134.1222972, 35.46687938], [134.1222972, 35.46697929], [134.1222972, 35.46702824], [134.12229719, 35.4670792], [134.12229719, 35.46717911], [134.12229719, 35.46727902], [134.12229718, 35.46737893], [134.12229718, 35.46747884], [134.12229718, 35.46757875], [134.12229717, 35.46761942], [134.12229717, 35.46767866], [134.12229717, 35.46777857], [134.12229717, 35.46782432], [134.12229716, 35.46787848], [134.12229716, 35.46797839], [134.12229716, 35.4680783], [134.12229715, 35.46817821], [134.12229715, 35.46827812], [134.12229715, 35.46837803], [134.12229714, 35.46847794], [134.12229714, 35.46857785], [134.12229713, 35.46867776], [134.12229713, 35.46877767], [134.12229713, 35.46887757], [134.12229712, 35.46897748], [134.12229712, 35.46907739], [134.12229712, 35.4691773], [134.12229711, 35.46927721], [134.12229711, 35.46937712], [134.1222971, 35.46947703], [134.1222971, 35.46957694], [134.1222971, 35.46961683], [134.1222971, 35.46967685], [134.12229709, 35.46977676], [134.12229709, 35.46979025], [134.13476518, 35.46979053], [134.13476545, 35.46179679], [134.13470952, 35.46179591], [134.13451677, 35.46183349], [134.1345317, 35.46200342], [134.13458487, 35.46213957], [134.13437602, 35.46210354], [134.13407523, 35.46209375], [134.13396983, 35.46204635], [134.13384068, 35.46200753], [134.13360267, 35.46204095], [134.13326661, 35.46206948], [134.13308795, 35.46211443], [134.13288987, 35.4622367], [134.13277828, 35.46227532], [134.13249732, 35.46230514], [134.13221468, 35.46231594], [134.13179675, 35.46237514], [134.13161247, 35.46232094], [134.13142386, 35.4622804], [134.13122971, 35.46226549], [134.13098098, 35.46227216], [134.13087898, 35.46225547], [134.13078242, 35.46221969], [134.12989284, 35.4624113], [134.1297, 35.46277673], [134.12963645, 35.46300595], [134.12957525, 35.46308591], [134.12947234, 35.46314236], [134.12937215, 35.4631682], [134.12913562, 35.46320312], [134.12909055, 35.46309669], [134.12907945, 35.46301733], [134.12909533, 35.46295081], [134.12916291, 35.46281214], [134.1291709, 35.46276125], [134.12914582, 35.46269963], [134.12908505, 35.46265115], [134.12899391, 35.46261316], [134.12892836, 35.46260322], [134.12848802, 35.46260903], [134.12834474, 35.46263985], [134.1282554, 35.46270812], [134.12811327, 35.46283441], [134.12796825, 35.46307941], [134.12786475, 35.46319439], [134.12776632, 35.46313925], [134.12765699, 35.46310235], [134.12766745, 35.463001], [134.12778275, 35.46274734], [134.12779294, 35.46260404], [134.12776288, 35.46234236], [134.12777861, 35.46225681], [134.12781907, 35.46215853], [134.12761296, 35.46207334], [134.12702847, 35.46173966], [134.12681932, 35.46166555], [134.12661161, 35.46170381], [134.12620271, 35.46179778], [134.12611199, 35.46179246], [134.12602972, 35.46177099], [134.1259601, 35.4617323], [134.1259142, 35.46168899], [134.12585232, 35.46160099], [134.12577873, 35.46145809], [134.12425004, 35.46145801], [134.1242351, 35.46146522], [134.12406892, 35.46151152], [134.12385746, 35.46152386], [134.12357457, 35.46150748], [134.12347251, 35.46148657], [134.12339996, 35.46145796], [134.1222974, 35.46145788], [134.1222974, 35.46148424], [134.1222974, 35.46158415], [134.1222974, 35.46161437], [134.1222974, 35.46168406], [134.12229739, 35.46178397], [134.12229739, 35.46188388], [134.12229738, 35.46198379], [134.12229738, 35.4620837], [134.12229738, 35.46218043], [134.12229737, 35.46228352], [134.12229737, 35.46238343], [134.12229737, 35.46248334], [134.12229736, 35.46250703], [134.12229736, 35.46258325]]]}}, {"type": "Feature", "properties": {"MESH2_C": "533411", "grid_code": "53341150", "grid_area": 1048608.393276099, "grid_perimeter": 4117.541731993233, "area": 523.7136360539298, "perimeter": 145.65915364364827, "connect": 0.8598400002998474, "connect_rev": 0.000429435751105111}, "geometry": {"type": "Polygon", "coordinates": [[[134.12947548, 35.46152114], [134.1295179, 35.4615707], [134.12959, 35.46158559], [134.1302068, 35.46145821], [134.1294642, 35.4614582], [134.12947548, 35.46152114]]]}}, {"type": "Feature", "properties": {"MESH2_C": "533411", "grid_code": "53341140", "grid_area": 1048715.108663451, "grid_perimeter": 4117.773198439986, "area": 3208.0830425207023, "perimeter": 273.93523908452687, "connect": 0.6541493992624465, "connect_rev": 0.002001082636945609}, "geometry": {"type": "Polygon", "coordinates": [[[134.12337801, 35.4614493], [134.1228087, 35.46113364], [134.12263575, 35.46103602], [134.12229742, 35.46093862], [134.12229742, 35.4609847], [134.12229742, 35.46108461], [134.12229741, 35.46118452], [134.12229741, 35.46128442], [134.12229741, 35.46138433], [134.1222974, 35.46145788], [134.12339996, 35.46145796], [134.12337801, 35.4614493]]]}}, {"type": "Feature", "properties": {"MESH2_C": "533411", "grid_code": "53341140", "grid_area": 1048715.108663451, "grid_perimeter": 4117.773198439986, "area": 11821.14648334276, "perimeter": 694.0884634311159, "connect": 0.6541493992624465, "connect_rev": 0.007373590603197483}, "geometry": {"type": "Polygon", "coordinates": [[[134.1257494, 35.46140112], [134.12568496, 35.4612061], [134.12567506, 35.46116356], [134.12573381, 35.46108041], [134.12580577, 35.46092836], [134.12579971, 35.46086829], [134.12575686, 35.46082229], [134.12562218, 35.46073798], [134.12543386, 35.46058553], [134.12519677, 35.46038276], [134.12505615, 35.46022919], [134.12498727, 35.46019364], [134.12483263, 35.46014749], [134.12462503, 35.46004264], [134.1245497, 35.45994222], [134.12449067, 35.45976827], [134.12444802, 35.45971778], [134.12438355, 35.45971675], [134.12433278, 35.45975313], [134.12424881, 35.45987849], [134.12420695, 35.45998458], [134.12430102, 35.46007234], [134.12443601, 35.46021197], [134.12449822, 35.46028205], [134.12484364, 35.46043636], [134.12500178, 35.4605423], [134.12512011, 35.46067744], [134.125151, 35.46073932], [134.12517031, 35.46082206], [134.12516239, 35.46091366], [134.12512738, 35.46094726], [134.12508789, 35.46096408], [134.12458791, 35.46100408], [134.12449778, 35.46102692], [134.12444611, 35.46108408], [134.12440512, 35.46124788], [134.1244073, 35.46138214], [134.12425004, 35.46145801], [134.12577873, 35.46145809], [134.1257494, 35.46140112]]]}}, {"type": "Feature", "properties": {"MESH2_C": "533411", "grid_code": "53341140", "grid_area": 1048715.108663451, "grid_perimeter": 4117.773198439986, "area": 19275.9522583067, "perimeter": 568.6269705522459, "connect": 0.6541493992624465, "connect_rev": 0.012023620605650553}, "geometry": {"type": "Polygon", "coordinates": [[[134.12354878, 35.45889258], [134.12330703, 35.45880176], [134.12309833, 35.45869055], [134.122901, 35.45862158], [134.1228056, 35.45868637], [134.12261426, 35.45876218], [134.12236789, 35.45890953], [134.12229751, 35.45893923], [134.1222975, 35.4589865], [134.1222975, 35.45908641], [134.1222975, 35.45918632], [134.12229749, 35.45928623], [134.12229749, 35.45938614], [134.12229748, 35.45948605], [134.12229748, 35.45958596], [134.12229748, 35.45968587], [134.12229747, 35.45978578], [134.12229747, 35.45986714], [134.12237605, 35.45989973], [134.12243901, 35.45994431], [134.12275485, 35.46025309], [134.12288051, 35.46031671], [134.12300643, 35.46034964], [134.12309078, 35.46035047], [134.12318882, 35.46033168], [134.1233743, 35.46027962], [134.12366687, 35.46015933], [134.12387871, 35.46012569], [134.12400664, 35.46009138], [134.12390495, 35.45998271], [134.12371564, 35.45982728], [134.12357869, 35.45964116], [134.12350726, 35.45949168], [134.12348747, 35.45936748], [134.12349736, 35.45923899], [134.12352769, 35.45913328], [134.12360571, 35.45901172], [134.12361161, 35.45896181], [134.12359576, 35.45892805], [134.12354878, 35.45889258]]]}}, {"type": "Feature", "properties": {"MESH2_C": "533411", "grid_code": "53341140", "grid_area": 1048715.108663451, "grid_perimeter": 4117.773198439986, "area": 847888.0386785325, "perimeter": 4408.759924267804, "connect": 0.6541493992624465, "connect_rev": 0.5288809578134632}, "geometry": {"type": "Polygon", "coordinates": [[[134.12229774, 35.45319174], [134.12229774, 35.45329165], [134.12229773, 35.45339156], [134.12229773, 35.45341483], [134.12239088, 35.45340261], [134.12247801, 35.4534895], [134.12253721, 35.45357217], [134.122555, 35.45362392], [134.12255334, 35.45372867], [134.12259138, 35.45379547], [134.12250917, 35.45382564], [134.12245629, 35.45383143], [134.12239021, 35.45383095], [134.12229771, 35.45382434], [134.12229771, 35.45389111], [134.12229771, 35.45399102], [134.1222977, 35.45409093], [134.1222977, 35.45419084], [134.1222977, 35.45429075], [134.12229769, 35.45433611], [134.12229769, 35.45439066], [134.12229769, 35.45449057], [134.12229768, 35.45459048], [134.12229768, 35.45469039], [134.12229768, 35.45476031], [134.12229768, 35.4547903], [134.12229767, 35.45489021], [134.12229767, 35.45499012], [134.12229766, 35.45509003], [134.12229766, 35.45511513], [134.12229766, 35.45518994], [134.12229765, 35.45528985], [134.12229765, 35.45538976], [134.12229765, 35.45540274], [134.12229765, 35.45548967], [134.12229764, 35.45558958], [134.12229764, 35.45568949], [134.12229763, 35.4557894], [134.12229763, 35.4558893], [134.12229763, 35.45598921], [134.12229762, 35.45608912], [134.12229762, 35.45610685], [134.12238348, 35.45615595], [134.12247092, 35.45622404], [134.12259904, 35.45635576], [134.12269761, 35.45651042], [134.12308491, 35.45682524], [134.12323391, 35.45700708], [134.12333889, 35.45709283], [134.12336401, 35.45717106], [134.12353475, 35.45744747], [134.123539, 35.45751282], [134.12348892, 35.45768523], [134.12349625, 35.45776902], [134.12375256, 35.45847796], [134.12382878, 35.45852143], [134.12423952, 35.45862391], [134.12453353, 35.45877186], [134.12462296, 35.45877508], [134.12475035, 35.4587425], [134.12485582, 35.45875762], [134.12497412, 35.45883596], [134.12517319, 35.45903095], [134.1252844, 35.45909709], [134.12538987, 35.45914468], [134.12546803, 35.45921238], [134.12554057, 35.45939091], [134.12557641, 35.45945541], [134.12580797, 35.4592772], [134.12598279, 35.45919981], [134.12619891, 35.45906225], [134.12650818, 35.45890343], [134.12664489, 35.45878415], [134.12667203, 35.45873421], [134.12669904, 35.45867749], [134.12674751, 35.45860597], [134.12680849, 35.45846277], [134.12686175, 35.45840963], [134.12690436, 35.45839391], [134.12695207, 35.45839427], [134.1271111, 35.45844434], [134.12703204, 35.45874077], [134.12697612, 35.45888171], [134.12691414, 35.45899141], [134.12675351, 35.45918428], [134.12672801, 35.45924668], [134.12673036, 35.4592979], [134.12677636, 35.45944219], [134.12694096, 35.45986362], [134.12695996, 35.46006951], [134.12693772, 35.46016823], [134.12691941, 35.46023614], [134.12690145, 35.46051077], [134.12691659, 35.46059303], [134.12694244, 35.4606616], [134.12695442, 35.46084793], [134.12698278, 35.46099256], [134.12696322, 35.4610719], [134.12717366, 35.4611123], [134.12744286, 35.46114005], [134.12764597, 35.46113301], [134.12810031, 35.46115683], [134.12818084, 35.46117318], [134.12835064, 35.46123787], [134.12841021, 35.46124425], [134.12844982, 35.46122188], [134.12856139, 35.46108608], [134.1286121, 35.46098282], [134.12906694, 35.46099814], [134.12929565, 35.46094922], [134.12937287, 35.46095474], [134.12941143, 35.46098758], [134.12942524, 35.4610248], [134.12944964, 35.46137698], [134.1294642, 35.4614582], [134.1302068, 35.46145821], [134.13036703, 35.46142512], [134.13070207, 35.46140302], [134.13112363, 35.46135545], [134.13127477, 35.46131672], [134.13173623, 35.46113787], [134.13184461, 35.46109762], [134.13192993, 35.46108807], [134.13307716, 35.46108728], [134.13381894, 35.46106426], [134.13384103, 35.46104733], [134.13384687, 35.46102429], [134.13381227, 35.46084712], [134.13382049, 35.46080926], [134.13410209, 35.46059428], [134.13414308, 35.46056651], [134.13420276, 35.4605407], [134.13428777, 35.46052906], [134.13437532, 35.46053514], [134.13446792, 35.46056349], [134.13471716, 35.46068968], [134.13476549, 35.46072002], [134.13476574, 35.45312579], [134.12658239, 35.45312575], [134.12655727, 35.45316312], [134.12632699, 35.45357582], [134.12615853, 35.45408248], [134.12611957, 35.4543022], [134.12606084, 35.45435633], [134.12588486, 35.45439266], [134.12581111, 35.45442], [134.12561567, 35.45442396], [134.12516506, 35.45443783], [134.12479874, 35.45442047], [134.12472262, 35.45440118], [134.12468467, 35.45436311], [134.12467048, 35.4543126], [134.12468942, 35.45415269], [134.12467366, 35.45400569], [134.12468179, 35.45373427], [134.1246662, 35.45365279], [134.12455574, 35.45350102], [134.12431826, 35.45327914], [134.12426867, 35.45319991], [134.12426981, 35.45314559], [134.12428488, 35.45312564], [134.12229774, 35.45312551], [134.12229774, 35.45319174]]]}}, {"type": "Feature", "properties": {"MESH2_C": "533411", "grid_code": "53341130", "grid_area": 1048821.8016700447, "grid_perimeter": 4118.004617045897, "area": 994796.6976456031, "perimeter": 4529.4618500132165, "connect": 0.8996327501207518, "connect_rev": 0.8532924158221344}, "geometry": {"type": "Polygon", "coordinates": [[[134.13470886, 35.44689466], [134.134498, 35.44660315], [134.13447918, 35.446553], [134.13448101, 35.44651575], [134.13456318, 35.44639712], [134.13457507, 35.44634806], [134.13454824, 35.4462871], [134.13451118, 35.44622313], [134.13444112, 35.44615575], [134.13415956, 35.44588711], [134.13399507, 35.44579067], [134.13375004, 35.44571343], [134.13360911, 35.44564163], [134.13339481, 35.44548396], [134.13320247, 35.44529056], [134.13301013, 35.44512896], [134.13288816, 35.44500873], [134.13279557, 35.44495125], [134.13271672, 35.44493014], [134.13243688, 35.44491267], [134.13232512, 35.44479346], [134.12229808, 35.44479314], [134.12229808, 35.44479941], [134.12229808, 35.44489932], [134.12229807, 35.44497057], [134.12229807, 35.44499923], [134.12229807, 35.44509914], [134.12229807, 35.44519904], [134.12229806, 35.44529895], [134.12229806, 35.44539886], [134.12229805, 35.44549877], [134.12229805, 35.44557366], [134.12229805, 35.44559868], [134.12229804, 35.44569859], [134.12229804, 35.4457985], [134.12229804, 35.4458984], [134.12229803, 35.44599831], [134.12229803, 35.44609822], [134.12229803, 35.44611052], [134.12229803, 35.44611903], [134.12229802, 35.44619813], [134.12229802, 35.44629804], [134.12229802, 35.44639795], [134.12229801, 35.44649786], [134.12229801, 35.44659777], [134.122298, 35.44669768], [134.122298, 35.44679758], [134.122298, 35.44689749], [134.12229799, 35.4469974], [134.12229799, 35.44709731], [134.12229798, 35.44719722], [134.12229798, 35.44729713], [134.12229798, 35.44739704], [134.12229797, 35.44749695], [134.12229797, 35.44759685], [134.12229796, 35.44769676], [134.12229796, 35.44779667], [134.12229796, 35.44782222], [134.12229796, 35.44789658], [134.12229795, 35.44799649], [134.12229795, 35.4480964], [134.12229794, 35.44819631], [134.12229794, 35.44829622], [134.12229794, 35.44839612], [134.12229793, 35.44849603], [134.12229793, 35.44859594], [134.12229793, 35.44861394], [134.12229792, 35.44869585], [134.12229792, 35.44879576], [134.12229791, 35.44889567], [134.12229791, 35.44899558], [134.12229791, 35.44909549], [134.1222979, 35.44919539], [134.1222979, 35.4492953], [134.12229789, 35.44939521], [134.12229789, 35.44949512], [134.12229789, 35.44959503], [134.12229788, 35.44969494], [134.12229788, 35.44979485], [134.12229787, 35.44989476], [134.12229787, 35.44999466], [134.12229787, 35.45009457], [134.12229786, 35.45019448], [134.12229786, 35.45029439], [134.12229785, 35.4503943], [134.12229785, 35.45049421], [134.12229785, 35.45051355], [134.12229785, 35.45059412], [134.12229784, 35.45069403], [134.12229784, 35.45079393], [134.12229783, 35.45086136], [134.12229783, 35.45089384], [134.12229783, 35.45099375], [134.12229783, 35.45109366], [134.12229782, 35.45119357], [134.12229782, 35.45129348], [134.12229781, 35.45139339], [134.12229781, 35.4514933], [134.12229781, 35.4515932], [134.1222978, 35.45169311], [134.1222978, 35.45179302], [134.12229779, 35.45189293], [134.12229779, 35.45199284], [134.12229779, 35.45201012], [134.12229778, 35.45209275], [134.12229778, 35.45219266], [134.12229778, 35.45229256], [134.12229777, 35.45239247], [134.12229777, 35.45249238], [134.12229776, 35.45259229], [134.12229776, 35.4526922], [134.12229776, 35.45279211], [134.12229775, 35.45289202], [134.12229775, 35.45299193], [134.12229774, 35.45309184], [134.12229774, 35.45312551], [134.12428488, 35.45312564], [134.12430571, 35.45309807], [134.12436847, 35.45306562], [134.12443075, 35.45304059], [134.12448398, 35.45300842], [134.12471884, 35.45278804], [134.1247878, 35.45269604], [134.12489313, 35.45248581], [134.12499234, 35.45237833], [134.12507693, 35.45233589], [134.12549318, 35.45225163], [134.12558219, 35.4522182], [134.12566556, 35.45217147], [134.12586229, 35.45201935], [134.12594465, 35.45193212], [134.12598306, 35.45182328], [134.12601879, 35.45162548], [134.12599057, 35.45144923], [134.12591104, 35.45127419], [134.12587316, 35.45103949], [134.12588318, 35.45091625], [134.12587799, 35.45050031], [134.12589154, 35.45043204], [134.12592758, 35.45036867], [134.12624621, 35.45044332], [134.12634378, 35.45051771], [134.12640229, 35.4506001], [134.12651027, 35.45090966], [134.12668441, 35.45125491], [134.12672831, 35.45141303], [134.12678457, 35.45153829], [134.12685144, 35.45201971], [134.12693444, 35.45233841], [134.12691516, 35.45241721], [134.12675272, 35.45275279], [134.1266757, 35.45298689], [134.12658239, 35.45312575], [134.13476574, 35.45312579], [134.13476595, 35.4469665], [134.13470886, 35.44689466]]]}}, {"type": "Feature", "properties": {"MESH2_C": "533411", "grid_code": "53341120", "grid_area": 1048928.4723041058, "grid_perimeter": 4118.235987824739, "area": 408416.2261832791, "perimeter": 3977.7262017842154, "connect": 0.19942651086121632, "connect_rev": 0.07764973982251}, "geometry": {"type": "Polygon", "coordinates": [[[134.13221487, 35.44467589], [134.13194103, 35.4443905], [134.13177273, 35.44427222], [134.13167413, 35.4442201], [134.13157709, 35.44421542], [134.13146375, 35.44424073], [134.13103043, 35.44441438], [134.13096332, 35.44441159], [134.13093777, 35.44437869], [134.13093778, 35.4443228], [134.13096228, 35.44425372], [134.13105205, 35.44406682], [134.13110073, 35.44399589], [134.1311829, 35.44392687], [134.13140123, 35.4438303], [134.13157196, 35.44371746], [134.13184662, 35.44343697], [134.1319353, 35.44331761], [134.1319534, 35.44316039], [134.13202517, 35.44277997], [134.13200988, 35.44271488], [134.13196554, 35.44266313], [134.13192712, 35.44265039], [134.13174052, 35.4426539], [134.13139813, 35.44262038], [134.1313765, 35.44260281], [134.13136841, 35.4425797], [134.13138125, 35.44247422], [134.13140365, 35.44240766], [134.13126248, 35.44236337], [134.13108922, 35.44228819], [134.13103396, 35.4422402], [134.13092605, 35.44210232], [134.13079068, 35.44202794], [134.13068286, 35.44202705], [134.13048758, 35.4420264], [134.13039298, 35.44205201], [134.13022703, 35.44216487], [134.1300711, 35.44232094], [134.12987055, 35.44242622], [134.1296833, 35.44248336], [134.12945996, 35.44250882], [134.12914211, 35.44251117], [134.12873603, 35.44252356], [134.12854559, 35.44244649], [134.12857515, 35.44234575], [134.12868821, 35.44224221], [134.12898496, 35.44205452], [134.12903707, 35.44202964], [134.12952667, 35.44179322], [134.12970607, 35.44172627], [134.12973863, 35.44169549], [134.12974955, 35.4416666], [134.12971572, 35.44159478], [134.12962166, 35.44148193], [134.12944833, 35.4413253], [134.12929074, 35.44121072], [134.1288871, 35.44097709], [134.12872294, 35.4409034], [134.1285001, 35.44079891], [134.12828202, 35.44069139], [134.12822172, 35.44090335], [134.12797241, 35.44130929], [134.12788956, 35.44149983], [134.12782041, 35.44155217], [134.12777128, 35.44155988], [134.12771323, 35.4415488], [134.12751068, 35.44145883], [134.12740124, 35.44137309], [134.12732727, 35.44123716], [134.12725134, 35.44099965], [134.12724431, 35.44093581], [134.12726032, 35.44085685], [134.12741299, 35.44045922], [134.12718836, 35.44042163], [134.1269547, 35.44035339], [134.12686829, 35.44031248], [134.12651253, 35.44017791], [134.12646044, 35.44017315], [134.12631214, 35.44013982], [134.12622892, 35.44013626], [134.12616528, 35.44014988], [134.12592506, 35.44024269], [134.12581288, 35.44025687], [134.1257187, 35.44023365], [134.12546177, 35.44013318], [134.12552207, 35.44002106], [134.12552702, 35.43997285], [134.12551427, 35.43993846], [134.12543829, 35.43987537], [134.12528531, 35.43982091], [134.12521805, 35.43978135], [134.12513063, 35.43966113], [134.12502889, 35.43948208], [134.12497294, 35.4394108], [134.12489988, 35.4393495], [134.12469088, 35.43920992], [134.12436047, 35.43905987], [134.12427486, 35.43899237], [134.12421634, 35.43892242], [134.12412844, 35.43881924], [134.12405914, 35.43875745], [134.12369069, 35.43853944], [134.12362586, 35.43845813], [134.12354278, 35.43830868], [134.12341026, 35.43805729], [134.12337229, 35.43801411], [134.12331868, 35.43798549], [134.12323739, 35.43797417], [134.1230358, 35.4380053], [134.12293262, 35.43800113], [134.12283611, 35.43797986], [134.12264196, 35.43790835], [134.12229834, 35.43784499], [134.12229834, 35.43790574], [134.12229833, 35.43800564], [134.12229833, 35.43810555], [134.12229833, 35.43820375], [134.12229832, 35.43830537], [134.12229832, 35.43840528], [134.12229831, 35.43850519], [134.12229831, 35.4385924], [134.12229831, 35.4386051], [134.12229831, 35.438705], [134.1222983, 35.43880491], [134.1222983, 35.43890482], [134.1222983, 35.43900473], [134.12229829, 35.43910464], [134.12229829, 35.43920454], [134.12229828, 35.43930445], [134.12229828, 35.43940436], [134.12229828, 35.43950427], [134.12229828, 35.43951639], [134.12229827, 35.43960418], [134.12229827, 35.43970409], [134.12229827, 35.43980399], [134.12229826, 35.4399039], [134.12229826, 35.44000381], [134.12229826, 35.44010372], [134.12229825, 35.44020363], [134.12229825, 35.44030354], [134.12229824, 35.44040344], [134.12229824, 35.44050335], [134.12229824, 35.44060326], [134.12229823, 35.44070317], [134.12229823, 35.44076744], [134.12229823, 35.44080308], [134.12229823, 35.44090299], [134.12229822, 35.44100289], [134.12229822, 35.4411028], [134.12229821, 35.44118876], [134.12229821, 35.44120271], [134.12229821, 35.44130262], [134.12229821, 35.44140253], [134.1222982, 35.44150244], [134.1222982, 35.44160234], [134.1222982, 35.44170225], [134.12229819, 35.44180216], [134.12229819, 35.44190207], [134.12229818, 35.44200198], [134.12229818, 35.44210189], [134.12229818, 35.44220179], [134.12229817, 35.4423017], [134.12229817, 35.44240161], [134.12229817, 35.44247885], [134.12229817, 35.44250152], [134.12229816, 35.44260143], [134.12229816, 35.44270134], [134.12229816, 35.44280124], [134.12229815, 35.44290115], [134.12229815, 35.44300106], [134.12229814, 35.44310097], [134.12229814, 35.44320088], [134.12229814, 35.44330079], [134.12229813, 35.44340069], [134.12229813, 35.4435006], [134.12229813, 35.44360051], [134.12229812, 35.44370042], [134.12229812, 35.44380033], [134.12229811, 35.44390024], [134.12229811, 35.44400014], [134.12229811, 35.44410005], [134.1222981, 35.44419996], [134.1222981, 35.44429987], [134.1222981, 35.44440292], [134.12229809, 35.44449968], [134.12229809, 35.44459959], [134.12229808, 35.4446995], [134.12229808, 35.44479314], [134.13232512, 35.44479346], [134.13221487, 35.44467589]], [[134.12669119, 35.44356466], [134.12658798, 35.44360534], [134.12617927, 35.44370505], [134.12558154, 35.44375368], [134.12551797, 35.44375035], [134.12548286, 35.44373572], [134.12546737, 35.44369755], [134.12549647, 35.44366361], [134.12578172, 35.44352639], [134.12625457, 35.44337832], [134.12643454, 35.44330716], [134.12658515, 35.44327689], [134.12706216, 35.44319248], [134.12714412, 35.44319969], [134.12719492, 35.44323614], [134.12717853, 35.44328314], [134.12713475, 35.44332989], [134.12669119, 35.44356466]]]}}, {"type": "Feature", "properties": {"MESH2_C": "533411", "grid_code": "53341120", "grid_area": 1048928.4723041058, "grid_perimeter": 4118.235987824739, "area": 2553.8864401518367, "perimeter": 256.63347422760035, "connect": 0.19942651086121632, "connect_rev": 0.0004855551883118234}, "geometry": {"type": "Polygon", "coordinates": [[[134.13468769, 35.44038659], [134.13459692, 35.440501], [134.13451098, 35.44064123], [134.13446562, 35.44076561], [134.13443994, 35.44093711], [134.13445969, 35.44115134], [134.13443426, 35.44128243], [134.13445672, 35.44134502], [134.13450332, 35.4413653], [134.13457915, 35.4413447], [134.13476615, 35.44121287], [134.13476618, 35.44031499], [134.13468769, 35.44038659]]]}}, {"type": "Feature", "properties": {"MESH2_C": "533411", "grid_code": "53341131", "grid_area": 1048820.7590709478, "grid_perimeter": 4118.002570253332, "area": 770086.3684858523, "perimeter": 8390.253910205556, "connect": 0.5391086838325753, "connect_rev": 0.3958352701938957}, "geometry": {"type": "Polygon", "coordinates": [[[134.13744774, 35.44489793], [134.13749349, 35.44504178], [134.13757055, 35.44516054], [134.1375738, 35.44521567], [134.13758303, 35.4453044], [134.13758161, 35.44549192], [134.13754195, 35.44565134], [134.13752305, 35.44568048], [134.13749505, 35.44569961], [134.13745618, 35.44570454], [134.13718606, 35.44566504], [134.13702741, 35.44565222], [134.13695537, 35.44565591], [134.13701416, 35.4458399], [134.13707282, 35.44618562], [134.13718247, 35.44648142], [134.13736166, 35.44678309], [134.13747728, 35.44693278], [134.13753351, 35.44699424], [134.13743834, 35.44702615], [134.13735931, 35.44704557], [134.13723867, 35.44705374], [134.13705072, 35.4470426], [134.13694636, 35.4470712], [134.13652834, 35.44734703], [134.13648316, 35.44738642], [134.13646663, 35.44742029], [134.1364752, 35.44745522], [134.13652175, 35.44749045], [134.13683058, 35.44759562], [134.1370764, 35.44760258], [134.13716978, 35.4476311], [134.13724918, 35.44769862], [134.13739403, 35.44792779], [134.13741547, 35.44799541], [134.13740875, 35.44804231], [134.13737009, 35.44807451], [134.13729469, 35.44808623], [134.13721152, 35.44807239], [134.1370523, 35.44802966], [134.13695196, 35.44798452], [134.13684474, 35.44791178], [134.13671385, 35.44784643], [134.13624643, 35.44771321], [134.13599538, 35.44763722], [134.13553789, 35.4475333], [134.13529223, 35.44753309], [134.13520291, 35.44750577], [134.13514273, 35.44745902], [134.13506323, 35.44736751], [134.1349534, 35.44720236], [134.13476595, 35.4469665], [134.13476574, 35.45312579], [134.13722387, 35.45312595], [134.13721813, 35.45312126], [134.13717512, 35.4530732], [134.13711418, 35.45302923], [134.13690523, 35.45298898], [134.13679172, 35.4529331], [134.13629127, 35.45258468], [134.13613996, 35.4524713], [134.13608833, 35.45240027], [134.13609218, 35.45231839], [134.13614939, 35.45223165], [134.13631107, 35.45205548], [134.13650159, 35.45188271], [134.13655688, 35.45181286], [134.13659636, 35.45171522], [134.1365965, 35.45166469], [134.13656984, 35.45159072], [134.13645085, 35.45144023], [134.13633848, 35.45124054], [134.1363084, 35.45116188], [134.13630664, 35.45108897], [134.13633069, 35.45102371], [134.13635974, 35.45099465], [134.136475, 35.45094784], [134.13688532, 35.45085115], [134.13720956, 35.45082864], [134.13738033, 35.45084251], [134.13754523, 35.45090021], [134.13775289, 35.45103279], [134.13798712, 35.45097083], [134.13818001, 35.45098599], [134.13836311, 35.45105033], [134.13841513, 35.45105565], [134.13847497, 35.4510786], [134.13880094, 35.45128346], [134.13898145, 35.45138165], [134.13912078, 35.45148927], [134.13924283, 35.4513829], [134.1392653, 35.45133528], [134.13925999, 35.45129791], [134.13921839, 35.45123773], [134.13906112, 35.45107282], [134.13893706, 35.45096662], [134.13892111, 35.45093303], [134.1389258, 35.4508813], [134.13932165, 35.45044168], [134.13938256, 35.45039973], [134.13942517, 35.45039276], [134.13948654, 35.45040261], [134.13988574, 35.45059535], [134.14004406, 35.45069614], [134.14024116, 35.45088536], [134.1404066, 35.45097356], [134.14045642, 35.45102665], [134.14047238, 35.45107781], [134.14046782, 35.45112891], [134.14036389, 35.45140818], [134.14027082, 35.45155004], [134.14002761, 35.45194614], [134.1399582, 35.45200687], [134.13988258, 35.4520288], [134.13981264, 35.45202167], [134.13951057, 35.45193109], [134.13899763, 35.45181178], [134.1389764, 35.45187802], [134.13889565, 35.45199921], [134.13878906, 35.45211478], [134.13873093, 35.45221165], [134.13870543, 35.45247921], [134.1386595, 35.45266694], [134.13855956, 35.45293775], [134.13844366, 35.45312601], [134.14107047, 35.45312609], [134.1410571, 35.45310356], [134.14091027, 35.45280673], [134.14068992, 35.45278357], [134.14050583, 35.45272678], [134.14021904, 35.45258952], [134.14016445, 35.45254037], [134.14013207, 35.45247682], [134.14012149, 35.45239437], [134.14013264, 35.45231115], [134.14016451, 35.45223363], [134.1402121, 35.45217714], [134.14029646, 35.45213468], [134.14045644, 35.45209935], [134.14067789, 35.45201613], [134.14107565, 35.45194863], [134.14115505, 35.45194526], [134.14184502, 35.45198443], [134.14200621, 35.45201756], [134.1420754, 35.45198916], [134.14222431, 35.45189263], [134.14241731, 35.4517322], [134.14249767, 35.45167506], [134.14252897, 35.4516661], [134.14255584, 35.45166951], [134.14272902, 35.45182965], [134.14279716, 35.45190417], [134.14283326, 35.45192306], [134.14286295, 35.451923], [134.14290287, 35.45190182], [134.14321253, 35.45163421], [134.14329787, 35.45159873], [134.1433396, 35.45160427], [134.14338591, 35.45163459], [134.1436193, 35.45190683], [134.14362895, 35.45194343], [134.14360315, 35.45200516], [134.14338054, 35.45220536], [134.14325564, 35.45237984], [134.14315755, 35.45248164], [134.14290546, 35.45293728], [134.14290588, 35.4529764], [134.14292751, 35.45302658], [134.14301989, 35.45312612], [134.14314842, 35.45312612], [134.1432577, 35.45307943], [134.14357743, 35.4528708], [134.14417723, 35.45240489], [134.14426213, 35.45227426], [134.14428062, 35.4521829], [134.14426429, 35.45198237], [134.14414447, 35.45184927], [134.14413853, 35.45181508], [134.14414951, 35.451793], [134.14419274, 35.45175309], [134.14433224, 35.45166817], [134.14449481, 35.45152158], [134.14460003, 35.45144844], [134.14468682, 35.45140368], [134.14475979, 35.45139931], [134.14482066, 35.45143646], [134.1450833, 35.45174278], [134.14511699, 35.45180152], [134.14512444, 35.45186526], [134.14510506, 35.45193019], [134.14504677, 35.45201251], [134.14490677, 35.45213717], [134.14474217, 35.45223873], [134.14469697, 35.45229437], [134.14469085, 35.45235988], [134.14475563, 35.45249865], [134.14476442, 35.45257586], [134.14472689, 35.45273691], [134.14462317, 35.45288979], [134.14461531, 35.45298399], [134.14464959, 35.45306191], [134.14472628, 35.45310352], [134.14484391, 35.45309602], [134.14507823, 35.45303043], [134.14514399, 35.4530236], [134.14523395, 35.4530498], [134.14530262, 35.4531233], [134.14530385, 35.45312611], [134.14726462, 35.45312607], [134.14726491, 35.4447937], [134.13736269, 35.44479358], [134.13744774, 35.44489793]], [[134.13929901, 35.44615344], [134.13922919, 35.44636315], [134.13906168, 35.44665363], [134.13901657, 35.4467986], [134.13903469, 35.44699423], [134.13906579, 35.44709934], [134.13910897, 35.44718723], [134.13915781, 35.44724289], [134.13921079, 35.44727688], [134.13932279, 35.44729491], [134.13964079, 35.44725719], [134.13988894, 35.44725287], [134.1400327, 35.44723192], [134.14025217, 35.44727706], [134.14028662, 35.44731987], [134.140283, 35.44738159], [134.14020807, 35.44748847], [134.14018849, 35.44756843], [134.14020101, 35.44763642], [134.1402682, 35.44778294], [134.14031501, 35.44789434], [134.14039471, 35.44807011], [134.14041729, 35.44812025], [134.14053077, 35.44860363], [134.14062294, 35.44906623], [134.14101444, 35.44906624], [134.14128993, 35.4491459], [134.14136624, 35.44921171], [134.14171461, 35.44974518], [134.14183484, 35.45000786], [134.14183895, 35.45011376], [134.14181111, 35.45019243], [134.14174864, 35.45027209], [134.14155747, 35.45042019], [134.1414454, 35.45047908], [134.14135019, 35.45049632], [134.14112914, 35.45047702], [134.14098912, 35.45048524], [134.14086277, 35.4505215], [134.140653, 35.45063234], [134.14057621, 35.45062703], [134.14050276, 35.45059735], [134.14032834, 35.45048791], [134.14010309, 35.4503759], [134.13955391, 35.45003483], [134.13926358, 35.44981462], [134.13905564, 35.44958103], [134.13876525, 35.44921664], [134.13850987, 35.44885507], [134.13818656, 35.44835773], [134.13796253, 35.44810096], [134.13780538, 35.44794969], [134.13772618, 35.4478105], [134.13765091, 35.44757642], [134.13761848, 35.44737135], [134.13795594, 35.44724296], [134.13805819, 35.44718557], [134.13814818, 35.44711648], [134.13875822, 35.44657921], [134.13882487, 35.4465004], [134.13895566, 35.4462545], [134.13907396, 35.44609058], [134.13916045, 35.4460105], [134.1392511, 35.44596979], [134.13930021, 35.44605902], [134.13929901, 35.44615344]], [[134.14156782, 35.4510003], [134.14163388, 35.45095426], [134.14181386, 35.45076591], [134.14193607, 35.4506887], [134.14218671, 35.45054663], [134.14242648, 35.45046035], [134.14261935, 35.45031475], [134.14281214, 35.45020368], [134.14286534, 35.45019577], [134.14288998, 35.45020313], [134.14301338, 35.45032217], [134.14307012, 35.45040504], [134.14308464, 35.45048513], [134.14306348, 35.45057864], [134.14300666, 35.45066129], [134.14290208, 35.45076673], [134.14278093, 35.45083812], [134.14268399, 35.45091351], [134.14246449, 35.45112892], [134.14236588, 35.45118959], [134.14229005, 35.45123943], [134.14212177, 35.45132519], [134.14190558, 35.45139018], [134.1414598, 35.45137317], [134.1413812, 35.45135227], [134.14133734, 35.45131827], [134.14125843, 35.45110949], [134.14125315, 35.45105515], [134.14126741, 35.45102052], [134.14132467, 35.45099321], [134.14147402, 35.45101939], [134.14156782, 35.4510003]]]}}, {"type": "Feature", "properties": {"MESH2_C": "533411", "grid_code": "53341121", "grid_area": 1048927.4293822274, "grid_perimeter": 4118.233940492097, "area": 993390.0641185691, "perimeter": 4243.138059554507, "connect": 0.8969097375449413, "connect_rev": 0.8494212247010142}, "geometry": {"type": "Polygon", "coordinates": [[[134.13487293, 35.439049], [134.13491975, 35.4389454], [134.13495173, 35.43887937], [134.13503548, 35.4388312], [134.13511557, 35.43883236], [134.13515397, 35.4388531], [134.13517535, 35.4388849], [134.13517954, 35.438951], [134.13513878, 35.43909934], [134.13502933, 35.43936771], [134.13492811, 35.43968253], [134.13485462, 35.43983647], [134.13476619, 35.43992425], [134.13476618, 35.44015977], [134.13480952, 35.44020774], [134.13481212, 35.44025568], [134.13479328, 35.44029027], [134.13476618, 35.44031499], [134.13476615, 35.44121287], [134.13488889, 35.44112635], [134.13501619, 35.44100914], [134.1351012, 35.44102439], [134.13518617, 35.44106198], [134.13524095, 35.44111244], [134.13526533, 35.44117622], [134.13523468, 35.44124862], [134.13500118, 35.44146043], [134.13495936, 35.44152009], [134.13494849, 35.44159997], [134.13501222, 35.44171137], [134.13508965, 35.44178491], [134.1352692, 35.44191956], [134.1353814, 35.44197944], [134.13551493, 35.44201795], [134.13586856, 35.44204205], [134.13594103, 35.44207387], [134.13597976, 35.44211802], [134.13598861, 35.44216729], [134.13596291, 35.44222781], [134.13569977, 35.44252148], [134.13577319, 35.44256268], [134.13586703, 35.44257743], [134.1359293, 35.44256707], [134.13615643, 35.44249718], [134.13640256, 35.44271602], [134.13634563, 35.44291776], [134.1362491, 35.44310591], [134.13620309, 35.44329985], [134.13649857, 35.44352678], [134.13669239, 35.44370283], [134.13684167, 35.44386737], [134.13703106, 35.44410823], [134.1370891, 35.44422005], [134.13712576, 35.44439882], [134.13718574, 35.44453654], [134.13731784, 35.44473856], [134.13736269, 35.44479358], [134.14726491, 35.4447937], [134.14726501, 35.44168223], [134.1471834, 35.44166458], [134.14720798, 35.44157835], [134.14725186, 35.44148427], [134.14726502, 35.44148828], [134.14726519, 35.43646133], [134.13476631, 35.43646105], [134.13476621, 35.439221], [134.13487293, 35.439049]]]}}, {"type": "Feature", "properties": {"MESH2_C": "533411", "grid_code": "53341122", "grid_area": 1048926.453019753, "grid_perimeter": 4118.232023817138, "area": 801351.9397213466, "perimeter": 5881.977066322594, "connect": 0.5873986477377677, "connect_rev": 0.4487569594600469}, "geometry": {"type": "Polygon", "coordinates": [[[134.15962999, 35.44456095], [134.15957895, 35.44447231], [134.15946528, 35.44424713], [134.15940227, 35.44415258], [134.15924574, 35.44397357], [134.15907935, 35.44368183], [134.15893356, 35.4435516], [134.15887953, 35.44349531], [134.15878146, 35.44341604], [134.15858179, 35.44327976], [134.15849597, 35.44323604], [134.15836932, 35.44321255], [134.15817239, 35.44324791], [134.15799324, 35.44302943], [134.15782825, 35.44286712], [134.1576945, 35.44278128], [134.15756243, 35.44273971], [134.15743676, 35.44272416], [134.15732401, 35.44274168], [134.15703811, 35.4428457], [134.15683627, 35.44294822], [134.15667131, 35.44302879], [134.15653812, 35.44308621], [134.156275, 35.44310245], [134.15617709, 35.44308607], [134.15586365, 35.44297138], [134.15545901, 35.4427587], [134.15529137, 35.44270532], [134.15514656, 35.44264216], [134.15497101, 35.44260402], [134.15429528, 35.44243473], [134.15393447, 35.44224021], [134.15372769, 35.44215959], [134.15333961, 35.44208781], [134.15319811, 35.44209091], [134.1530718, 35.44210048], [134.15281896, 35.44214255], [134.15253723, 35.4421229], [134.15235739, 35.44212148], [134.15225645, 35.44200497], [134.15220213, 35.44189112], [134.15220278, 35.44185688], [134.15222359, 35.44183078], [134.15229306, 35.44180432], [134.15254914, 35.4417791], [134.15280312, 35.44173828], [134.15290841, 35.44170329], [134.15299695, 35.44166242], [134.15310577, 35.44164046], [134.15320657, 35.44166542], [134.15341551, 35.44174391], [134.15380741, 35.44194364], [134.15424353, 35.44209221], [134.15467857, 35.44227702], [134.15513067, 35.44239479], [134.15598302, 35.44269621], [134.15625617, 35.44278585], [134.15633734, 35.44279967], [134.15640191, 35.4427952], [134.15646277, 35.44277431], [134.15706435, 35.44249711], [134.15723729, 35.44245595], [134.15749421, 35.44244249], [134.15769604, 35.44238364], [134.15773613, 35.44234769], [134.15776258, 35.44228431], [134.15774494, 35.44198139], [134.15775542, 35.44188072], [134.15774196, 35.44139772], [134.15773966, 35.44132821], [134.15772164, 35.44118924], [134.15773335, 35.44055016], [134.15751441, 35.44046205], [134.15735309, 35.44034808], [134.157266, 35.44031477], [134.15714212, 35.44029676], [134.1568953, 35.44030229], [134.15673496, 35.44026837], [134.15649979, 35.44013996], [134.15621092, 35.43992675], [134.15605172, 35.4396827], [134.15594991, 35.43954382], [134.15585443, 35.43945178], [134.15566524, 35.43931671], [134.15550328, 35.43917472], [134.1553696, 35.43901864], [134.15532218, 35.43893335], [134.15528334, 35.43870107], [134.15529359, 35.43858356], [134.15533595, 35.43844908], [134.15539645, 35.43835735], [134.15545569, 35.43830961], [134.1556215, 35.43824624], [134.15586424, 35.43823582], [134.15596562, 35.43822496], [134.15587288, 35.43810708], [134.15580423, 35.43805265], [134.15556049, 35.43797662], [134.15548868, 35.43794146], [134.15538418, 35.43786238], [134.15533054, 35.43779296], [134.15531976, 35.43771964], [134.15535593, 35.43762403], [134.15542082, 35.4375759], [134.15553723, 35.43751921], [134.15569526, 35.43740119], [134.15573557, 35.43735954], [134.15577111, 35.43727473], [134.15580902, 35.43722437], [134.15607794, 35.43706504], [134.15633155, 35.43687557], [134.15654704, 35.4367387], [134.15664795, 35.43665643], [134.15644798, 35.43651567], [134.1563986, 35.43646166], [134.14726519, 35.43646133], [134.14726502, 35.44148828], [134.14734668, 35.44151316], [134.14776376, 35.44159595], [134.14812709, 35.44171674], [134.14828105, 35.44174422], [134.14844342, 35.44174298], [134.14870444, 35.44171293], [134.14905696, 35.44172727], [134.14938452, 35.44171156], [134.14972325, 35.44171864], [134.14984012, 35.44170407], [134.15026536, 35.441602], [134.15036284, 35.4415907], [134.15071232, 35.44167826], [134.15076367, 35.44171738], [134.15076601, 35.44174932], [134.15074263, 35.44179707], [134.15065903, 35.44190149], [134.1505442, 35.44214429], [134.15050806, 35.44217832], [134.15047932, 35.44218163], [134.15043417, 35.44216873], [134.15022734, 35.44203624], [134.15015354, 35.44200164], [134.14997886, 35.4419613], [134.14977057, 35.4419692], [134.1495007, 35.4420276], [134.14912472, 35.44205083], [134.14881293, 35.44204838], [134.14866551, 35.44202508], [134.14842107, 35.44201333], [134.1480725, 35.44193311], [134.14770407, 35.44182455], [134.14732846, 35.44169595], [134.14726501, 35.44168223], [134.14726491, 35.4447937], [134.15976379, 35.44479398], [134.15976379, 35.44472708], [134.15962999, 35.44456095]]]}}, {"type": "Feature", "properties": {"MESH2_C": "533411", "grid_code": "53341141", "grid_area": 1048714.0663844422, "grid_perimeter": 4117.771152182341, "area": 25.447253947939316, "perimeter": 26.568382491479486, "connect": 0.4606406147321765, "connect_rev": 1.1177535495673857e-05}, "geometry": {"type": "Polygon", "coordinates": [[[134.14305639, 35.45316545], [134.14314842, 35.45312612], [134.14301989, 35.45312612], [134.14305639, 35.45316545]]]}}, {"type": "Feature", "properties": {"MESH2_C": "533411", "grid_code": "53341131", "grid_area": 1048820.7590709478, "grid_perimeter": 4118.002570253332, "area": 82.06266568636056, "perimeter": 53.33592137613038, "connect": 0.5391086838325753, "connect_rev": 4.218136922571515e-05}, "geometry": {"type": "Polygon", "coordinates": [[[134.13809999, 35.4531019], [134.1380306, 35.45308151], [134.13794821, 35.45308648], [134.13784833, 35.45312598], [134.138128, 35.45312599], [134.13809999, 35.4531019]]]}}, {"type": "Feature", "properties": {"MESH2_C": "533411", "grid_code": "53341141", "grid_area": 1048714.0663844422, "grid_perimeter": 4117.771152182341, "area": 711475.4407814369, "perimeter": 8879.746897909774, "connect": 0.4606406147321765, "connect_rev": 0.31251081196832636}, "geometry": {"type": "Polygon", "coordinates": [[[134.13483409, 35.46076308], [134.13500104, 35.46081986], [134.13536786, 35.46090411], [134.13546847, 35.46091278], [134.1355811, 35.46092146], [134.13569919, 35.46092802], [134.1358908, 35.46093502], [134.13598937, 35.46095044], [134.13612638, 35.46099443], [134.13635207, 35.46110716], [134.13660297, 35.46117483], [134.13668265, 35.46128312], [134.1367032, 35.46134302], [134.13674533, 35.46130854], [134.13682753, 35.46126743], [134.13690659, 35.46115292], [134.13727175, 35.46117575], [134.13750058, 35.46117459], [134.13757867, 35.46115336], [134.13763553, 35.46112093], [134.13767856, 35.46107864], [134.13770412, 35.46103041], [134.13770376, 35.46095311], [134.13772284, 35.4605702], [134.13774747, 35.46023006], [134.1377361, 35.45999976], [134.13770481, 35.45930432], [134.13759946, 35.45865146], [134.13755508, 35.45815637], [134.13755306, 35.45810312], [134.13756658, 35.45805916], [134.1376039, 35.45803265], [134.1377176, 35.45800224], [134.13778359, 35.4579966], [134.13785165, 35.45800339], [134.13791167, 35.45802073], [134.13794792, 35.45806372], [134.13795024, 35.45812568], [134.13789289, 35.45831338], [134.13788657, 35.45843693], [134.13794653, 35.45903655], [134.13800243, 35.45917616], [134.13821963, 35.45935613], [134.13827147, 35.45944488], [134.13825294, 35.45954044], [134.13812483, 35.45970997], [134.13809399, 35.45977165], [134.13804518, 35.4599814], [134.13805721, 35.46004388], [134.13817046, 35.46023757], [134.13819705, 35.46051684], [134.13811736, 35.46074873], [134.13807207, 35.46091611], [134.13807425, 35.46096053], [134.13810103, 35.46100488], [134.13817942, 35.4610717], [134.13827339, 35.46111784], [134.13843974, 35.46115085], [134.13865059, 35.46117964], [134.13890579, 35.46121783], [134.13895426, 35.46113154], [134.1391824, 35.46113424], [134.13922569, 35.46112068], [134.13925823, 35.46109526], [134.13929605, 35.46098901], [134.13929506, 35.46082579], [134.13924977, 35.46072473], [134.13917238, 35.46063524], [134.13912102, 35.46055659], [134.13891268, 35.45998115], [134.13891938, 35.45994672], [134.13894835, 35.45989812], [134.13904601, 35.45984134], [134.13916356, 35.45983169], [134.13926229, 35.45983573], [134.13931572, 35.45993462], [134.13936643, 35.46003386], [134.13942283, 35.4602034], [134.13944488, 35.46038433], [134.13946819, 35.46044903], [134.13958358, 35.46064256], [134.13969314, 35.46077683], [134.13969427, 35.46082358], [134.13960874, 35.4610015], [134.13957724, 35.46111329], [134.1395923, 35.46118216], [134.13975131, 35.46145843], [134.14340233, 35.46145849], [134.14343453, 35.4613142], [134.14350505, 35.46114797], [134.14350799, 35.46106968], [134.14348194, 35.46102244], [134.14319032, 35.46069596], [134.14316162, 35.46061912], [134.14313902, 35.46038065], [134.1431416, 35.46032545], [134.1431652, 35.46026032], [134.14332704, 35.46001125], [134.1433462, 35.45996188], [134.1433295, 35.45972817], [134.14327954, 35.45960081], [134.14318495, 35.45944504], [134.14313687, 35.45938901], [134.14296531, 35.4592436], [134.14293137, 35.4591953], [134.142924, 35.45915538], [134.14294824, 35.45910962], [134.14300014, 35.45908438], [134.14318713, 35.45909341], [134.14333794, 35.45907877], [134.14363757, 35.45902669], [134.14374258, 35.45900079], [134.1437108, 35.45893748], [134.14364862, 35.45882745], [134.1435938, 35.45866295], [134.14353596, 35.45854678], [134.14300391, 35.45791424], [134.14283467, 35.4577671], [134.14263645, 35.45763511], [134.14225219, 35.45729858], [134.14208906, 35.45709253], [134.14198483, 35.45686618], [134.14177457, 35.45621159], [134.14167611, 35.45577896], [134.14198077, 35.45575476], [134.14188059, 35.45539808], [134.14181698, 35.4551399], [134.142207, 35.45551533], [134.14252205, 35.45582855], [134.14274034, 35.45605256], [134.14278275, 35.45611059], [134.14281289, 35.45624923], [134.14280308, 35.45634506], [134.14266067, 35.45660074], [134.14259772, 35.45667229], [134.14251435, 35.45682367], [134.14257767, 35.45698565], [134.14266339, 35.4571254], [134.14273679, 35.45719371], [134.14283237, 35.4572265], [134.1429325, 35.45724148], [134.14297595, 35.45725606], [134.14299393, 35.45720991], [134.14301365, 35.45691307], [134.14304363, 35.45671996], [134.1430784, 35.45668307], [134.14328641, 35.45654631], [134.14343022, 35.45647067], [134.14346725, 35.45642722], [134.14347487, 35.45638991], [134.14344883, 35.45632814], [134.14322462, 35.45608324], [134.1430878, 35.4558937], [134.142826, 35.45561574], [134.14277237, 35.45552872], [134.142644, 35.45536866], [134.14262435, 35.45529496], [134.14264494, 35.45521536], [134.14269381, 35.45514586], [134.14273915, 35.45511385], [134.14283284, 35.4550809], [134.14296348, 35.4550812], [134.14330407, 35.4551789], [134.14362461, 35.45531337], [134.14375156, 35.45538059], [134.14380874, 35.45531426], [134.14381907, 35.45528254], [134.14395841, 35.455304], [134.14421444, 35.45538397], [134.144321, 35.45555407], [134.14447126, 35.45587506], [134.14470933, 35.45613513], [134.14495412, 35.45597196], [134.14502146, 35.45595162], [134.14508037, 35.45597521], [134.14517845, 35.4560967], [134.14522018, 35.45613772], [134.14499969, 35.45631271], [134.14462148, 35.4565722], [134.14437549, 35.45675954], [134.14416868, 35.45699822], [134.14388218, 35.45730817], [134.14366721, 35.45743533], [134.14345134, 35.45753544], [134.1433291, 35.4575979], [134.14349382, 35.45776279], [134.14361422, 35.45790648], [134.14375099, 35.45779648], [134.14381689, 35.45774696], [134.1441994, 35.45751707], [134.14427395, 35.45745877], [134.1444536, 35.4572987], [134.14465521, 35.45716669], [134.1447722, 35.45707932], [134.14486363, 35.4569805], [134.14497848, 35.45676118], [134.14499981, 35.45665622], [134.14501548, 35.45663966], [134.14504202, 35.45663426], [134.1450813, 35.45664843], [134.14515216, 35.45670508], [134.14550964, 35.45693837], [134.14574471, 35.45711167], [134.14584953, 35.45720312], [134.14592104, 35.4572853], [134.14594063, 35.4573623], [134.14592067, 35.45743859], [134.14585128, 35.45754611], [134.14575101, 35.45762076], [134.14589552, 35.45774664], [134.14592624, 35.45779584], [134.14593379, 35.45783527], [134.14592121, 35.45790159], [134.14584547, 35.45806618], [134.1457521, 35.45818123], [134.14582196, 35.45823112], [134.14587573, 35.45828418], [134.14590608, 35.45834828], [134.14591268, 35.45841792], [134.14586687, 35.45851936], [134.14565061, 35.45874473], [134.14580747, 35.45878412], [134.1463292, 35.45888491], [134.14634085, 35.45878735], [134.14642044, 35.45861842], [134.14657403, 35.45839906], [134.14679494, 35.45800951], [134.14700724, 35.45773351], [134.14713727, 35.45751638], [134.14726448, 35.45739652], [134.14726452, 35.4561234], [134.14717797, 35.45597598], [134.14718259, 35.4559066], [134.14725504, 35.45585788], [134.14726453, 35.45585487], [134.14726462, 35.45312607], [134.14530385, 35.45312611], [134.14534181, 35.45321317], [134.14533471, 35.45330516], [134.14529336, 35.45337902], [134.14515923, 35.4535362], [134.14513817, 35.4535983], [134.1452157, 35.45389627], [134.14537319, 35.45436507], [134.14559589, 35.45485242], [134.14570358, 35.45506052], [134.14578377, 35.45517817], [134.14586764, 35.4553536], [134.1458855, 35.45546766], [134.14552174, 35.45552107], [134.1450116, 35.45556417], [134.14495147, 35.45556004], [134.14487628, 35.45551783], [134.1447245, 35.45534831], [134.1445023, 35.45516972], [134.14424562, 35.45500684], [134.14418746, 35.45495116], [134.14412133, 35.45490764], [134.14382864, 35.45478266], [134.14342477, 35.45457897], [134.14314765, 35.45441039], [134.14306996, 35.45437811], [134.14300323, 35.45436391], [134.14293651, 35.45436612], [134.14287464, 35.4543883], [134.14268113, 35.45455514], [134.14257393, 35.45467954], [134.14250968, 35.4547265], [134.14239842, 35.45478492], [134.14216976, 35.454847], [134.14205769, 35.45488686], [134.14175751, 35.45499307], [134.14169888, 35.45485413], [134.14152898, 35.454357], [134.14152309, 35.45429686], [134.14154229, 35.45426719], [134.14157804, 35.45424469], [134.14178125, 35.45418005], [134.14191103, 35.45411872], [134.14187216, 35.45405547], [134.14161547, 35.45351642], [134.14157349, 35.45347497], [134.14146453, 35.45341038], [134.1412467, 35.45334877], [134.14119703, 35.45331594], [134.14115044, 35.45326089], [134.14107047, 35.45312609], [134.13844366, 35.45312601], [134.13835924, 35.45326314], [134.13830698, 35.45328432], [134.1382521, 35.45327294], [134.1382037, 35.45323456], [134.13814136, 35.45313749], [134.138128, 35.45312599], [134.13784833, 35.45312598], [134.13782824, 35.45313393], [134.13776354, 35.45319873], [134.13766335, 35.45334108], [134.13759754, 35.45338673], [134.13753648, 35.4534004], [134.13748109, 35.45338427], [134.13743264, 35.45334987], [134.13730636, 35.45319345], [134.13722387, 35.45312595], [134.13476574, 35.45312579], [134.13476549, 35.46072002], [134.13483409, 35.46076308]], [[134.14293099, 35.46015023], [134.14266266, 35.46025033], [134.14256943, 35.46026884], [134.14252257, 35.46026322], [134.14246612, 35.46023889], [134.14238794, 35.46016587], [134.14228047, 35.46004186], [134.14211182, 35.45979511], [134.14199888, 35.45955876], [134.14191554, 35.45925261], [134.14194579, 35.45917988], [134.14201057, 35.45915057], [134.14234585, 35.45911329], [134.14261196, 35.45910262], [134.14267051, 35.45911696], [134.14271181, 35.45916964], [134.14280824, 35.45944683], [134.14293714, 35.45966351], [134.14298752, 35.4597765], [134.1430331, 35.45999436], [134.14301127, 35.46008343], [134.14293099, 35.46015023]], [[134.13560133, 35.45882412], [134.13560598, 35.45878744], [134.13563476, 35.45874043], [134.1359517, 35.45846483], [134.13615064, 35.45824423], [134.1361988, 35.4581303], [134.13631465, 35.45793831], [134.13633857, 35.45760922], [134.13635108, 35.45753848], [134.13633641, 35.45747088], [134.13629726, 35.45735793], [134.13630892, 35.45733105], [134.13633218, 35.45732074], [134.13638716, 35.45732916], [134.13648428, 35.45737917], [134.13673879, 35.45748078], [134.13692322, 35.45757452], [134.1369587, 35.45760184], [134.13697215, 35.45762373], [134.13697393, 35.45764688], [134.13695561, 35.45767477], [134.13687167, 35.45772926], [134.13682001, 35.45777967], [134.13678672, 35.45785418], [134.13678674, 35.45809705], [134.13674261, 35.45826465], [134.13670954, 35.45851445], [134.13671689, 35.45877011], [134.13675012, 35.45890321], [134.13686455, 35.45908105], [134.13698973, 35.45931291], [134.13712322, 35.45965703], [134.13717648, 35.45984224], [134.1371812, 35.45990841], [134.13713794, 35.45999497], [134.13701227, 35.46015186], [134.13673869, 35.46031161], [134.13669381, 35.46023459], [134.1365346, 35.46001281], [134.13604214, 35.4593397], [134.13564301, 35.45890864], [134.13560133, 35.45882412]]]}}, {"type": "Feature", "properties": {"MESH2_C": "533411", "grid_code": "53341141", "grid_area": 1048714.0663844422, "grid_perimeter": 4117.771152182341, "area": 5930.925248129119, "perimeter": 454.4261700568573, "connect": 0.4606406147321765, "connect_rev": 0.0026051191071058506}, "geometry": {"type": "Polygon", "coordinates": [[[134.14467901, 35.45997872], [134.1445936, 35.45997468], [134.14457815, 35.45997395], [134.14448787, 35.46000482], [134.1444488, 35.46005936], [134.14444504, 35.46012982], [134.14448705, 35.46030616], [134.14448739, 35.46045392], [134.14443696, 35.46083893], [134.1443671, 35.46106555], [134.14433499, 35.46122955], [134.14432767, 35.46133877], [134.14433897, 35.46137826], [134.14436147, 35.46141552], [134.14439216, 35.46144772], [134.14440747, 35.46145849], [134.14516933, 35.46145849], [134.14517527, 35.46130717], [134.14496889, 35.46125475], [134.14483583, 35.46123267], [134.14477079, 35.46120046], [134.14474628, 35.46116967], [134.14474415, 35.46089375], [134.14477783, 35.4605411], [134.14477954, 35.46035168], [134.14479133, 35.46028302], [134.14481099, 35.46021876], [134.14478477, 35.46008253], [134.14480799, 35.46001406], [134.14467901, 35.45997872]]]}}, {"type": "Feature", "properties": {"MESH2_C": "533411", "grid_code": "53341141", "grid_area": 1048714.0663844422, "grid_perimeter": 4117.771152182341, "area": 19509.440912357473, "perimeter": 652.2724472817479, "connect": 0.4606406147321765, "connect_rev": 0.008569390974159954}, "geometry": {"type": "Polygon", "coordinates": [[[134.14714984, 35.45969424], [134.14696851, 35.4596663], [134.14651594, 35.45956791], [134.14648473, 35.45977601], [134.14641639, 35.45990074], [134.14634613, 35.46003751], [134.14621916, 35.46019774], [134.14609805, 35.46029375], [134.14566801, 35.46048258], [134.14553936, 35.46058138], [134.14555841, 35.46063729], [134.14561712, 35.46067111], [134.14566397, 35.46071122], [134.14582967, 35.46089157], [134.14592568, 35.4610286], [134.14600863, 35.46092916], [134.14606176, 35.46088734], [134.14611897, 35.46087022], [134.14618157, 35.46090264], [134.14623062, 35.46093673], [134.14622436, 35.4610033], [134.14632652, 35.46112891], [134.14642503, 35.46128726], [134.14648087, 35.46133791], [134.14655143, 35.46135011], [134.14686134, 35.46125185], [134.1469432, 35.46124598], [134.14698577, 35.46126051], [134.14701598, 35.46128989], [134.14705955, 35.46138057], [134.14711721, 35.46145845], [134.14726434, 35.46145844], [134.1472644, 35.45972537], [134.14726173, 35.45972462], [134.14714984, 35.45969424]]]}}, {"type": "Feature", "properties": {"MESH2_C": "533411", "grid_code": "53341142", "grid_area": 1048713.0906287506, "grid_perimeter": 4117.769236524514, "area": 7439.977036432421, "perimeter": 574.1338554139462, "connect": 0.7809155598864683, "connect_rev": 0.005540117583031923}, "geometry": {"type": "Polygon", "coordinates": [[[134.14773921, 35.46142951], [134.14742779, 35.46111099], [134.14738139, 35.46102366], [134.14738362, 35.46098601], [134.14740389, 35.46094981], [134.14751352, 35.46085463], [134.14754306, 35.46081029], [134.14754775, 35.46076062], [134.14752192, 35.46065356], [134.14752993, 35.46050235], [134.14758783, 35.46033418], [134.14764021, 35.46029482], [134.14780469, 35.46007883], [134.14791084, 35.46001296], [134.14813745, 35.45992505], [134.14816811, 35.45989317], [134.14818181, 35.45984325], [134.1481622, 35.45979349], [134.14809202, 35.45973009], [134.14781774, 35.45956885], [134.14772857, 35.45952711], [134.1476461, 35.45965831], [134.14758719, 35.45969953], [134.14745652, 35.45975588], [134.14741769, 35.4597984], [134.14733047, 35.45974386], [134.1472644, 35.45972537], [134.14726434, 35.46145844], [134.1477659, 35.46145848], [134.14773921, 35.46142951]]]}}, {"type": "Feature", "properties": {"MESH2_C": "533411", "grid_code": "53341142", "grid_area": 1048713.0906287506, "grid_perimeter": 4117.769236524514, "area": 926711.8823880092, "perimeter": 5090.037055962247, "connect": 0.7809155598864683, "connect_rev": 0.6900683656524152}, "geometry": {"type": "Polygon", "coordinates": [[[134.14742037, 35.45724964], [134.14751397, 35.45716172], [134.14778687, 35.45697321], [134.14784421, 35.45694461], [134.14792583, 35.45692305], [134.1479953, 35.45692052], [134.1480606, 35.45693639], [134.14812547, 35.45699138], [134.14817145, 35.45712421], [134.14817689, 35.45752783], [134.14815788, 35.45760823], [134.14809719, 35.45771907], [134.14804684, 35.45776975], [134.14796556, 35.45781097], [134.14779777, 35.45786565], [134.14762336, 35.45791094], [134.14755199, 35.4579413], [134.14751232, 35.45798428], [134.14752241, 35.45803604], [134.14756283, 35.45806317], [134.14763856, 35.45808157], [134.14796582, 35.45810129], [134.14802073, 35.45812535], [134.1480636, 35.45816338], [134.14828018, 35.45848113], [134.14864814, 35.45916561], [134.14877365, 35.45944438], [134.14883296, 35.4595604], [134.14890167, 35.45949859], [134.14935899, 35.4591689], [134.14926045, 35.45869253], [134.14935564, 35.45844716], [134.14943296, 35.45832424], [134.14948485, 35.45829404], [134.14954943, 35.45827997], [134.14982454, 35.45829343], [134.15015095, 35.45829316], [134.15032539, 35.45830105], [134.15045557, 35.45852429], [134.15067579, 35.45904621], [134.15060385, 35.45910948], [134.15032258, 35.45921714], [134.15020993, 35.45927587], [134.15014963, 35.45932396], [134.150056, 35.45943639], [134.14989096, 35.45976353], [134.14991427, 35.45981681], [134.15000142, 35.45992473], [134.15003093, 35.45998101], [134.14993882, 35.46004868], [134.14975679, 35.46013029], [134.14971048, 35.46016577], [134.14967332, 35.46024086], [134.14967368, 35.46032526], [134.14973833, 35.46050921], [134.14973796, 35.46064483], [134.14961469, 35.46108301], [134.14958375, 35.46118661], [134.14968897, 35.46127848], [134.14974676, 35.4613478], [134.14977076, 35.46136081], [134.14979705, 35.46135899], [134.14981119, 35.46134267], [134.14983496, 35.46122737], [134.14987192, 35.46110281], [134.14990988, 35.46102746], [134.15001383, 35.46087338], [134.15016471, 35.46072105], [134.15020518, 35.46063195], [134.15018919, 35.46044898], [134.15019842, 35.46034912], [134.15021953, 35.46028353], [134.15027137, 35.46018484], [134.15033235, 35.46010391], [134.15051674, 35.45991978], [134.1506304, 35.45991008], [134.1509979, 35.45987285], [134.15123665, 35.45988938], [134.15139285, 35.45993197], [134.15151284, 35.46001562], [134.15155578, 35.46013286], [134.15158917, 35.46030979], [134.1515883, 35.46053356], [134.15162844, 35.46074688], [134.15166257, 35.46106638], [134.15167111, 35.4611767], [134.15165305, 35.46133167], [134.15168467, 35.4614023], [134.15168791, 35.46142733], [134.15167472, 35.46145869], [134.15197948, 35.4614587], [134.15199244, 35.4614246], [134.15208785, 35.46139175], [134.15214331, 35.46142922], [134.15216574, 35.46145507], [134.15216691, 35.46145871], [134.1568458, 35.46145878], [134.1568588, 35.46143501], [134.15694092, 35.46119815], [134.15703085, 35.46111342], [134.15711148, 35.46108376], [134.15723554, 35.46106845], [134.15762324, 35.46108795], [134.15768614, 35.46107421], [134.15772918, 35.46104789], [134.15798876, 35.46114138], [134.15826271, 35.46119948], [134.1585711, 35.4612193], [134.15863499, 35.46120531], [134.15875381, 35.46115364], [134.15879398, 35.46114995], [134.15885523, 35.46118386], [134.15892396, 35.46126764], [134.15888604, 35.46137793], [134.15887975, 35.46145875], [134.15976322, 35.46145873], [134.1597635, 35.45312636], [134.14726462, 35.45312607], [134.14726453, 35.45585487], [134.14776886, 35.45569516], [134.14786247, 35.45568995], [134.14790447, 35.45570691], [134.14794933, 35.45574623], [134.14805955, 35.45594323], [134.14816802, 35.45608354], [134.1480429, 35.456154], [134.147496, 35.45635621], [134.14741426, 35.45637845], [134.14726452, 35.4561234], [134.14726448, 35.45739652], [134.14742037, 35.45724964]]]}}, {"type": "Feature", "properties": {"MESH2_C": "533411", "grid_code": "53341143", "grid_area": 1048712.181405194, "grid_perimeter": 4117.767451486454, "area": 411025.14793859364, "perimeter": 3093.694702553049, "connect": 0.17124781233692407, "connect_rev": 0.06711770745871505}, "geometry": {"type": "Polygon", "coordinates": [[[134.16256971, 35.46132119], [134.16273081, 35.46104386], [134.16288404, 35.46085076], [134.16301417, 35.46072168], [134.1631663, 35.46059125], [134.1632234, 35.46050552], [134.16326367, 35.46038015], [134.16330946, 35.46033553], [134.1634064, 35.46031704], [134.16371475, 35.46032199], [134.16393939, 35.46027013], [134.16403946, 35.46022057], [134.16412554, 35.46012], [134.16438033, 35.45973011], [134.16444456, 35.45966531], [134.16462518, 35.45953324], [134.16469642, 35.45949215], [134.16475182, 35.45943953], [134.16488939, 35.45920501], [134.16491652, 35.45911887], [134.16490959, 35.45903219], [134.16503769, 35.45900661], [134.16533074, 35.45899431], [134.16551753, 35.45894505], [134.16564946, 35.45885577], [134.16581857, 35.45867171], [134.16606334, 35.4585662], [134.16618417, 35.45848579], [134.1662428, 35.45843136], [134.16627012, 35.45837218], [134.1662585, 35.45830766], [134.16598513, 35.45773019], [134.16594666, 35.45769074], [134.16587969, 35.45767379], [134.16547554, 35.45776564], [134.16542858, 35.45776201], [134.16537352, 35.45772624], [134.16530629, 35.457566], [134.16522289, 35.4572245], [134.16518217, 35.45689246], [134.16512475, 35.45662233], [134.16510191, 35.45656907], [134.16506206, 35.45653676], [134.1649945, 35.45654086], [134.16424058, 35.45685518], [134.163783, 35.45706811], [134.16371234, 35.45709935], [134.1636648, 35.45710849], [134.16358054, 35.45703185], [134.16354992, 35.45698309], [134.1635518, 35.45693449], [134.16360003, 35.45687788], [134.16393085, 35.4566819], [134.16432547, 35.45655212], [134.16452978, 35.45645894], [134.16460962, 35.45643355], [134.16516417, 35.45623588], [134.16523839, 35.45617885], [134.16536784, 35.45603519], [134.16547398, 35.4559473], [134.16549695, 35.45589074], [134.1654789, 35.4558425], [134.16529588, 35.45559789], [134.16491362, 35.45509026], [134.16482736, 35.45494586], [134.16462286, 35.45472528], [134.16433081, 35.45436071], [134.16429737, 35.45428531], [134.1642766, 35.45419131], [134.16427134, 35.45377806], [134.16428324, 35.45361124], [134.16427015, 35.45352701], [134.16425712, 35.4533702], [134.16421162, 35.45322625], [134.16419021, 35.4531266], [134.1597635, 35.45312636], [134.15976322, 35.46145873], [134.16250724, 35.4614589], [134.16256971, 35.46132119]]]}}, {"type": "Feature", "properties": {"MESH2_C": "533411", "grid_code": "53341143", "grid_area": 1048712.181405194, "grid_perimeter": 4117.767451486454, "area": 86393.02981999464, "perimeter": 1281.940042011853, "connect": 0.17124781233692407, "connect_rev": 0.014107414427101506}, "geometry": {"type": "Polygon", "coordinates": [[[134.16876282, 35.46131388], [134.16872281, 35.46124227], [134.1687479, 35.46115516], [134.1689896, 35.46077392], [134.16900124, 35.46072013], [134.16897846, 35.4606606], [134.16890689, 35.4606005], [134.16871624, 35.46048143], [134.16797686, 35.46006944], [134.16754551, 35.45980672], [134.16730151, 35.45963213], [134.16696837, 35.45927682], [134.16672556, 35.45898156], [134.16666046, 35.45892087], [134.16660292, 35.45889518], [134.16653608, 35.45888325], [134.16646794, 35.45888417], [134.16638821, 35.45890452], [134.16579511, 35.45909424], [134.16551296, 35.45923604], [134.16542871, 35.45928752], [134.16532207, 35.45932801], [134.16504223, 35.45947317], [134.16489262, 35.45959394], [134.16472073, 35.45978068], [134.16461198, 35.45991761], [134.16457247, 35.45999889], [134.16446297, 35.46028794], [134.16444557, 35.46037194], [134.16438443, 35.46057114], [134.16428842, 35.46075672], [134.16421969, 35.46096635], [134.16410658, 35.46108819], [134.16381233, 35.46133335], [134.16371749, 35.46145896], [134.16891797, 35.46145906], [134.16876282, 35.46131388]]]}}, {"type": "Feature", "properties": {"MESH2_C": "533411", "grid_code": "53341143", "grid_area": 1048712.181405194, "grid_perimeter": 4117.767451486454, "area": 52431.32242675015, "perimeter": 1349.9274031344682, "connect": 0.17124781233692407, "connect_rev": 0.008561690636111455}, "geometry": {"type": "Polygon", "coordinates": [[[134.17210108, 35.45586539], [134.1717446, 35.45583305], [134.17160568, 35.45582992], [134.17161336, 35.45603222], [134.17172012, 35.45619389], [134.17173612, 35.45624768], [134.1717228, 35.45629784], [134.1716771, 35.45635692], [134.17157516, 35.45643804], [134.17138644, 35.45649458], [134.17098503, 35.45656015], [134.17094464, 35.45651159], [134.17091132, 35.45646314], [134.17085454, 35.45627828], [134.17084888, 35.45621622], [134.17085631, 35.45591324], [134.17059093, 35.45602717], [134.17033746, 35.45619543], [134.17024259, 35.45629396], [134.17017824, 35.45638753], [134.17003496, 35.45653276], [134.16993052, 35.45667378], [134.16991652, 35.45672187], [134.16993328, 35.45678433], [134.17004106, 35.45695252], [134.17017572, 35.45721979], [134.17023847, 35.45740369], [134.17026954, 35.45744688], [134.17031157, 35.45746047], [134.17041677, 35.4574629], [134.17048489, 35.45747607], [134.17062415, 35.45752896], [134.17069258, 35.4575686], [134.17074638, 35.45763718], [134.17078782, 35.45775785], [134.17064787, 35.45781022], [134.17061338, 35.45788395], [134.17064864, 35.45803772], [134.17078228, 35.45827509], [134.1708337, 35.45843318], [134.17094918, 35.45861095], [134.17119617, 35.45886167], [134.17125891, 35.45890472], [134.17133639, 35.45892139], [134.17163675, 35.45893409], [134.1717019, 35.45892172], [134.17188034, 35.4588547], [134.17196465, 35.45884002], [134.1719261, 35.45903411], [134.17187357, 35.45920557], [134.1718085, 35.45935147], [134.17180641, 35.45940125], [134.17184067, 35.45947446], [134.17196798, 35.45963572], [134.17207909, 35.45974351], [134.17226215, 35.45992859], [134.17226229, 35.45586162], [134.17210108, 35.45586539]]]}}, {"type": "Feature", "properties": {"MESH2_C": "533411", "grid_code": "53341144", "grid_area": 1048711.338703405, "grid_perimeter": 4117.7657970453565, "area": 961786.339546591, "perimeter": 6889.341516508941, "connect": 0.841095445973466, "connect_rev": 0.7713791968648815}, "geometry": {"type": "Polygon", "coordinates": [[[134.17227354, 35.4552345], [134.17237273, 35.45517461], [134.17259416, 35.45513502], [134.17266143, 35.45514284], [134.17271441, 35.45515847], [134.17283461, 35.45519011], [134.17293869, 35.45519722], [134.17303708, 35.45518066], [134.17314481, 35.4551361], [134.17325232, 35.45506427], [134.17332164, 35.45498928], [134.17347147, 35.45460121], [134.17351954, 35.45452618], [134.17356166, 35.45447837], [134.17368028, 35.45430991], [134.17385568, 35.454187], [134.17387931, 35.45424162], [134.17397206, 35.45433165], [134.17402728, 35.4544333], [134.1740352, 35.45454191], [134.17399013, 35.45468516], [134.17391598, 35.45484549], [134.17389762, 35.45492487], [134.17383734, 35.45505236], [134.17368044, 35.45529173], [134.17360691, 35.45536365], [134.17353774, 35.45540624], [134.17327711, 35.45563545], [134.17297586, 35.45574039], [134.17259859, 35.45583443], [134.17245094, 35.45585722], [134.17226229, 35.45586162], [134.17226215, 35.45992859], [134.17241632, 35.46008445], [134.17259475, 35.46023223], [134.17278635, 35.46034208], [134.17295551, 35.46045966], [134.17330392, 35.46060705], [134.17344925, 35.46067683], [134.17350712, 35.46072026], [134.17352372, 35.46075269], [134.17352319, 35.46079049], [134.17346753, 35.46110867], [134.17343221, 35.46121543], [134.17343415, 35.46127935], [134.17348097, 35.46133024], [134.17362908, 35.46139477], [134.1737327, 35.46145911], [134.18476098, 35.46145929], [134.18476106, 35.45906743], [134.1847551, 35.45907696], [134.18469047, 35.45913872], [134.18461896, 35.45916981], [134.18447251, 35.45919569], [134.18429184, 35.45925918], [134.18421084, 35.45927074], [134.18413055, 35.4592687], [134.18407015, 35.45925339], [134.18393365, 35.45916514], [134.18389912, 35.45910663], [134.18390511, 35.45905993], [134.18409818, 35.45888946], [134.18414567, 35.45881734], [134.18417415, 35.45874151], [134.18415886, 35.4586561], [134.18404384, 35.45851565], [134.18390316, 35.45839447], [134.18386316, 35.45832739], [134.18387336, 35.45827713], [134.18390584, 35.45822791], [134.18396969, 35.45816186], [134.1840095, 35.45814061], [134.18405529, 35.45812897], [134.18411981, 35.45813218], [134.18432164, 35.4581915], [134.18457808, 35.45821255], [134.1846733, 35.4582559], [134.18469913, 35.45830136], [134.18473148, 35.45842535], [134.18476108, 35.45848127], [134.18476113, 35.45704257], [134.184591, 35.45700236], [134.18431377, 35.45692252], [134.18418463, 35.45689848], [134.18380969, 35.4568706], [134.18327255, 35.45677998], [134.18289389, 35.45675927], [134.18229044, 35.45675663], [134.18217328, 35.4567436], [134.18183723, 35.45664067], [134.18170925, 35.45658022], [134.18148495, 35.45650073], [134.18128345, 35.4564457], [134.18117925, 35.45645584], [134.18074313, 35.4566053], [134.18058164, 35.45663582], [134.18043504, 35.4566363], [134.18011748, 35.45658547], [134.17993244, 35.45658183], [134.17955256, 35.45650602], [134.17946891, 35.45644885], [134.17945283, 35.45637314], [134.17948729, 35.45629731], [134.17958834, 35.45617359], [134.17963825, 35.45614139], [134.1797158, 35.45611951], [134.1800231, 35.45609726], [134.1801689, 35.45606892], [134.18022936, 35.45599972], [134.18024415, 35.45588867], [134.18021798, 35.45581268], [134.18015959, 35.45576462], [134.17954181, 35.45551906], [134.17943615, 35.45545753], [134.17939316, 35.45540083], [134.17937236, 35.45534861], [134.17935815, 35.45523178], [134.17936634, 35.45509581], [134.17941137, 35.45504512], [134.17946623, 35.45501847], [134.1797843, 35.45494708], [134.18012651, 35.45486309], [134.18031165, 35.45483243], [134.18050686, 35.45487112], [134.18059445, 35.45495152], [134.18067951, 35.45507098], [134.18070557, 35.45513277], [134.18070258, 35.45521749], [134.18063111, 35.4553939], [134.18062848, 35.45543311], [134.1806505, 35.45549606], [134.18072571, 35.4555879], [134.18096342, 35.45577086], [134.18103576, 35.45579663], [134.18126508, 35.45583485], [134.1813689, 35.45587424], [134.18141706, 35.45590955], [134.18170553, 35.45621657], [134.18178333, 35.45627076], [134.18186965, 35.45631013], [134.18203759, 35.45636176], [134.18251394, 35.45646925], [134.18270742, 35.4564832], [134.18285655, 35.45647345], [134.18294465, 35.45642628], [134.18296326, 35.45633167], [134.18290656, 35.45603124], [134.18278831, 35.45563824], [134.18274143, 35.45555487], [134.18269354, 35.45551674], [134.18262189, 35.45548315], [134.1823889, 35.45541912], [134.18218091, 35.45537645], [134.18173457, 35.45521312], [134.18152768, 35.45509872], [134.18135974, 35.45496515], [134.18129962, 35.4549003], [134.18127604, 35.45482456], [134.18128347, 35.45477311], [134.1813242, 35.45471918], [134.1814323, 35.45465946], [134.18154176, 35.45463507], [134.18193694, 35.45468728], [134.18212546, 35.45469919], [134.18241754, 35.45478454], [134.18255031, 35.45483739], [134.18261384, 35.45488065], [134.18301234, 35.45524575], [134.18344666, 35.4555692], [134.18357228, 35.45568812], [134.18358765, 35.45573459], [134.18357002, 35.45577926], [134.18352441, 35.45582271], [134.18332166, 35.4559566], [134.18329333, 35.45598868], [134.18327848, 35.45603849], [134.18330076, 35.45629196], [134.18333642, 35.45639576], [134.18341067, 35.45648422], [134.18346833, 35.45651152], [134.18351865, 35.45652432], [134.18361023, 35.45656068], [134.1837675, 35.45659987], [134.18404816, 35.45664099], [134.18431555, 35.45670773], [134.18454613, 35.45674265], [134.18473335, 35.45679271], [134.18476114, 35.45679853], [134.18476126, 35.45312692], [134.17668023, 35.45312689], [134.17667104, 35.45313473], [134.17617714, 35.45324549], [134.17535238, 35.45338063], [134.17516849, 35.45347547], [134.175003, 35.45364737], [134.17493018, 35.453687], [134.17480258, 35.45372754], [134.17472379, 35.45377338], [134.17461357, 35.45395531], [134.1745536, 35.45402587], [134.17446857, 35.45392276], [134.1744227, 35.45380863], [134.17438392, 35.4536047], [134.17440251, 35.45340377], [134.17443428, 35.45336368], [134.17452686, 35.45332426], [134.17474196, 35.4532565], [134.17523028, 35.45314003], [134.17525836, 35.45312683], [134.172276, 35.45312664], [134.17226238, 35.4531424], [134.17226231, 35.45523876], [134.17227354, 35.4552345]]]}}, {"type": "Feature", "properties": {"MESH2_C": "533411", "grid_code": "53341143", "grid_area": 1048712.181405194, "grid_perimeter": 4117.767451486454, "area": 95830.0571602287, "perimeter": 1593.119485789295, "connect": 0.17124781233692407, "connect_rev": 0.015648419018860337}, "geometry": {"type": "Polygon", "coordinates": [[[134.16752419, 35.45331071], [134.16762312, 35.45346786], [134.16763238, 35.45354111], [134.16759795, 35.45359864], [134.16732201, 35.45395595], [134.16705887, 35.45410356], [134.16696925, 35.45417279], [134.16737187, 35.45488598], [134.16743066, 35.45494342], [134.16747759, 35.45494718], [134.16751856, 35.45493265], [134.16765816, 35.45481721], [134.16792235, 35.45464756], [134.16799039, 35.45464359], [134.16806537, 35.45468196], [134.16842082, 35.45495826], [134.16863719, 35.45514151], [134.16899342, 35.45539617], [134.16912921, 35.45559742], [134.16918619, 35.45576808], [134.16924515, 35.45582619], [134.16931829, 35.45583935], [134.1696653, 35.45578954], [134.16983778, 35.45574532], [134.16997977, 35.45571091], [134.17006832, 35.45567628], [134.17036475, 35.45563953], [134.17052496, 35.45560628], [134.1706585, 35.45555483], [134.17081708, 35.45544677], [134.17090416, 35.45540853], [134.17112068, 35.45538203], [134.17135957, 35.4553293], [134.1716029, 35.45532126], [134.1718409, 35.45526687], [134.1719599, 35.4552527], [134.17207706, 35.4552732], [134.17218142, 35.45526946], [134.17226231, 35.45523876], [134.17226238, 35.4531424], [134.17214737, 35.45327551], [134.17209007, 35.4533231], [134.17197234, 35.45337032], [134.17145387, 35.45349685], [134.17123436, 35.45363572], [134.17064103, 35.45393196], [134.17012621, 35.45413656], [134.1700157, 35.45416246], [134.16992749, 35.45416417], [134.17002228, 35.45382944], [134.17005618, 35.4536131], [134.17002891, 35.453551], [134.16985101, 35.45338623], [134.1698279, 35.45333661], [134.16982524, 35.45328443], [134.16989901, 35.45312669], [134.16743066, 35.45312668], [134.16752419, 35.45331071]]]}}, {"type": "Feature", "properties": {"MESH2_C": "533411", "grid_code": "53341133", "grid_area": 1048818.873504907, "grid_perimeter": 4117.99886857415, "area": 6555.491876773667, "perimeter": 375.3167465742888, "connect": 0.19302452074228177, "connect_rev": 0.0012064720703543275}, "geometry": {"type": "Polygon", "coordinates": [[[134.17225603, 35.45150817], [134.17217501, 35.45169074], [134.17208445, 35.45180865], [134.17156918, 35.45220686], [134.17146857, 35.45231407], [134.17135311, 35.45240497], [134.17131911, 35.45247642], [134.17133525, 35.45253751], [134.17141915, 35.45262614], [134.17159682, 35.45277836], [134.17167522, 35.45282352], [134.17171939, 35.45283052], [134.17179856, 35.4528137], [134.17214951, 35.45266655], [134.1722624, 35.45263475], [134.17226244, 35.45150302], [134.17225603, 35.45150817]]]}}, {"type": "Feature", "properties": {"MESH2_C": "533411", "grid_code": "53341133", "grid_area": 1048818.873504907, "grid_perimeter": 4117.99886857415, "area": 195.09165649284841, "perimeter": 77.90190379975706, "connect": 0.19302452074228177, "connect_rev": 3.590464897862438e-05}, "geometry": {"type": "Polygon", "coordinates": [[[134.17216628, 35.45063475], [134.17216195, 35.45068413], [134.17220174, 35.45074401], [134.17226246, 35.4507893], [134.17226247, 35.45046191], [134.17216628, 35.45063475]]]}}, {"type": "Feature", "properties": {"MESH2_C": "533411", "grid_code": "53341133", "grid_area": 1048818.873504907, "grid_perimeter": 4117.99886857415, "area": 33019.20819502295, "perimeter": 802.1982091996877, "connect": 0.19302452074228177, "connect_rev": 0.006076851778834917}, "geometry": {"type": "Polygon", "coordinates": [[[134.17012344, 35.44497103], [134.17020474, 35.44505366], [134.17047549, 35.44526478], [134.17052574, 35.44531774], [134.17055099, 35.4453821], [134.17054516, 35.445463], [134.17051566, 35.445527], [134.1704147, 35.44565175], [134.1703891, 35.44571738], [134.17040758, 35.44581117], [134.17046466, 35.44589531], [134.1705187, 35.44594851], [134.1705726, 35.44598033], [134.1708667, 35.44606554], [134.17097005, 35.44613045], [134.17104074, 35.44624053], [134.17120346, 35.44657611], [134.17137736, 35.44677885], [134.17150453, 35.44687493], [134.17157867, 35.44690507], [134.17167741, 35.44691731], [134.17199889, 35.44689294], [134.17220534, 35.44688493], [134.1722626, 35.44689063], [134.17226267, 35.44479427], [134.17001374, 35.44479431], [134.17012344, 35.44497103]]]}}, {"type": "Feature", "properties": {"MESH2_C": "533411", "grid_code": "53341134", "grid_area": 1048818.0305425748, "grid_perimeter": 4117.997213696366, "area": 5264.164725643321, "perimeter": 355.7830318166314, "connect": 0.5063135504746744, "connect_rev": 0.0025412586882637657}, "geometry": {"type": "Polygon", "coordinates": [[[134.17230344, 35.4485626], [134.17272907, 35.44800017], [134.17280729, 35.44786789], [134.17284904, 35.44772262], [134.17284738, 35.44758171], [134.17282072, 35.44749768], [134.17278193, 35.44744145], [134.17257527, 35.44731099], [134.1723792, 35.44724506], [134.17226258, 35.44724137], [134.17226254, 35.44863557], [134.17230344, 35.4485626]]]}}, {"type": "Feature", "properties": {"MESH2_C": "533411", "grid_code": "53341134", "grid_area": 1048818.0305425748, "grid_perimeter": 4117.997213696366, "area": 739106.9709907845, "perimeter": 7322.506659996875, "connect": 0.5063135504746744, "connect_rev": 0.3568015268285717}, "geometry": {"type": "Polygon", "coordinates": [[[134.18463698, 35.4496017], [134.18448508, 35.44965379], [134.18427713, 35.44967004], [134.18397825, 35.44959503], [134.18378077, 35.44949702], [134.1835653, 35.44933276], [134.18344474, 35.44922325], [134.18316218, 35.44901977], [134.1829463, 35.44883981], [134.18287869, 35.44881234], [134.1828408, 35.44882327], [134.18282507, 35.44885108], [134.18285444, 35.44902972], [134.18285595, 35.44935055], [134.18285031, 35.44950568], [134.1828355, 35.44953735], [134.18280012, 35.44954984], [134.18259871, 35.44954831], [134.18256913, 35.44954563], [134.18254542, 35.44953152], [134.18252533, 35.44948399], [134.18249896, 35.4491887], [134.18245282, 35.44891577], [134.18239393, 35.44867518], [134.18235519, 35.44860294], [134.18229646, 35.44855821], [134.18206714, 35.4484454], [134.18200839, 35.44842746], [134.18190192, 35.44843677], [134.18173923, 35.44850961], [134.18164569, 35.44854714], [134.18126055, 35.44877739], [134.18117172, 35.44878856], [134.18097423, 35.44874733], [134.1809487, 35.44873529], [134.18094465, 35.44871525], [134.18132141, 35.44842185], [134.18136228, 35.4483343], [134.18139111, 35.44815828], [134.18136786, 35.44811205], [134.18133663, 35.44808329], [134.18122933, 35.44804235], [134.18109834, 35.44804774], [134.18090651, 35.44809152], [134.1807765, 35.44815105], [134.18067691, 35.44822562], [134.18050005, 35.44845559], [134.18009349, 35.44882078], [134.17994306, 35.44898178], [134.17981992, 35.44907615], [134.17956399, 35.44924099], [134.17978064, 35.44941048], [134.17984217, 35.44948117], [134.18013635, 35.44918698], [134.1804038, 35.44901785], [134.18044614, 35.44901214], [134.1805042, 35.44902348], [134.18070003, 35.44910555], [134.18072931, 35.44913052], [134.18073444, 35.4491701], [134.18071721, 35.44920424], [134.18052488, 35.44938879], [134.18038162, 35.44955766], [134.18024049, 35.44978556], [134.18015536, 35.44995266], [134.18009833, 35.45006612], [134.18024543, 35.45028757], [134.18033963, 35.45040689], [134.1803705, 35.45055087], [134.18037297, 35.45059632], [134.180379, 35.4508136], [134.18025909, 35.45083894], [134.1801618, 35.45081307], [134.18004965, 35.45075649], [134.17998992, 35.45075396], [134.17993715, 35.45078041], [134.17966015, 35.45095679], [134.17960991, 35.45099922], [134.17954868, 35.45102212], [134.17946363, 35.45102202], [134.17938158, 35.45099797], [134.1793117, 35.4509766], [134.17925042, 35.45092354], [134.1792416, 35.45086724], [134.1792645, 35.45082339], [134.17931907, 35.45073658], [134.17937076, 35.45057919], [134.17951733, 35.45032128], [134.17940116, 35.45016535], [134.17925659, 35.45002252], [134.17913437, 35.4499069], [134.17899458, 35.44980498], [134.17877946, 35.4497072], [134.17860246, 35.44966565], [134.17854365, 35.4497791], [134.1784332, 35.44988497], [134.17833274, 35.449934], [134.17792991, 35.45009618], [134.17758293, 35.45017851], [134.17713247, 35.45022614], [134.17689535, 35.45020405], [134.17679987, 35.45015329], [134.17677708, 35.45009603], [134.1767909, 35.4500456], [134.17685175, 35.44996608], [134.176913, 35.44992036], [134.17698926, 35.44989178], [134.17718355, 35.44985257], [134.177583, 35.44971064], [134.17796633, 35.44951646], [134.17793774, 35.44940513], [134.17795304, 35.44936664], [134.17798803, 35.44933148], [134.17819144, 35.44909585], [134.17846305, 35.44920151], [134.17872891, 35.44924077], [134.17886972, 35.44924867], [134.17895614, 35.44924169], [134.17905103, 35.44921805], [134.17923041, 35.44914998], [134.17934349, 35.44908663], [134.17946091, 35.44899608], [134.1795871, 35.44884353], [134.17968665, 35.44872486], [134.17978212, 35.4485641], [134.17984722, 35.44849511], [134.17990564, 35.44844034], [134.18020151, 35.44818529], [134.18042569, 35.44801325], [134.18048781, 35.44795148], [134.18054128, 35.44787922], [134.18069724, 35.44774101], [134.18071566, 35.44769259], [134.18070761, 35.44765506], [134.18060281, 35.44753633], [134.18026888, 35.44708837], [134.1801862, 35.4469431], [134.18003304, 35.44661975], [134.17973038, 35.4461301], [134.17958585, 35.44595159], [134.17941123, 35.445785], [134.17932421, 35.4457188], [134.1790939, 35.44551939], [134.17890961, 35.44539435], [134.17835573, 35.44502558], [134.17814729, 35.44486766], [134.17805234, 35.44479456], [134.17226267, 35.44479427], [134.1722626, 35.44689063], [134.17251145, 35.44691542], [134.17271439, 35.44696935], [134.17290153, 35.4470538], [134.17310762, 35.44717214], [134.17324081, 35.44727763], [134.17345466, 35.44748092], [134.17369374, 35.44795636], [134.17373542, 35.44801836], [134.17358282, 35.44819535], [134.17331262, 35.44841135], [134.17320189, 35.44852968], [134.17304149, 35.4486719], [134.17296233, 35.44872208], [134.17251478, 35.44901998], [134.17242582, 35.44911969], [134.17238971, 35.44917957], [134.17232526, 35.44931047], [134.17226251, 35.44929682], [134.1722625, 35.44979827], [134.17248119, 35.44991867], [134.17259324, 35.45000505], [134.17262748, 35.45006695], [134.17261418, 35.45012341], [134.1725697, 35.45016096], [134.17241865, 35.45024486], [134.17226894, 35.45045029], [134.17226247, 35.45046191], [134.17226246, 35.4507893], [134.17226706, 35.45079273], [134.17275485, 35.45106639], [134.17291464, 35.45114041], [134.172879, 35.45127579], [134.17281392, 35.45141391], [134.17274909, 35.45150891], [134.17268113, 35.45157548], [134.17262546, 35.451604], [134.17257197, 35.45160422], [134.1724041, 35.45148599], [134.17235978, 35.45146876], [134.17230573, 35.45146823], [134.17226244, 35.45150302], [134.1722624, 35.45263475], [134.17231923, 35.45261874], [134.17266628, 35.45246085], [134.1726947, 35.45254183], [134.17268594, 35.45259149], [134.17265965, 35.45263868], [134.17250502, 35.45286158], [134.172276, 35.45312664], [134.17525836, 35.45312683], [134.17528638, 35.45311365], [134.17535693, 35.45305438], [134.17541294, 35.45297118], [134.17548018, 35.45277831], [134.17562986, 35.45239212], [134.17572578, 35.45212118], [134.17590921, 35.45171674], [134.17616746, 35.45136025], [134.17632225, 35.45123181], [134.17648507, 35.45101157], [134.17656315, 35.45087881], [134.17662964, 35.45080051], [134.17674383, 35.4507191], [134.17678769, 35.45070402], [134.17684614, 35.45070478], [134.17692066, 35.4507518], [134.17701771, 35.45086725], [134.17721879, 35.45114708], [134.17738303, 35.4514535], [134.177712, 35.45183856], [134.17773256, 35.45189492], [134.1777306, 35.45195067], [134.17766684, 35.45206123], [134.177462, 35.45225418], [134.17740638, 35.45228475], [134.17718489, 35.45238248], [134.17697584, 35.45216295], [134.17680922, 35.45203472], [134.17673722, 35.45200152], [134.17656444, 35.45194975], [134.1764995, 35.45194543], [134.17644166, 35.4519634], [134.17640433, 35.45200518], [134.1763917, 35.45204544], [134.1763872, 35.45214846], [134.17639975, 35.45223205], [134.17660103, 35.45254236], [134.17665272, 35.4525976], [134.17672025, 35.45264649], [134.17674478, 35.45303878], [134.17672565, 35.45308812], [134.17668023, 35.45312689], [134.18476126, 35.45312692], [134.18476139, 35.44953823], [134.18463698, 35.4496017]], [[134.17330538, 35.45269796], [134.17327389, 35.45265038], [134.17326321, 35.45259823], [134.17327996, 35.45245297], [134.1732711, 35.45231465], [134.17329032, 35.45224736], [134.17332328, 35.4522049], [134.17338726, 35.45216924], [134.17348398, 35.45214639], [134.17361861, 35.45213449], [134.17371326, 35.45214402], [134.1739029, 35.45221776], [134.17414162, 35.45237782], [134.17420212, 35.45239957], [134.17425102, 35.45239987], [134.17429289, 35.45238345], [134.17433742, 35.45232867], [134.17442134, 35.45203324], [134.17447349, 35.45195229], [134.17450932, 35.45193188], [134.17457119, 35.45192199], [134.1747698, 35.45194257], [134.17477558, 35.45202486], [134.17476083, 35.45211546], [134.17466975, 35.45235566], [134.17456652, 35.45257153], [134.17443365, 35.45279389], [134.17437705, 35.45286249], [134.17415863, 35.45301686], [134.17363597, 35.45288001], [134.1733508, 35.45273601], [134.17330538, 35.45269796]], [[134.18095555, 35.45049808], [134.18119741, 35.45033884], [134.18126672, 35.45031632], [134.18134728, 35.450343], [134.18155877, 35.45052319], [134.18158603, 35.45056805], [134.18159078, 35.45060395], [134.18154432, 35.45074452], [134.1815394, 35.45090887], [134.18155003, 35.45121175], [134.18152409, 35.45130282], [134.18147849, 35.45132066], [134.18141071, 35.45132746], [134.18129388, 35.45130352], [134.18108076, 35.45121689], [134.18110533, 35.45116243], [134.18110419, 35.45109216], [134.18099371, 35.45072714], [134.18094945, 35.45054861], [134.18095555, 35.45049808]]]}}, {"type": "Feature", "properties": {"MESH2_C": "533411", "grid_code": "53341134", "grid_area": 1048818.0305425748, "grid_perimeter": 4117.997213696366, "area": 103187.28504247754, "perimeter": 1580.436792617513, "connect": 0.5063135504746744, "connect_rev": 0.049813331895783304}, "geometry": {"type": "Polygon", "coordinates": [[[134.17961378, 35.4448236], [134.17967688, 35.44490642], [134.17985621, 35.44521971], [134.18002536, 35.44548051], [134.18006465, 35.4455608], [134.18011403, 35.4456599], [134.18047138, 35.44602496], [134.18067559, 35.44626222], [134.18087408, 35.44657855], [134.18100355, 35.44686269], [134.18102703, 35.44697249], [134.18107681, 35.44708623], [134.18112376, 35.44716006], [134.18116833, 35.44719999], [134.18124321, 35.44722697], [134.18143658, 35.44723338], [134.18180721, 35.44727489], [134.18193421, 35.44730497], [134.1823504, 35.44754819], [134.18267074, 35.44781842], [134.18272626, 35.4477769], [134.18288895, 35.44762308], [134.183025, 35.44770771], [134.18316018, 35.44775739], [134.18326458, 35.44777339], [134.18342174, 35.44775104], [134.18351871, 35.44776132], [134.18360924, 35.44779387], [134.18374261, 35.44787944], [134.18386338, 35.44797871], [134.18425034, 35.44836953], [134.18443687, 35.44852375], [134.18463833, 35.44864736], [134.18466726, 35.44870765], [134.18464895, 35.44887748], [134.18464152, 35.44900063], [134.1847614, 35.4490032], [134.18476145, 35.4476842], [134.18472181, 35.44766679], [134.18462848, 35.44758438], [134.18455463, 35.44747759], [134.18448017, 35.44729915], [134.18438101, 35.44716879], [134.18434151, 35.44710489], [134.18431158, 35.44695232], [134.18426838, 35.44688846], [134.18403804, 35.44646338], [134.18397424, 35.44625041], [134.1838833, 35.44608406], [134.18384558, 35.44597126], [134.18373362, 35.4457419], [134.18368677, 35.44563865], [134.18364357, 35.44546467], [134.18348739, 35.44512493], [134.18334737, 35.44489643], [134.18319642, 35.44479459], [134.17958104, 35.44479459], [134.17961378, 35.4448236]]]}}, {"type": "Feature", "properties": {"MESH2_C": "533411", "grid_code": "53341134", "grid_area": 1048818.0305425748, "grid_perimeter": 4117.997213696366, "area": 464.6852472390601, "perimeter": 115.30982877809747, "connect": 0.5063135504746744, "connect_rev": 0.00022432531719644177}, "geometry": {"type": "Polygon", "coordinates": [[[134.18458837, 35.44486787], [134.18468747, 35.44509464], [134.18476153, 35.44521969], [134.18476155, 35.44479455], [134.18456709, 35.44479456], [134.18458837, 35.44486787]]]}}, {"type": "Feature", "properties": {"MESH2_C": "533411", "grid_code": "53341124", "grid_area": 1048924.7000088692, "grid_perimeter": 4118.228582519346, "area": 905403.4989198939, "perimeter": 8311.710087826095, "connect": 0.745067658934916, "connect_rev": 0.6431222997475634}, "geometry": {"type": "Polygon", "coordinates": [[[134.17779988, 35.44460018], [134.17726843, 35.4442314], [134.17717532, 35.44416184], [134.17698372, 35.44431052], [134.17683448, 35.44440306], [134.17664792, 35.44445246], [134.17635945, 35.44416061], [134.17629915, 35.44414331], [134.1762349, 35.44414247], [134.17598155, 35.44418583], [134.17589275, 35.4441914], [134.17581293, 35.44417592], [134.17574714, 35.44413896], [134.17569275, 35.44408429], [134.17567133, 35.44390136], [134.17560079, 35.44365631], [134.17555955, 35.443529], [134.17555821, 35.44349107], [134.17563913, 35.44338586], [134.17573427, 35.44334629], [134.17577383, 35.44330922], [134.1757861, 35.44327647], [134.17576337, 35.4432016], [134.17568627, 35.44309116], [134.17565082, 35.44306896], [134.17549291, 35.44305318], [134.17543229, 35.44303334], [134.17516164, 35.4428668], [134.17486865, 35.44268799], [134.17459674, 35.44247671], [134.17450088, 35.44239175], [134.17445201, 35.44232653], [134.1743199, 35.44213494], [134.17424063, 35.44206141], [134.17392678, 35.44181168], [134.17388751, 35.44173965], [134.1739035, 35.44165858], [134.17392854, 35.44152192], [134.17394776, 35.44147088], [134.17399311, 35.44142235], [134.1740452, 35.44140608], [134.17412864, 35.44142492], [134.17455942, 35.44161682], [134.17477436, 35.44169263], [134.17484554, 35.44175371], [134.17503769, 35.4419697], [134.17507576, 35.44206194], [134.1751206, 35.44212838], [134.17534341, 35.44224286], [134.1754069, 35.44230661], [134.17543848, 35.44237284], [134.17544192, 35.44247076], [134.17546644, 35.44250391], [134.17549739, 35.44251699], [134.17566117, 35.44253607], [134.17569153, 35.44252698], [134.17570787, 35.44250123], [134.17571572, 35.44232961], [134.17573256, 35.44230506], [134.17576628, 35.44228836], [134.17582237, 35.44228391], [134.17589829, 35.44230179], [134.17613223, 35.44241474], [134.17636625, 35.44250427], [134.17642299, 35.44250116], [134.17660172, 35.44246936], [134.17691414, 35.44242888], [134.17701576, 35.44242609], [134.17739238, 35.44246998], [134.17743898, 35.44248145], [134.17749214, 35.44251365], [134.17755174, 35.44260082], [134.17753641, 35.44271919], [134.17742537, 35.44286968], [134.17740094, 35.44293383], [134.17738446, 35.44314931], [134.17738222, 35.44356676], [134.17746174, 35.44359486], [134.17764775, 35.44368594], [134.17772582, 35.44371455], [134.17781191, 35.44376025], [134.17838174, 35.44404022], [134.17875276, 35.44430469], [134.17901317, 35.44445114], [134.17923099, 35.44454315], [134.179327, 35.444597], [134.1794703, 35.44469645], [134.17958104, 35.44479459], [134.18319642, 35.44479459], [134.18313708, 35.44475456], [134.1830164, 35.44470723], [134.18281742, 35.44459926], [134.18270045, 35.44455086], [134.18234127, 35.44445532], [134.18205263, 35.44435647], [134.18153328, 35.4441515], [134.18124789, 35.44401674], [134.18119036, 35.44398809], [134.18117261, 35.44390601], [134.18124349, 35.44383867], [134.18132585, 35.44384069], [134.18158309, 35.44392956], [134.18230157, 35.44404646], [134.18264619, 35.44416734], [134.18282721, 35.44419387], [134.18303439, 35.44420025], [134.18310735, 35.44418393], [134.18315716, 35.44415152], [134.18319616, 35.44410528], [134.18322725, 35.44401231], [134.1832135, 35.4438725], [134.18311441, 35.44367505], [134.18306803, 35.44353211], [134.18305412, 35.44339281], [134.18305027, 35.44303433], [134.183012, 35.44287431], [134.18299967, 35.44270571], [134.18295746, 35.44254557], [134.18292222, 35.4424884], [134.18287325, 35.44245903], [134.1828081, 35.44244804], [134.18256721, 35.44246283], [134.18207181, 35.44245667], [134.18132606, 35.44244367], [134.1813128, 35.44237482], [134.18132404, 35.44230901], [134.18135852, 35.44226716], [134.18142978, 35.44224015], [134.18226749, 35.44216501], [134.18269097, 35.44209102], [134.18278361, 35.44203352], [134.18284901, 35.44195181], [134.18287205, 35.44186249], [134.18289007, 35.44178679], [134.18287014, 35.44163683], [134.18283957, 35.44153876], [134.18272045, 35.44127326], [134.18260958, 35.4410784], [134.18245552, 35.44075315], [134.18240992, 35.44067761], [134.18235984, 35.44057529], [134.18213518, 35.44023059], [134.18204864, 35.44015075], [134.18175247, 35.4400265], [134.18151399, 35.43987016], [134.1813724, 35.43980091], [134.18124662, 35.43976967], [134.18100049, 35.43974103], [134.18087337, 35.43975964], [134.18083395, 35.4397523], [134.18080517, 35.43972442], [134.18077034, 35.43964074], [134.18077351, 35.43960104], [134.1807939, 35.43956838], [134.18083658, 35.43954371], [134.18103774, 35.43947277], [134.18114388, 35.43943617], [134.18134701, 35.43937664], [134.18139014, 35.43934042], [134.1814126, 35.43927932], [134.18139884, 35.43921409], [134.18133509, 35.43911833], [134.18125652, 35.43904663], [134.18111671, 35.43897046], [134.18105155, 35.43884222], [134.18103632, 35.43867768], [134.18104653, 35.43860002], [134.18112577, 35.43836049], [134.18112673, 35.43818167], [134.18103717, 35.43796687], [134.18098568, 35.43789736], [134.18092693, 35.4378433], [134.18093151, 35.4378036], [134.18096022, 35.43775872], [134.18101091, 35.43772794], [134.18108864, 35.4377064], [134.18116803, 35.43770725], [134.18121029, 35.43772145], [134.18126074, 35.4377511], [134.1813037, 35.43779683], [134.18138514, 35.437915], [134.18143048, 35.43802949], [134.1814386, 35.43828117], [134.18136465, 35.43846067], [134.18134825, 35.4385393], [134.18136465, 35.43863271], [134.18141879, 35.43873299], [134.18164238, 35.43899235], [134.18178566, 35.43911036], [134.18217159, 35.43948466], [134.1823118, 35.43960352], [134.18240284, 35.43970356], [134.18263696, 35.43989945], [134.18281168, 35.44007185], [134.18309477, 35.44045302], [134.18323199, 35.44069533], [134.18347986, 35.44126388], [134.18349519, 35.44133081], [134.18356147, 35.44162952], [134.18360239, 35.44186132], [134.18363127, 35.44192885], [134.18365462, 35.44203966], [134.18364941, 35.44226155], [134.18366626, 35.44247553], [134.18371493, 35.44263957], [134.18371809, 35.44278384], [134.1837749, 35.44312834], [134.18389678, 35.44344575], [134.18401825, 35.44349648], [134.184138, 35.44357461], [134.18424104, 35.44367062], [134.18429222, 35.44375463], [134.18438548, 35.44402656], [134.18442712, 35.44434444], [134.18449292, 35.44448129], [134.18451963, 35.44463107], [134.18456709, 35.44479456], [134.18476155, 35.44479455], [134.18476167, 35.44129388], [134.18474463, 35.44128537], [134.18438942, 35.44113917], [134.18434652, 35.44111548], [134.18431188, 35.44107733], [134.18432019, 35.44103404], [134.18436411, 35.44099866], [134.18465456, 35.44094674], [134.18476168, 35.44094722], [134.18476183, 35.43646218], [134.17226295, 35.4364619], [134.17226267, 35.44479427], [134.17805234, 35.44479456], [134.17779988, 35.44460018]], [[134.17534998, 35.43850677], [134.17543223, 35.43866888], [134.17551447, 35.43877194], [134.17556946, 35.43888498], [134.17557953, 35.43901714], [134.17552133, 35.43912943], [134.17539661, 35.43924873], [134.17534497, 35.43928107], [134.17526893, 35.43930109], [134.17517648, 35.43929538], [134.17515556, 35.4392034], [134.1750988, 35.43910281], [134.17504455, 35.43905528], [134.17498955, 35.43904469], [134.17491354, 35.43906343], [134.17471946, 35.43917575], [134.17447794, 35.43929325], [134.17434067, 35.43933817], [134.17417978, 35.43935624], [134.17398629, 35.4393121], [134.17394025, 35.43927657], [134.17391452, 35.43921268], [134.17386702, 35.43880947], [134.17383282, 35.43873424], [134.17370449, 35.43854454], [134.17371116, 35.4384848], [134.17376511, 35.43843586], [134.17468173, 35.43802365], [134.17481268, 35.43799391], [134.17485792, 35.43815555], [134.17492209, 35.43827826], [134.17499032, 35.43833076], [134.17523558, 35.43841256], [134.17531272, 35.43846282], [134.17534998, 35.43850677]]]}}, {"type": "Feature", "properties": {"MESH2_C": "533411", "grid_code": "53341123", "grid_area": 1048925.543236062, "grid_perimeter": 4118.230237841828, "area": 873022.0280753237, "perimeter": 5873.211552238824, "connect": 0.6927253508697698, "connect_rev": 0.5765561670371236}, "geometry": {"type": "Polygon", "coordinates": [[[134.15976951, 35.44253686], [134.16000273, 35.4426799], [134.16002573, 35.44273605], [134.15998124, 35.44283596], [134.15999028, 35.44288034], [134.16032351, 35.44316764], [134.16051112, 35.44340653], [134.16055408, 35.44359828], [134.16060537, 35.44407446], [134.16060596, 35.44419875], [134.16063469, 35.44434147], [134.16064448, 35.44448352], [134.16066587, 35.44460139], [134.1607985, 35.44479406], [134.16587842, 35.44479428], [134.16597724, 35.44452606], [134.16602353, 35.4444549], [134.16610278, 35.44437921], [134.16616044, 35.44430982], [134.16629736, 35.4441786], [134.16638842, 35.44404934], [134.16642042, 35.44397373], [134.16641219, 35.44390906], [134.16635877, 35.44383942], [134.16613903, 35.44363853], [134.16609402, 35.44356702], [134.16604222, 35.44344017], [134.16597061, 35.44333415], [134.16587453, 35.44324277], [134.16571926, 35.44313769], [134.16566606, 35.44307226], [134.16562565, 35.44299825], [134.16570563, 35.44289067], [134.16579091, 35.44280361], [134.16588012, 35.44273476], [134.16595217, 35.44270617], [134.16625516, 35.4427004], [134.16645347, 35.44272678], [134.16673711, 35.44272968], [134.16696355, 35.44270774], [134.16693578, 35.44260985], [134.16687739, 35.44246862], [134.16680732, 35.44235883], [134.16672359, 35.44229301], [134.16660216, 35.44226008], [134.16648973, 35.44221144], [134.16606775, 35.44213469], [134.16599419, 35.44210514], [134.16580428, 35.44199243], [134.16557692, 35.44176565], [134.16536319, 35.4415186], [134.16497415, 35.44100804], [134.16485399, 35.44072709], [134.16483051, 35.44062681], [134.16478931, 35.44027048], [134.16476883, 35.4396595], [134.16483103, 35.43918999], [134.16485986, 35.43906839], [134.1649287, 35.43899412], [134.16510965, 35.43888009], [134.1652347, 35.43884464], [134.16533899, 35.43883593], [134.16542689, 35.43884014], [134.16550647, 35.43885842], [134.16558435, 35.43890716], [134.16563973, 35.43896087], [134.16574985, 35.43914409], [134.16578974, 35.43926833], [134.16583696, 35.43934074], [134.16593311, 35.43942691], [134.1660465, 35.43949364], [134.16615369, 35.43945978], [134.16636233, 35.43946197], [134.16653509, 35.43950041], [134.16663576, 35.43954567], [134.16683045, 35.43975369], [134.16687932, 35.43983814], [134.16695964, 35.44007035], [134.16703747, 35.44017398], [134.16716327, 35.44030692], [134.16722645, 35.44035313], [134.16730061, 35.44038244], [134.16761179, 35.44043295], [134.16769295, 35.44049436], [134.16772567, 35.4405561], [134.16775613, 35.44067591], [134.1677607, 35.44089004], [134.16778973, 35.44115505], [134.16799657, 35.44167704], [134.16803403, 35.4418084], [134.16806968, 35.44186849], [134.16812456, 35.44192301], [134.16822909, 35.44199936], [134.16833669, 35.44207692], [134.16853915, 35.44221218], [134.16868803, 35.44237948], [134.1687466, 35.44247627], [134.16882427, 35.44275418], [134.16884459, 35.4429345], [134.16893445, 35.44360975], [134.16895047, 35.4437766], [134.16918926, 35.44383566], [134.16925752, 35.44389113], [134.16930009, 35.44394948], [134.16936961, 35.44412892], [134.16954189, 35.44434448], [134.16984122, 35.44455984], [134.17000454, 35.44477948], [134.17001374, 35.44479431], [134.17226267, 35.44479427], [134.17226295, 35.4364619], [134.15976407, 35.43646161], [134.15976386, 35.44253361], [134.15976951, 35.44253686]], [[134.16433313, 35.44302797], [134.16452736, 35.44316998], [134.16458187, 35.44323939], [134.16461013, 35.44331753], [134.16459534, 35.44343742], [134.16449252, 35.44361844], [134.16445944, 35.44370143], [134.16425913, 35.44390879], [134.16416194, 35.44394747], [134.16387719, 35.44398258], [134.16332419, 35.44401743], [134.16322235, 35.44401071], [134.16313122, 35.44401102], [134.1631112, 35.44389642], [134.16313221, 35.44378773], [134.16326967, 35.44358617], [134.16348736, 35.44332505], [134.1636591, 35.44308063], [134.16372726, 35.44303357], [134.16390999, 35.44293711], [134.16398721, 35.44291512], [134.16406982, 35.4429157], [134.16415017, 35.44293538], [134.1642529, 35.44297711], [134.16433313, 35.44302797]]]}}, {"type": "Feature", "properties": {"MESH2_C": "533411", "grid_code": "53341133", "grid_area": 1048818.873504907, "grid_perimeter": 4117.99886857415, "area": 12478.343888520962, "perimeter": 600.7933881028963, "connect": 0.19302452074228177, "connect_rev": 0.002296513163126131}, "geometry": {"type": "Polygon", "coordinates": [[[134.16671808, 35.44606858], [134.16669295, 35.44612751], [134.16665009, 35.44616921], [134.16640331, 35.44631322], [134.16604194, 35.44656531], [134.1660448, 35.44660141], [134.16614588, 35.44680886], [134.16617781, 35.44683363], [134.16622207, 35.44683142], [134.16630989, 35.44679298], [134.1665137, 35.44672889], [134.16699444, 35.4465995], [134.1671704, 35.44656449], [134.16730563, 35.44651796], [134.16738011, 35.44646658], [134.16742049, 35.44640628], [134.167498, 35.44604711], [134.16733608, 35.44592333], [134.16701774, 35.44552424], [134.1667524, 35.4452227], [134.16642781, 35.4448831], [134.1663634, 35.44483231], [134.16629847, 35.44488234], [134.166256, 35.4449403], [134.16624443, 35.44499074], [134.16625616, 35.44505616], [134.16646898, 35.44546167], [134.16669786, 35.44597632], [134.16671808, 35.44606858]]]}}, {"type": "Feature", "properties": {"MESH2_C": "533411", "grid_code": "53341133", "grid_area": 1048818.873504907, "grid_perimeter": 4117.99886857415, "area": 413118.98057230725, "perimeter": 4529.928370325421, "connect": 0.19302452074228177, "connect_rev": 0.07603037592947792}, "geometry": {"type": "Polygon", "coordinates": [[[134.16097605, 35.44505197], [134.16104306, 35.44517046], [134.1610826, 35.44528293], [134.16111303, 35.44532702], [134.16116297, 35.44535808], [134.16130349, 35.44539724], [134.16149368, 35.4454069], [134.16171035, 35.4454341], [134.16176731, 35.44545582], [134.16183381, 35.44551371], [134.16208083, 35.4457804], [134.1621807, 35.44592038], [134.16246104, 35.44623162], [134.16247332, 35.4462856], [134.16246291, 35.44642346], [134.16252548, 35.44667396], [134.16260474, 35.4467775], [134.16278317, 35.44696359], [134.1628235, 35.44703677], [134.162831, 35.44722213], [134.162803, 35.44737047], [134.16282921, 35.4474436], [134.16293854, 35.44753204], [134.16327567, 35.44773975], [134.16366372, 35.44804801], [134.16390107, 35.44820658], [134.16396121, 35.44830836], [134.1639294, 35.44860887], [134.16394983, 35.44871118], [134.16398602, 35.44891296], [134.16421442, 35.4496065], [134.16429037, 35.44975153], [134.16448017, 35.45005711], [134.1646351, 35.45043373], [134.16473127, 35.45061315], [134.16497981, 35.45117908], [134.16502212, 35.4512541], [134.1651025, 35.45143], [134.16512686, 35.45146441], [134.16515814, 35.45148971], [134.16519846, 35.45150218], [134.16561234, 35.45157474], [134.1657983, 35.45160352], [134.16587951, 35.45160286], [134.16608799, 35.45156379], [134.16619858, 35.45156441], [134.16632539, 35.45159444], [134.16643271, 35.45159963], [134.16653462, 35.45158872], [134.1667319, 35.45151797], [134.16687851, 35.45141548], [134.16711188, 35.45118352], [134.16713354, 35.45123748], [134.16718481, 35.45129568], [134.16762401, 35.4516428], [134.1674947, 35.45185002], [134.16743157, 35.45198856], [134.16727929, 35.45247318], [134.1672555, 35.45268363], [134.16729751, 35.45279232], [134.16735413, 35.45297611], [134.16743066, 35.45312668], [134.16989901, 35.45312669], [134.16991331, 35.45309612], [134.17002119, 35.45293012], [134.17014328, 35.4527824], [134.17016733, 35.45271084], [134.17008615, 35.45247947], [134.169893, 35.45212463], [134.16989123, 35.45204321], [134.16991461, 35.4519213], [134.16991849, 35.45161823], [134.16986713, 35.45155327], [134.16978085, 35.45151693], [134.16966183, 35.45150493], [134.16925286, 35.45152907], [134.1691565, 35.45150629], [134.16907273, 35.45145924], [134.16893366, 35.45134209], [134.1687456, 35.45114762], [134.16869764, 35.45108701], [134.16877602, 35.45103099], [134.16886188, 35.45099114], [134.16915384, 35.45093843], [134.16936389, 35.45096607], [134.16943579, 35.45100344], [134.16967265, 35.45116362], [134.1697235, 35.45117491], [134.16976975, 35.45115763], [134.1697905, 35.4511181], [134.16978513, 35.45106773], [134.16966835, 35.45081178], [134.16963619, 35.45065782], [134.16964679, 35.45057643], [134.1697078, 35.45051757], [134.16980576, 35.45049481], [134.1699218, 35.45051014], [134.17006782, 35.45057223], [134.17020737, 35.45070214], [134.17026271, 35.45078933], [134.17029581, 35.45086814], [134.17033854, 35.45090319], [134.17039631, 35.45090328], [134.17062717, 35.45083955], [134.17072514, 35.45083941], [134.17087933, 35.45088673], [134.17123626, 35.45105685], [134.17133312, 35.45106734], [134.17139397, 35.45104919], [134.17144354, 35.45101364], [134.17147938, 35.45095265], [134.17148716, 35.45085231], [134.17145864, 35.45079338], [134.17137351, 35.45073876], [134.17111964, 35.45064368], [134.17080575, 35.45049693], [134.17072059, 35.45043063], [134.17067308, 35.45037497], [134.17064531, 35.45031022], [134.17064591, 35.45024147], [134.17068673, 35.45015298], [134.1707764, 35.45005361], [134.17086094, 35.44998083], [134.1711362, 35.44978867], [134.17136482, 35.44968159], [134.17170929, 35.44963618], [134.17182024, 35.44965168], [134.17217721, 35.44975132], [134.1722625, 35.44979827], [134.17226251, 35.44929682], [134.17202183, 35.44924445], [134.17196797, 35.44921713], [134.17196143, 35.44919473], [134.17197046, 35.44917042], [134.17201305, 35.44910897], [134.17212529, 35.44889486], [134.17215378, 35.44882959], [134.17226254, 35.44863557], [134.17226258, 35.44724137], [134.17215256, 35.4472379], [134.17120817, 35.44727902], [134.17105626, 35.44727861], [134.1708621, 35.44731498], [134.1706016, 35.44739289], [134.17041498, 35.44747794], [134.17032276, 35.44750489], [134.16984537, 35.44753537], [134.16967955, 35.44759247], [134.16957057, 35.44765009], [134.16947455, 35.44772479], [134.16934522, 35.44786305], [134.16884682, 35.44817191], [134.16872495, 35.44821241], [134.16865939, 35.44820528], [134.16861226, 35.44818334], [134.16847561, 35.4480822], [134.16834216, 35.44792724], [134.1682801, 35.44788212], [134.16822345, 35.44786138], [134.16814675, 35.44785922], [134.16808673, 35.44787707], [134.16782452, 35.44803108], [134.167767, 35.44805293], [134.16773795, 35.44805028], [134.16770195, 35.44802819], [134.16764306, 35.44792995], [134.16743414, 35.4475933], [134.16732462, 35.44744623], [134.16714034, 35.44716892], [134.16707752, 35.44712802], [134.16701755, 35.44711941], [134.16664825, 35.44723352], [134.16636735, 35.44727141], [134.16622604, 35.44730641], [134.16583918, 35.44745089], [134.16557638, 35.44754181], [134.16530607, 35.44709892], [134.16507831, 35.44659072], [134.16503344, 35.44650585], [134.16500672, 35.44643509], [134.16474893, 35.44581896], [134.16470497, 35.44563383], [134.1647107, 35.44559664], [134.16473337, 35.44556598], [134.16477011, 35.44555059], [134.16482987, 35.44555568], [134.16499625, 35.44562481], [134.1651982, 35.4457316], [134.16528957, 35.44581082], [134.16556582, 35.44600867], [134.16563213, 35.44602371], [134.1656859, 35.44599281], [134.16571483, 35.44591311], [134.16573641, 35.44567185], [134.16572764, 35.44532895], [134.16575774, 35.44512184], [134.16587842, 35.44479428], [134.1607985, 35.44479406], [134.16097605, 35.44505197]]]}}, {"type": "Feature", "properties": {"MESH2_C": "533411", "grid_code": "53341133", "grid_area": 1048818.873504907, "grid_perimeter": 4117.99886857415, "area": 200934.6913567114, "perimeter": 2557.76062338461, "connect": 0.19302452074228177, "connect_rev": 0.03698000053147029}, "geometry": {"type": "Polygon", "coordinates": [[[134.161563, 35.44863175], [134.16146145, 35.44824117], [134.16146533, 35.44821708], [134.16148723, 35.44820027], [134.16151929, 35.44819261], [134.16181662, 35.44817065], [134.16200214, 35.44815363], [134.16220871, 35.44816891], [134.16192477, 35.44783994], [134.16161232, 35.44738178], [134.16160341, 35.44729661], [134.16149619, 35.44668112], [134.161454, 35.44662284], [134.16130649, 35.44641477], [134.16090189, 35.44587175], [134.1607118, 35.44566015], [134.1605146, 35.44552238], [134.16025903, 35.44532714], [134.16015503, 35.44517495], [134.16000202, 35.44502288], [134.15981767, 35.44479399], [134.15976379, 35.44479398], [134.1597635, 35.45312636], [134.16419021, 35.4531266], [134.16413907, 35.45288864], [134.16412209, 35.45274864], [134.16412288, 35.45228066], [134.16403986, 35.45187358], [134.16400404, 35.45183565], [134.16394962, 35.45181551], [134.16340018, 35.45178999], [134.16306467, 35.45175528], [134.1628519, 35.45174526], [134.16279724, 35.45172189], [134.1627582, 35.45168197], [134.16273248, 35.45161712], [134.16271398, 35.45147794], [134.16280144, 35.45093889], [134.16283435, 35.45081698], [134.16285103, 35.45067584], [134.16282793, 35.45055246], [134.16263792, 35.45023939], [134.16237549, 35.44995713], [134.16236495, 35.44980087], [134.16241771, 35.44930509], [134.16241587, 35.44926626], [134.16235099, 35.44903476], [134.16224195, 35.44908071], [134.16215983, 35.44909978], [134.16207555, 35.44909514], [134.16200869, 35.44907053], [134.16182375, 35.44898521], [134.16175442, 35.44892503], [134.16168947, 35.44884211], [134.161563, 35.44863175]]]}}, {"type": "Feature", "properties": {"MESH2_C": "533411", "grid_code": "53341132", "grid_area": 1048819.7830108777, "grid_perimeter": 4118.0006540851755, "area": 1048819.7830108758, "perimeter": 4118.0006540851755, "connect": 0.9999999999999964, "connect_rev": 0.9999999999999947}, "geometry": {"type": "Polygon", "coordinates": [[[134.14726462, 35.45312607], [134.1597635, 35.45312636], [134.15976379, 35.44479398], [134.14726491, 35.4447937], [134.14726462, 35.45312607]]]}}, {"type": "Feature", "properties": {"MESH2_C": "533411", "grid_code": "53341123", "grid_area": 1048925.543236062, "grid_perimeter": 4118.230237841828, "area": 18.154013510313234, "perimeter": 21.20323420132285, "connect": 0.6927253508697698, "connect_rev": 1.1989168782970605e-05}, "geometry": {"type": "Polygon", "coordinates": [[[134.15976379, 35.44472708], [134.15976379, 35.44479398], [134.15981767, 35.44479399], [134.15976379, 35.44472708]]]}}, {"type": "Feature", "properties": {"MESH2_C": "533411", "grid_code": "53341122", "grid_area": 1048926.453019753, "grid_perimeter": 4118.232023817138, "area": 64175.499383251496, "perimeter": 1687.7536671582156, "connect": 0.5873986477377677, "connect_rev": 0.03593826950125357}, "geometry": {"type": "Polygon", "coordinates": [[[134.15798118, 35.43653914], [134.15795659, 35.43663534], [134.15793063, 35.43684721], [134.15793907, 35.43689944], [134.15798585, 35.43695207], [134.15813787, 35.43704193], [134.15819957, 35.43710554], [134.15827665, 35.43726826], [134.15831345, 35.43745818], [134.15836238, 35.43757192], [134.15848346, 35.43771932], [134.15854878, 35.43776281], [134.15861306, 35.4377868], [134.15873676, 35.43786271], [134.1589264, 35.43807857], [134.15898721, 35.43816389], [134.15905929, 35.43833121], [134.15913066, 35.43845909], [134.15915178, 35.43855015], [134.15910926, 35.43865854], [134.15903589, 35.43873361], [134.15879871, 35.43889988], [134.15860651, 35.4391098], [134.15843011, 35.43952393], [134.15834863, 35.4399085], [134.15835893, 35.44007329], [134.15837976, 35.44013854], [134.15860603, 35.44056877], [134.1586813, 35.44064212], [134.15886083, 35.44081218], [134.15903655, 35.44114512], [134.15911767, 35.44126794], [134.15916528, 35.44129572], [134.15920244, 35.4412922], [134.15929254, 35.44123269], [134.15934813, 35.44121625], [134.15939895, 35.44123555], [134.15943329, 35.44127959], [134.15944169, 35.4413323], [134.15942114, 35.44142406], [134.15925682, 35.44173224], [134.159128, 35.44201599], [134.15895546, 35.44229013], [134.15913345, 35.44240504], [134.15917838, 35.44241234], [134.15936, 35.44238955], [134.15947903, 35.44240315], [134.15960241, 35.44244068], [134.15976386, 35.44253361], [134.15976407, 35.43646161], [134.15796659, 35.43646165], [134.15798118, 35.43653914]]]}}, {"type": "Feature", "properties": {"MESH2_C": "533411", "grid_code": "53341112", "grid_area": 1049033.1006451398, "grid_perimeter": 4118.463345701632, "area": 316327.99788665556, "perimeter": 4547.302102811464, "connect": 0.2015296709185162, "connect_rev": 0.06076974813969721}, "geometry": {"type": "Polygon", "coordinates": [[[134.15574146, 35.42817], [134.1556198, 35.4281676], [134.1555475, 35.42818281], [134.15528325, 35.42829005], [134.15513816, 35.42838757], [134.15485707, 35.42860676], [134.15464428, 35.42883613], [134.15459692, 35.42890716], [134.15442502, 35.42928398], [134.15438933, 35.4293272], [134.15434578, 35.42935078], [134.15408468, 35.42943618], [134.15397104, 35.42949427], [134.15379777, 35.42964104], [134.15366154, 35.42971871], [134.15350349, 35.42984023], [134.15345089, 35.42990641], [134.15346318, 35.42996569], [134.15361646, 35.43011982], [134.15380879, 35.43037447], [134.15390438, 35.4305309], [134.15395953, 35.43060319], [134.15414622, 35.43092185], [134.15431147, 35.43115732], [134.15450178, 35.43135727], [134.15466806, 35.43154133], [134.15479739, 35.43174315], [134.15498488, 35.43219607], [134.15507507, 35.43232017], [134.15515231, 35.43239259], [134.15530882, 35.43246248], [134.15551781, 35.43260795], [134.15582628, 35.43287688], [134.15610263, 35.43321743], [134.15625655, 35.43349865], [134.15626373, 35.43361854], [134.15619868, 35.43375541], [134.15586108, 35.43416025], [134.15580255, 35.43425595], [134.15578711, 35.43441078], [134.15579784, 35.43453748], [134.1558296, 35.43468216], [134.15585657, 35.43484338], [134.15596876, 35.43492833], [134.15621271, 35.43517862], [134.15633091, 35.43525747], [134.15641612, 35.43531631], [134.15660538, 35.4354701], [134.15691938, 35.43562435], [134.15705921, 35.43566552], [134.15717807, 35.4356803], [134.15730073, 35.43567951], [134.1573828, 35.43568819], [134.15749961, 35.43570193], [134.15783548, 35.43574356], [134.15781586, 35.43591358], [134.15782945, 35.43605478], [134.15786321, 35.43618884], [134.15794564, 35.43635037], [134.15796659, 35.43646165], [134.15976407, 35.43646161], [134.15976415, 35.43401187], [134.15974416, 35.43402286], [134.15949995, 35.43413572], [134.15933395, 35.43427377], [134.15907021, 35.4344513], [134.15901747, 35.43448686], [134.15863663, 35.43461874], [134.15832096, 35.43476294], [134.15812822, 35.43481614], [134.15806302, 35.43486169], [134.15801323, 35.43493057], [134.15794231, 35.43506637], [134.15793333, 35.43514719], [134.157578, 35.43527426], [134.15756983, 35.4351786], [134.15758997, 35.4350592], [134.15763241, 35.43491392], [134.15776959, 35.43456993], [134.15777413, 35.43439206], [134.15779311, 35.4343011], [134.15782049, 35.43423758], [134.15786556, 35.43418703], [134.15803328, 35.43410242], [134.15816894, 35.43405427], [134.15884228, 35.43395857], [134.15901715, 35.43385494], [134.15968875, 35.43364449], [134.15974249, 35.43361649], [134.15976417, 35.43359946], [134.15976435, 35.42812924], [134.15589013, 35.42812929], [134.15574146, 35.42817]], [[134.15675341, 35.4306852], [134.15668964, 35.43063643], [134.15652236, 35.43054885], [134.15645464, 35.43048969], [134.15637883, 35.43038426], [134.15633275, 35.43022218], [134.15628602, 35.43016996], [134.15631504, 35.43007534], [134.15632158, 35.4299244], [134.15630838, 35.42985343], [134.15626848, 35.42981449], [134.15606323, 35.42970267], [134.15588646, 35.42963913], [134.15579567, 35.42957684], [134.1557662, 35.42951709], [134.15577122, 35.42946705], [134.15580385, 35.42942468], [134.15586804, 35.42938883], [134.15609118, 35.42934082], [134.15625291, 35.42933598], [134.15643817, 35.42935658], [134.15656629, 35.42941877], [134.15661762, 35.42948454], [134.15663415, 35.42957407], [134.15662414, 35.42969857], [134.1565836, 35.42981527], [134.15657566, 35.42988907], [134.15659988, 35.42995607], [134.15665521, 35.43000317], [134.15672218, 35.43000037], [134.1569191, 35.42992883], [134.15701493, 35.42987517], [134.15716102, 35.4297633], [134.15725117, 35.42973189], [134.15729516, 35.42973214], [134.15734855, 35.42975531], [134.1575394, 35.42992119], [134.15746174, 35.4301017], [134.15739437, 35.43035641], [134.15736091, 35.43070191], [134.15737198, 35.43075763], [134.15739011, 35.43079857], [134.15796591, 35.43042815], [134.15826824, 35.43024473], [134.15839044, 35.43016849], [134.15844957, 35.43015249], [134.15851119, 35.43016099], [134.1586046, 35.43019653], [134.15870294, 35.43025216], [134.15873589, 35.43028536], [134.15896359, 35.43066008], [134.15899588, 35.43074213], [134.15901688, 35.43085615], [134.15902771, 35.43115847], [134.15901701, 35.43119898], [134.1589816, 35.43124547], [134.15870408, 35.43139053], [134.15837025, 35.43160314], [134.15790555, 35.43183986], [134.15783518, 35.43189955], [134.15778716, 35.43199977], [134.15767459, 35.43243853], [134.15765204, 35.43276568], [134.15763486, 35.43280135], [134.1575899, 35.43283214], [134.15749302, 35.43283947], [134.15738885, 35.43282592], [134.15732791, 35.43279601], [134.15731377, 35.43276446], [134.1573454, 35.43248652], [134.15733512, 35.43229217], [134.15743908, 35.43199532], [134.15742904, 35.43192293], [134.15707513, 35.43155291], [134.15687654, 35.43138316], [134.15680729, 35.43134377], [134.15685631, 35.43126905], [134.15703159, 35.43108972], [134.15719464, 35.43091679], [134.15693962, 35.43076346], [134.15684124, 35.43071888], [134.15675341, 35.4306852]]]}}, {"type": "Feature", "properties": {"MESH2_C": "533411", "grid_code": "53341113", "grid_area": 1049032.190579377, "grid_perimeter": 4118.461559254007, "area": 964854.5659708483, "perimeter": 6086.453606701725, "connect": 0.8459892331574095, "connect_rev": 0.7781044106218392}, "geometry": {"type": "Polygon", "coordinates": [[[134.17168361, 35.42824489], [134.17168846, 35.42834094], [134.17179438, 35.42859477], [134.17188376, 35.42876674], [134.17195215, 35.42897448], [134.17197391, 35.42916973], [134.17194396, 35.42934869], [134.17191044, 35.42942402], [134.17185691, 35.42949243], [134.1716874, 35.42964286], [134.17149493, 35.42974557], [134.17125064, 35.42982247], [134.17116036, 35.42988429], [134.17107819, 35.42998779], [134.17088553, 35.43033036], [134.17076297, 35.43052527], [134.17061855, 35.43081275], [134.17056985, 35.43086128], [134.17052644, 35.43087811], [134.17045955, 35.43088314], [134.17038878, 35.43087292], [134.17033399, 35.43084593], [134.1702964, 35.43077525], [134.17030679, 35.43064381], [134.17034075, 35.43056586], [134.17039131, 35.43035034], [134.17038143, 35.43028163], [134.17033989, 35.43022703], [134.17010515, 35.43010275], [134.16997387, 35.43004812], [134.16973264, 35.42996608], [134.16937751, 35.42989488], [134.16927547, 35.42989378], [134.16921448, 35.42991389], [134.16906696, 35.43002152], [134.16883482, 35.43015784], [134.16870603, 35.4302536], [134.16842798, 35.4304113], [134.16822106, 35.43051002], [134.16805724, 35.43052837], [134.16791724, 35.43056488], [134.16772048, 35.43059391], [134.16734879, 35.43069535], [134.16728176, 35.43069379], [134.16723661, 35.43067901], [134.16720377, 35.43065267], [134.16719119, 35.43062106], [134.16721265, 35.43054658], [134.16727792, 35.43046404], [134.1675855, 35.43027157], [134.16778571, 35.4302139], [134.16800567, 35.43019623], [134.16806826, 35.43018051], [134.16828771, 35.43009058], [134.16853375, 35.4299458], [134.16870493, 35.42979486], [134.16885357, 35.429709], [134.16890764, 35.42965654], [134.16892791, 35.42961913], [134.16893413, 35.42956613], [134.16889136, 35.42943279], [134.16889392, 35.42936358], [134.16889795, 35.42917599], [134.16900213, 35.42895057], [134.16906831, 35.42885772], [134.169251, 35.42867499], [134.16930198, 35.42859134], [134.16931993, 35.42845164], [134.16930897, 35.42839703], [134.16927656, 35.42833429], [134.16920766, 35.42827449], [134.16915116, 35.42824806], [134.16887238, 35.42820034], [134.16875485, 35.42820892], [134.16836198, 35.42830509], [134.16817835, 35.42830373], [134.16805497, 35.42826493], [134.16795114, 35.42819964], [134.16787693, 35.42812957], [134.15976435, 35.42812924], [134.15976417, 35.43359946], [134.15988789, 35.43350226], [134.16005426, 35.43341012], [134.16027196, 35.43325257], [134.16047709, 35.43304023], [134.16060934, 35.43293155], [134.16092484, 35.43274395], [134.1609983, 35.43274329], [134.16104923, 35.43277529], [134.16109062, 35.43282075], [134.16111892, 35.43288387], [134.16111454, 35.43293258], [134.16107975, 35.43299311], [134.1610069, 35.43308439], [134.16087809, 35.43319094], [134.16059139, 35.43349535], [134.16008977, 35.43383283], [134.15976415, 35.43401187], [134.15976407, 35.43646161], [134.17226295, 35.4364619], [134.17226299, 35.4352942], [134.17201458, 35.43524057], [134.17182229, 35.43518507], [134.17159683, 35.43515119], [134.17138728, 35.43514097], [134.17113733, 35.4351011], [134.17109127, 35.43501366], [134.1710379, 35.43478347], [134.17105281, 35.43474571], [134.17109412, 35.43471393], [134.17120055, 35.43469795], [134.17151888, 35.43474044], [134.17165519, 35.43477905], [134.17206456, 35.43485381], [134.172263, 35.43487528], [134.17226323, 35.42812952], [134.17171408, 35.42812954], [134.17168361, 35.42824489]], [[134.16745033, 35.43384247], [134.16739753, 35.43377321], [134.16736936, 35.43371036], [134.16733454, 35.43347309], [134.16733962, 35.43342434], [134.16737436, 35.43338939], [134.16745438, 35.43336933], [134.16762592, 35.43338074], [134.16767578, 35.43339357], [134.16783775, 35.43355003], [134.16795427, 35.43371456], [134.16805752, 35.43378423], [134.16815996, 35.43382102], [134.16821997, 35.4338268], [134.16831155, 35.43379628], [134.16837129, 35.43374464], [134.16842022, 35.43365584], [134.16851914, 35.4336855], [134.16872867, 35.43377088], [134.16878118, 35.43381495], [134.16880069, 35.43391512], [134.16881868, 35.43408301], [134.16884315, 35.43416138], [134.16898201, 35.43432893], [134.16909951, 35.43442775], [134.16918268, 35.43458839], [134.16922939, 35.43464832], [134.16918048, 35.43468566], [134.16907935, 35.43479798], [134.16902531, 35.43482142], [134.16897772, 35.43482103], [134.1688908, 35.43478206], [134.168739, 35.43464399], [134.16856337, 35.43453252], [134.16850126, 35.43446521], [134.16830962, 35.43435919], [134.16816608, 35.43422767], [134.16776487, 35.43404698], [134.1675584, 35.43392996], [134.16745033, 35.43384247]]]}}, {"type": "Feature", "properties": {"MESH2_C": "533411", "grid_code": "53341114", "grid_area": 1049031.3470918685, "grid_perimeter": 4118.459903495694, "area": 747409.1798076802, "perimeter": 8795.607417307296, "connect": 0.5076214009547794, "connect_rev": 0.3616678338471151}, "geometry": {"type": "Polygon", "coordinates": [[[134.18469716, 35.43023761], [134.18441322, 35.43012983], [134.18427122, 35.43010251], [134.1841557, 35.43010922], [134.18407319, 35.43012721], [134.18403502, 35.43014728], [134.18400262, 35.43018985], [134.18399698, 35.43027348], [134.18402621, 35.43038188], [134.18407608, 35.43046709], [134.18418558, 35.43058466], [134.18431774, 35.43067683], [134.18464942, 35.43079679], [134.18473022, 35.4308682], [134.18474902, 35.43093315], [134.18472706, 35.43099777], [134.18466344, 35.43106367], [134.18459625, 35.43110692], [134.18445071, 35.43117189], [134.18436497, 35.43123618], [134.18429332, 35.43132869], [134.18421902, 35.43147788], [134.18409335, 35.43158584], [134.18406072, 35.4316476], [134.18391197, 35.43161992], [134.18379063, 35.43157977], [134.18368939, 35.43151352], [134.18360841, 35.4314366], [134.18358677, 35.43140194], [134.18358665, 35.43135599], [134.18364102, 35.43124607], [134.18365528, 35.43114849], [134.18363073, 35.43102765], [134.18357805, 35.43094363], [134.18352516, 35.43089071], [134.18340825, 35.43080418], [134.18332748, 35.43078414], [134.1832667, 35.43081811], [134.18322027, 35.43087642], [134.1831026, 35.43111373], [134.18312016, 35.4311809], [134.1832474, 35.43129345], [134.18330606, 35.4313895], [134.18329483, 35.4315223], [134.18325207, 35.43161095], [134.18320085, 35.43166358], [134.18313465, 35.43170442], [134.18302369, 35.43173159], [134.18289549, 35.43170919], [134.1826902, 35.43161514], [134.18265969, 35.43169552], [134.18264323, 35.43179249], [134.18263906, 35.43201545], [134.18265906, 35.43212531], [134.18264583, 35.43229193], [134.18261543, 35.43241185], [134.18252923, 35.43257022], [134.18247521, 35.43272527], [134.18233109, 35.43300839], [134.18220559, 35.433329], [134.18215361, 35.43343019], [134.18195268, 35.4337114], [134.18177728, 35.43390984], [134.18157452, 35.43402865], [134.18128166, 35.43415692], [134.18115829, 35.43419855], [134.18097956, 35.43422958], [134.18088554, 35.43422923], [134.18067555, 35.43418991], [134.18052796, 35.43413187], [134.18032507, 35.43410808], [134.18021278, 35.43408187], [134.18006873, 35.43407129], [134.17980376, 35.43408087], [134.1795538, 35.43402474], [134.17947451, 35.43398361], [134.17931943, 35.43383449], [134.17911045, 35.43371994], [134.17902045, 35.43365724], [134.17896584, 35.4335897], [134.17894597, 35.43343356], [134.17897209, 35.43335738], [134.17902698, 35.43324506], [134.17914663, 35.4330678], [134.17923416, 35.43282104], [134.1793908, 35.43258368], [134.17953489, 35.43232722], [134.17954589, 35.43224862], [134.17953818, 35.43216602], [134.17951941, 35.43206978], [134.17948712, 35.43200607], [134.17945112, 35.43192658], [134.17926074, 35.43175597], [134.17891917, 35.43159606], [134.17875933, 35.43147693], [134.17868838, 35.4313888], [134.17852208, 35.43109684], [134.17850781, 35.43101364], [134.17856206, 35.43082822], [134.17864881, 35.43064788], [134.17876905, 35.43050394], [134.17859091, 35.43042853], [134.17847974, 35.43040493], [134.17839451, 35.43040103], [134.1782738, 35.43035688], [134.17819846, 35.43030681], [134.17813997, 35.430226], [134.17811254, 35.43011942], [134.17810625, 35.42989197], [134.17812642, 35.42978884], [134.17821266, 35.42962927], [134.17830197, 35.42952895], [134.1785689, 35.42935724], [134.17887092, 35.42911379], [134.17895315, 35.42906654], [134.1790508, 35.42904839], [134.17925639, 35.42906515], [134.17937222, 35.42905488], [134.17947722, 35.429017], [134.17964434, 35.42892789], [134.17994237, 35.42881898], [134.18001858, 35.42882056], [134.18009471, 35.42885856], [134.18013015, 35.42879274], [134.18018166, 35.42873779], [134.18028566, 35.42867035], [134.18037405, 35.42863218], [134.18045455, 35.42861316], [134.18079584, 35.42862419], [134.18093966, 35.42866781], [134.18103709, 35.42871893], [134.18151295, 35.42911377], [134.18153793, 35.42917002], [134.18155477, 35.42953679], [134.18159273, 35.42960615], [134.18164534, 35.42962375], [134.18170962, 35.42962001], [134.18194171, 35.42954894], [134.18214929, 35.429505], [134.18242403, 35.42941695], [134.18250342, 35.42940962], [134.18256751, 35.42942106], [134.18273771, 35.4295041], [134.18293101, 35.42970157], [134.18317484, 35.4300999], [134.1832801, 35.43005459], [134.18335453, 35.43000379], [134.18359388, 35.42971328], [134.18372457, 35.42963844], [134.18383939, 35.42954518], [134.18398606, 35.42948132], [134.18408363, 35.42940505], [134.18417835, 35.42929159], [134.18429238, 35.42906959], [134.18443078, 35.42888186], [134.18429549, 35.42885756], [134.18410883, 35.42884961], [134.1837079, 35.42896718], [134.18359081, 35.42898249], [134.18350029, 35.42897948], [134.18349432, 35.42879203], [134.18343048, 35.4285946], [134.18336414, 35.42848542], [134.18318092, 35.42829602], [134.18337742, 35.42812984], [134.17226323, 35.42812952], [134.172263, 35.43487528], [134.17236021, 35.4348858], [134.17249291, 35.43490352], [134.1726505, 35.43490844], [134.17276475, 35.43492833], [134.17288315, 35.43497455], [134.17297555, 35.43503993], [134.17304645, 35.43511935], [134.17308645, 35.43519561], [134.17281667, 35.43533068], [134.17259894, 35.43534418], [134.17233844, 35.43531048], [134.17226299, 35.4352942], [134.17226295, 35.4364619], [134.18476183, 35.43646218], [134.18476191, 35.43409975], [134.18472791, 35.43413002], [134.18468448, 35.4341366], [134.18464089, 35.43412295], [134.18450721, 35.4340363], [134.18443875, 35.43400537], [134.18436341, 35.43399182], [134.18429625, 35.43399837], [134.18414173, 35.43404605], [134.18391666, 35.43419574], [134.18385016, 35.43425135], [134.18372934, 35.43440058], [134.18366516, 35.43441351], [134.18360479, 35.43437472], [134.18352756, 35.43426505], [134.18340529, 35.43404623], [134.18337645, 35.43391031], [134.18339071, 35.4338127], [134.18353432, 35.43352891], [134.18359395, 35.43331741], [134.18359996, 35.43314128], [134.18362035, 35.4330311], [134.18361259, 35.43280825], [134.18363458, 35.4326429], [134.1835897, 35.4325805], [134.18341996, 35.43249128], [134.18314715, 35.43232568], [134.18319459, 35.43227778], [134.18325036, 35.43224672], [134.18349036, 35.4321928], [134.18415753, 35.43203863], [134.18425682, 35.4320405], [134.18427923, 35.43205112], [134.1842957, 35.43207511], [134.18429051, 35.43212727], [134.18423907, 35.43226239], [134.18424383, 35.43236396], [134.1843054, 35.43254525], [134.1843502, 35.43274707], [134.18444314, 35.43283967], [134.18475108, 35.43306376], [134.18476194, 35.43307482], [134.18476204, 35.43023912], [134.18469716, 35.43023761]], [[134.17806967, 35.43442921], [134.17800149, 35.43460649], [134.1779362, 35.43460088], [134.17777432, 35.43462089], [134.17771042, 35.43460774], [134.17766798, 35.43458606], [134.17761737, 35.43451703], [134.17762281, 35.43425768], [134.17760145, 35.43419393], [134.17755936, 35.43415338], [134.17749101, 35.43411861], [134.17736519, 35.43408186], [134.17728303, 35.43407347], [134.17718878, 35.43409461], [134.17695171, 35.434189], [134.17688365, 35.43422709], [134.17679649, 35.43432379], [134.17671023, 35.4345275], [134.17663399, 35.43463392], [134.17658608, 35.43466971], [134.17647725, 35.43469265], [134.17628467, 35.43468976], [134.17616684, 35.43467348], [134.17610977, 35.43464866], [134.17607036, 35.43457584], [134.17608732, 35.43450341], [134.17622967, 35.43429261], [134.17639581, 35.43412727], [134.17649351, 35.43395625], [134.17651685, 35.43389188], [134.17651212, 35.43382735], [134.17645027, 35.43367625], [134.17641406, 35.43348317], [134.17641302, 35.43338234], [134.17665489, 35.43320625], [134.17674599, 35.43324166], [134.17690882, 35.43326761], [134.1770728, 35.43326398], [134.17721397, 35.43322771], [134.17743359, 35.4331007], [134.17750728, 35.43304212], [134.1776065, 35.43284413], [134.17776605, 35.43268154], [134.17785051, 35.4326335], [134.1780712, 35.43255657], [134.17819831, 35.43252676], [134.17823754, 35.43250774], [134.17826453, 35.4324776], [134.17828467, 35.43242661], [134.17828803, 35.43237193], [134.17827441, 35.43231748], [134.17824547, 35.43224923], [134.17818642, 35.43220307], [134.17812173, 35.43218595], [134.17805052, 35.43218382], [134.17770108, 35.43222611], [134.17762971, 35.43221725], [134.17758512, 35.43219767], [134.17755214, 35.43215818], [134.17755344, 35.43210634], [134.17759429, 35.43203832], [134.17789676, 35.43188864], [134.17802249, 35.4318391], [134.17828481, 35.43181974], [134.17838818, 35.43183027], [134.17854805, 35.43186513], [134.1786846, 35.43194695], [134.17875382, 35.43201969], [134.17882978, 35.43218565], [134.17883204, 35.43219796], [134.17886997, 35.43240395], [134.17885505, 35.43263946], [134.17882584, 35.4327315], [134.17875545, 35.432852], [134.17858691, 35.43300135], [134.17848319, 35.43312627], [134.17835903, 35.43333088], [134.1781546, 35.43373803], [134.17813523, 35.43382198], [134.17812322, 35.43390251], [134.17811927, 35.43396811], [134.17812616, 35.43414812], [134.17806967, 35.43442921]], [[134.17581808, 35.43230496], [134.17588045, 35.43236803], [134.17595106, 35.43240229], [134.17638219, 35.43246948], [134.17653051, 35.4325261], [134.17665647, 35.43259361], [134.17675185, 35.43270599], [134.17679754, 35.43286342], [134.17678906, 35.43295021], [134.17670534, 35.43310902], [134.17662939, 35.43299085], [134.1765817, 35.43295939], [134.17631646, 35.43290519], [134.17621257, 35.43291165], [134.1759109, 35.43298277], [134.17579855, 35.43298053], [134.17570038, 35.43295931], [134.17561378, 35.43289997], [134.17539708, 35.43268088], [134.17529184, 35.43249901], [134.17528623, 35.43230466], [134.17538199, 35.43199322], [134.17543369, 35.43155775], [134.17547463, 35.43129532], [134.17563203, 35.43149118], [134.17575007, 35.43166941], [134.17576274, 35.43176065], [134.17572877, 35.43199701], [134.17572845, 35.43211796], [134.17574784, 35.43218157], [134.17581808, 35.43230496]]]}}, {"type": "Feature", "properties": {"MESH2_C": "533411", "grid_code": "53341113", "grid_area": 1049032.190579377, "grid_perimeter": 4118.461559254007, "area": 6340.358602487482, "perimeter": 306.99302440736005, "connect": 0.8459892331574095, "connect_rev": 0.005113165411157611}, "geometry": {"type": "Polygon", "coordinates": [[[134.17079093, 35.4290077], [134.17069711, 35.42895736], [134.17060121, 35.42893659], [134.17048904, 35.42893142], [134.17001707, 35.4289432], [134.16975719, 35.42895706], [134.16968648, 35.42898932], [134.1696378, 35.42903726], [134.16961985, 35.42907253], [134.1696119, 35.42916145], [134.16962243, 35.42933486], [134.16964594, 35.42940184], [134.16968167, 35.42944126], [134.16977138, 35.42946705], [134.17014909, 35.42949364], [134.17051621, 35.42948922], [134.17062394, 35.42945773], [134.17073975, 35.42940259], [134.17080201, 35.42935703], [134.17086337, 35.42928296], [134.17089666, 35.42918354], [134.17087925, 35.42910271], [134.17079093, 35.4290077]]]}}, {"type": "Feature", "properties": {"MESH2_C": "533411", "grid_code": "53341104", "grid_area": 1049137.97179465, "grid_perimeter": 4118.691176628803, "area": 682527.51393127, "perimeter": 7946.928244564421, "connect": 0.4243370814562642, "connect_rev": 0.27605685911812855}, "geometry": {"type": "Polygon", "coordinates": [[[134.17767325, 35.42064764], [134.1776445, 35.42058424], [134.17752238, 35.42040826], [134.17738808, 35.4202939], [134.17736913, 35.42025157], [134.1774036, 35.42018387], [134.17754736, 35.42005506], [134.17734631, 35.41991631], [134.17733495, 35.41989823], [134.17733899, 35.41988099], [134.17739366, 35.41982334], [134.17734991, 35.41982334], [134.17725, 35.41982333], [134.17715009, 35.41982333], [134.17705018, 35.41982333], [134.17695027, 35.41982333], [134.17685036, 35.41982332], [134.17675045, 35.41982332], [134.17665054, 35.41982332], [134.17655063, 35.41982332], [134.17645072, 35.41982331], [134.17635081, 35.41982331], [134.1762509, 35.41982331], [134.17615099, 35.4198233], [134.17605108, 35.4198233], [134.17595117, 35.4198233], [134.1759337, 35.4198233], [134.17610377, 35.4199348], [134.17631083, 35.41998012], [134.17641627, 35.42001619], [134.17655828, 35.42011687], [134.17663624, 35.42020074], [134.17667832, 35.42027204], [134.17669731, 35.42036837], [134.17666647, 35.42043074], [134.17662904, 35.42045262], [134.17656556, 35.42046152], [134.17620667, 35.42045151], [134.17581127, 35.42043671], [134.17564485, 35.42045487], [134.17516011, 35.42046844], [134.17503354, 35.42043657], [134.17476802, 35.42029869], [134.17458466, 35.42024002], [134.17444971, 35.42023597], [134.17420994, 35.42029269], [134.17415962, 35.42031757], [134.17412749, 35.42034856], [134.17411846, 35.42038223], [134.17412982, 35.42041592], [134.17440079, 35.42062632], [134.17452701, 35.420692], [134.17463666, 35.42071962], [134.17492354, 35.42074952], [134.17543833, 35.42082151], [134.17574114, 35.42085465], [134.17618921, 35.42105164], [134.17648324, 35.4212364], [134.17658349, 35.4213166], [134.17677066, 35.4214999], [134.17695605, 35.42172654], [134.17705416, 35.42188128], [134.1771397, 35.42212658], [134.17716033, 35.42235125], [134.17714576, 35.42244028], [134.17707507, 35.4225621], [134.17685303, 35.42276108], [134.1767992, 35.4228116], [134.17663963, 35.42291917], [134.17640603, 35.42305172], [134.17622641, 35.42311549], [134.17608054, 35.42314943], [134.1760165, 35.42315064], [134.17596163, 35.42313349], [134.17590614, 35.42307268], [134.17586312, 35.42295442], [134.17587755, 35.42287584], [134.17598175, 35.42270687], [134.1760006, 35.42263003], [134.17595363, 35.4223426], [134.17588963, 35.42209018], [134.17584608, 35.42200378], [134.17574528, 35.42189358], [134.17551319, 35.42176884], [134.17544826, 35.4217229], [134.17500336, 35.42147763], [134.17493824, 35.42146524], [134.17464864, 35.42143468], [134.17447464, 35.4214264], [134.1743812, 35.42140032], [134.17409724, 35.42122573], [134.17386775, 35.42104927], [134.17379588, 35.42101593], [134.17372903, 35.42100732], [134.17371581, 35.42107038], [134.17372822, 35.42128742], [134.17370836, 35.42150306], [134.17373254, 35.42167916], [134.1737535, 35.42174492], [134.17379497, 35.42180279], [134.17393764, 35.42190162], [134.17402343, 35.42194135], [134.17413873, 35.42195975], [134.17459064, 35.42194993], [134.17488451, 35.42193718], [134.17510052, 35.4219115], [134.17522315, 35.42190446], [134.17527146, 35.42199453], [134.17528847, 35.42209235], [134.1752852, 35.42219185], [134.175264, 35.42228386], [134.17522482, 35.42237207], [134.17517667, 35.42245652], [134.17501983, 35.4226029], [134.17489733, 35.42269237], [134.17433791, 35.42300925], [134.17419056, 35.42309068], [134.17405819, 35.42314342], [134.17394271, 35.42315908], [134.17376516, 35.42315816], [134.17351733, 35.42312183], [134.17336839, 35.42311947], [134.17319789, 35.42313071], [134.17310615, 35.42316059], [134.17299303, 35.42324099], [134.17287693, 35.42337257], [134.1727124, 35.42369265], [134.17263172, 35.42379523], [134.17260599, 35.42385973], [134.17261773, 35.42400035], [134.17266102, 35.42407219], [134.17275079, 35.42413195], [134.17292498, 35.42417606], [134.17327278, 35.42419465], [134.17354787, 35.42417911], [134.17367772, 35.42415691], [134.17394435, 35.42408328], [134.17411612, 35.42406785], [134.17423606, 35.42407428], [134.17433393, 35.42409868], [134.174085, 35.42448168], [134.1738578, 35.42472617], [134.17376285, 35.42480576], [134.17364829, 35.424853], [134.17340783, 35.424902], [134.17322367, 35.42499342], [134.1731403, 35.42500235], [134.17303603, 35.42498938], [134.17283622, 35.42492389], [134.17271983, 35.42490956], [134.1725943, 35.42494007], [134.17245976, 35.42494873], [134.17240452, 35.42501861], [134.17226333, 35.42514065], [134.17226323, 35.42812952], [134.18337742, 35.42812984], [134.18339897, 35.42811161], [134.18343513, 35.42802487], [134.18341717, 35.42793076], [134.18332057, 35.42774543], [134.18327752, 35.42757175], [134.1832337, 35.42749572], [134.18310005, 35.42751948], [134.18284275, 35.42753392], [134.18238746, 35.42761105], [134.18229679, 35.42764103], [134.18212936, 35.42772915], [134.18189905, 35.42783016], [134.18182464, 35.42784575], [134.18176077, 35.42784424], [134.18163151, 35.42781775], [134.18157302, 35.42779394], [134.18124647, 35.42756995], [134.18110446, 35.42750232], [134.18096368, 35.42746652], [134.1807195, 35.42742529], [134.18016559, 35.4272643], [134.17988087, 35.4271988], [134.17964789, 35.42717011], [134.17904171, 35.42713884], [134.17896726, 35.42710911], [134.17892078, 35.42706968], [134.1788929, 35.42702125], [134.17888965, 35.42696818], [134.17891116, 35.42691804], [134.17894303, 35.42688822], [134.17901554, 35.4268609], [134.17909931, 35.42685002], [134.17925495, 35.42684248], [134.17947604, 35.42685806], [134.17968062, 35.42684617], [134.18006941, 35.42685017], [134.18058112, 35.42681836], [134.18074318, 35.42679005], [134.1809603, 35.42679763], [134.18104313, 35.42678656], [134.18121141, 35.42673578], [134.18131036, 35.42668712], [134.18139372, 35.42661927], [134.18148275, 35.42650225], [134.1815188, 35.42648036], [134.18156379, 35.42647221], [134.18166014, 35.42649202], [134.18182366, 35.4265571], [134.18200973, 35.42669077], [134.18221022, 35.42680562], [134.18232743, 35.42682198], [134.18251609, 35.42681121], [134.18260792, 35.42678556], [134.18266453, 35.42673825], [134.18269534, 35.42667695], [134.18277206, 35.42642354], [134.1828237, 35.42637888], [134.18288271, 35.42636827], [134.18293216, 35.42637595], [134.18300436, 35.42640618], [134.18319216, 35.42652458], [134.18327195, 35.42661437], [134.18337611, 35.42678135], [134.18349825, 35.42689991], [134.18360309, 35.42697235], [134.18376294, 35.42704706], [134.18382309, 35.42708936], [134.18384824, 35.42715276], [134.18381013, 35.42726845], [134.18398595, 35.42738087], [134.18412766, 35.42745132], [134.18438731, 35.42756927], [134.18476213, 35.42771058], [134.18476228, 35.42310875], [134.18427274, 35.42302615], [134.1838624, 35.42289612], [134.18367364, 35.42281649], [134.18323107, 35.42261121], [134.1831535, 35.42258037], [134.18298973, 35.42249617], [134.18265706, 35.42224307], [134.18244583, 35.42207931], [134.18232964, 35.42192862], [134.18224951, 35.42178321], [134.18217096, 35.42175072], [134.18188013, 35.42166327], [134.18167591, 35.4216133], [134.18130457, 35.42154429], [134.18107153, 35.42148164], [134.1805519, 35.42125653], [134.18048311, 35.42126307], [134.18038656, 35.42133765], [134.18031895, 35.42136238], [134.18024182, 35.42134694], [134.18006254, 35.42124036], [134.17998894, 35.42121809], [134.17989762, 35.42122751], [134.17980484, 35.42126705], [134.17973744, 35.42127804], [134.17958088, 35.42132372], [134.17951789, 35.42133089], [134.17945653, 35.42131993], [134.17926123, 35.42124817], [134.17911484, 35.42121902], [134.17901541, 35.42122287], [134.17886976, 35.4212561], [134.17878202, 35.42127115], [134.17857276, 35.4213521], [134.17846445, 35.42135662], [134.17836573, 35.4213091], [134.17817387, 35.42114665], [134.17809668, 35.42106756], [134.17804794, 35.42122], [134.1780257, 35.42125324], [134.17799161, 35.42127397], [134.177895, 35.42127864], [134.17762124, 35.42123111], [134.17762682, 35.42091641], [134.17767996, 35.42074423], [134.17767325, 35.42064764]], [[134.17996628, 35.4240984], [134.17993748, 35.42423409], [134.1799179, 35.42427088], [134.17983058, 35.42433447], [134.17974011, 35.42437434], [134.17942066, 35.42456799], [134.17942313, 35.42440851], [134.17946708, 35.42425039], [134.17947841, 35.42408901], [134.17946548, 35.42402184], [134.17942934, 35.42397596], [134.17931661, 35.42391446], [134.17925148, 35.42390109], [134.17920292, 35.42390382], [134.17912667, 35.42392967], [134.17890943, 35.42406795], [134.17878506, 35.42396604], [134.1786156, 35.42387949], [134.17856565, 35.4238419], [134.17851229, 35.42377156], [134.17849453, 35.42370508], [134.17852225, 35.42359972], [134.17870184, 35.42329905], [134.17880587, 35.4231609], [134.17888292, 35.42309129], [134.17898322, 35.42304588], [134.17911021, 35.42302483], [134.17939807, 35.42302383], [134.17949493, 35.42304356], [134.17966521, 35.42312901], [134.17972537, 35.42317387], [134.17984914, 35.42340572], [134.17990058, 35.42369844], [134.17994606, 35.42390237], [134.17996628, 35.4240984]], [[134.18251709, 35.42371918], [134.18278891, 35.42357937], [134.18287779, 35.42358924], [134.18303892, 35.42366417], [134.18315971, 35.42378282], [134.18316058, 35.42392953], [134.1831425, 35.42398268], [134.18311511, 35.42401526], [134.18304019, 35.42406737], [134.18278831, 35.4241767], [134.18265543, 35.42428721], [134.18257806, 35.42430934], [134.18249076, 35.42430302], [134.1824179, 35.42426692], [134.18236026, 35.42419593], [134.18234271, 35.42412438], [134.18209777, 35.42412701], [134.18179642, 35.42419799], [134.18173629, 35.42422341], [134.18169173, 35.42427087], [134.18166334, 35.42432971], [134.18162077, 35.42460205], [134.18162264, 35.42467548], [134.18138443, 35.4246665], [134.18123169, 35.42456956], [134.18119187, 35.4245252], [134.18114416, 35.42441035], [134.18111595, 35.42414415], [134.18112881, 35.42381956], [134.18119773, 35.42371689], [134.1813329, 35.42361041], [134.18171285, 35.42347353], [134.18220569, 35.4238198], [134.18235283, 35.42389119], [134.18251709, 35.42371918]], [[134.176579, 35.42714446], [134.17645878, 35.427187], [134.17626754, 35.42731076], [134.17606676, 35.4274029], [134.17595842, 35.42746833], [134.1756375, 35.42760194], [134.17556987, 35.42758668], [134.17552574, 35.42754782], [134.17537768, 35.42731859], [134.17521843, 35.4271236], [134.1752151, 35.42706509], [134.17526203, 35.42701502], [134.1755175, 35.4268806], [134.17595, 35.42662454], [134.17598556, 35.42658058], [134.17602352, 35.42649083], [134.17609002, 35.42620479], [134.17615502, 35.42613019], [134.17625349, 35.4260762], [134.17649198, 35.42630278], [134.17664002, 35.4265302], [134.17670267, 35.42671315], [134.17673375, 35.42689251], [134.17673508, 35.42697831], [134.17671052, 35.42711603], [134.176579, 35.42714446]]]}}, {"type": "Feature", "properties": {"MESH2_C": "533411", "grid_code": "53341104", "grid_area": 1049137.97179465, "grid_perimeter": 4118.691176628803, "area": 32375.811466643936, "perimeter": 866.4312710597347, "connect": 0.4243370814562642, "connect_rev": 0.01309480517994535}, "geometry": {"type": "Polygon", "coordinates": [[[134.18474328, 35.41982354], [134.18464337, 35.41982354], [134.18454345, 35.41982353], [134.18444354, 35.41982353], [134.18434363, 35.41982353], [134.18424372, 35.41982352], [134.18414381, 35.41982352], [134.1840439, 35.41982352], [134.18394399, 35.41982352], [134.18384408, 35.41982351], [134.18374417, 35.41982351], [134.18364426, 35.41982351], [134.18354435, 35.41982351], [134.18344444, 35.4198235], [134.18334453, 35.4198235], [134.18324462, 35.4198235], [134.18314471, 35.41982349], [134.1830448, 35.41982349], [134.18294489, 35.41982349], [134.18284494, 35.41982349], [134.18274507, 35.41982348], [134.18264516, 35.41982348], [134.18254525, 35.41982348], [134.18244534, 35.41982348], [134.18240805, 35.41982347], [134.18234543, 35.41982347], [134.18224552, 35.41982347], [134.18214561, 35.41982347], [134.1820457, 35.41982346], [134.18194579, 35.41982346], [134.18184588, 35.41982346], [134.18174597, 35.41982346], [134.18164606, 35.41982345], [134.18154615, 35.41982345], [134.18144624, 35.41982345], [134.18134632, 35.41982345], [134.18128218, 35.41982344], [134.18130713, 35.41992504], [134.18139652, 35.4199862], [134.18164341, 35.42005068], [134.18188502, 35.42005304], [134.1820887, 35.4200803], [134.18224449, 35.42013166], [134.18233697, 35.42019107], [134.18240568, 35.42027432], [134.18256429, 35.42049725], [134.18263069, 35.42070567], [134.1827402, 35.42084182], [134.1828879, 35.42093495], [134.1831288, 35.42101701], [134.18348349, 35.42116122], [134.18371416, 35.42130687], [134.18375817, 35.42132614], [134.18382149, 35.42133515], [134.18391873, 35.4213177], [134.18412905, 35.4212434], [134.18452095, 35.42118172], [134.18476235, 35.4212176], [134.18476239, 35.41982354], [134.18474328, 35.41982354]]]}}, {"type": "Feature", "properties": {"MESH2_C": "533411", "grid_code": "53341104", "grid_area": 1049137.97179465, "grid_perimeter": 4118.691176628803, "area": 1471.9481532586506, "perimeter": 153.076747552819, "connect": 0.4243370814562642, "connect_rev": 0.000595347990636801}, "geometry": {"type": "Polygon", "coordinates": [[[134.17524051, 35.42012247], [134.17528266, 35.4200672], [134.17528575, 35.41998375], [134.17527876, 35.41983943], [134.17528616, 35.41982328], [134.1752518, 35.41982328], [134.17515189, 35.41982328], [134.17505197, 35.41982328], [134.17495206, 35.41982327], [134.17485215, 35.41982327], [134.17475224, 35.41982327], [134.17472014, 35.41982327], [134.17475834, 35.41997068], [134.17489553, 35.42008206], [134.1749675, 35.42011548], [134.17514957, 35.42014476], [134.17524051, 35.42012247]]]}}, {"type": "Feature", "properties": {"MESH2_C": "533411", "grid_code": "53341104", "grid_area": 1049137.97179465, "grid_perimeter": 4118.691176628803, "area": 1800.833225009148, "perimeter": 247.83511363559919, "connect": 0.4243370814562642, "connect_rev": 0.0007283697048755991}, "geometry": {"type": "Polygon", "coordinates": [[[134.17315368, 35.41982322], [134.17306391, 35.41982322], [134.17302129, 35.41984996], [134.17291379, 35.4199707], [134.17290516, 35.4200202], [134.1729407, 35.42009333], [134.17302397, 35.42014461], [134.17308338, 35.42014702], [134.17312295, 35.42012861], [134.1732589, 35.41996117], [134.17334211, 35.4199188], [134.17342305, 35.41990188], [134.17351705, 35.41990743], [134.17357546, 35.41993189], [134.17380977, 35.42009982], [134.1738509, 35.42005194], [134.17389437, 35.42003011], [134.17389538, 35.41986032], [134.17391334, 35.41982324], [134.17385305, 35.41982324], [134.17375314, 35.41982324], [134.17365323, 35.41982324], [134.17355332, 35.41982323], [134.17345341, 35.41982323], [134.1733535, 35.41982323], [134.17325359, 35.41982323], [134.17315368, 35.41982322]]]}}, {"type": "Feature", "properties": {"MESH2_C": "533411", "grid_code": "53341104", "grid_area": 1049137.97179465, "grid_perimeter": 4118.691176628803, "area": 12898.737745702267, "perimeter": 640.3267735022251, "connect": 0.4243370814562642, "connect_rev": 0.005217057123686279}, "geometry": {"type": "Polygon", "coordinates": [[[134.1724364, 35.42266454], [134.17253834, 35.4221953], [134.17259233, 35.4220256], [134.17266605, 35.42192072], [134.17280525, 35.42179931], [134.17294235, 35.42174337], [134.17315022, 35.42170475], [134.1732207, 35.42166775], [134.17327191, 35.42159782], [134.17329581, 35.42151822], [134.17329875, 35.42144053], [134.17331065, 35.42132644], [134.17334613, 35.42108966], [134.17338756, 35.42098271], [134.17329116, 35.42095642], [134.17298667, 35.42084183], [134.17283714, 35.42079596], [134.1727001, 35.42077331], [134.17242639, 35.42076253], [134.17231772, 35.4207368], [134.17226348, 35.42069216], [134.1722634, 35.4230534], [134.1724364, 35.42266454]]]}}, {"type": "Feature", "properties": {"MESH2_C": "533411", "grid_code": "53341103", "grid_area": 1049138.8155429214, "grid_perimeter": 4118.692832823683, "area": 620176.6542153292, "perimeter": 6470.4102664709735, "connect": 0.35662584840989464, "connect_rev": 0.21081197473291208}, "geometry": {"type": "Polygon", "coordinates": [[[134.17225997, 35.42514356], [134.17209668, 35.42536222], [134.172063, 35.42548105], [134.17207211, 35.42563187], [134.17196055, 35.42583614], [134.17193362, 35.42596184], [134.17166802, 35.42581452], [134.17127026, 35.4256581], [134.17070655, 35.42547369], [134.1706437, 35.42546185], [134.17059819, 35.4254684], [134.17054824, 35.42549968], [134.17047368, 35.4256222], [134.17031007, 35.42582847], [134.17026509, 35.42586825], [134.17019197, 35.42589873], [134.17005678, 35.4258961], [134.16973585, 35.42582862], [134.16956602, 35.42577723], [134.16947539, 35.42571534], [134.16944579, 35.42566765], [134.1694407, 35.42561598], [134.16964355, 35.42482611], [134.1696816, 35.42472393], [134.16985622, 35.42431175], [134.17000507, 35.4239424], [134.17012107, 35.42364247], [134.17036998, 35.42300193], [134.17044629, 35.42286863], [134.17058442, 35.42268351], [134.17067332, 35.42270717], [134.17085582, 35.42280031], [134.17091025, 35.42286256], [134.17097082, 35.42307384], [134.17107166, 35.42342917], [134.1712919, 35.42426389], [134.17132428, 35.42432543], [134.17138586, 35.42438166], [134.17147889, 35.42440728], [134.17177264, 35.42442263], [134.17188094, 35.42440199], [134.17193237, 35.42436711], [134.17199224, 35.42428792], [134.17206338, 35.4241235], [134.17215006, 35.42386318], [134.17218464, 35.42365653], [134.17223863, 35.42310908], [134.1722634, 35.4230534], [134.17226348, 35.42069216], [134.1722511, 35.42068197], [134.1721249, 35.42050727], [134.17202371, 35.4203964], [134.17194121, 35.42032757], [134.17185455, 35.42028159], [134.17148489, 35.42013625], [134.17146342, 35.42004816], [134.17144046, 35.41995885], [134.17142807, 35.41982318], [134.17135529, 35.41982318], [134.17125538, 35.41982318], [134.17115547, 35.41982317], [134.17105938, 35.41982317], [134.1710524, 35.41983005], [134.17094664, 35.41987826], [134.17069164, 35.4198826], [134.17064429, 35.41983019], [134.17063866, 35.41982316], [134.17055601, 35.41982316], [134.1704561, 35.41982316], [134.17035619, 35.41982315], [134.17025628, 35.41982315], [134.17015636, 35.41982315], [134.17005645, 35.41982315], [134.16995654, 35.41982314], [134.16985663, 35.41982314], [134.16975672, 35.41982314], [134.16972755, 35.41982314], [134.1697243, 35.41998485], [134.16967505, 35.42016468], [134.16962087, 35.42023435], [134.16954894, 35.42029202], [134.16935176, 35.42035789], [134.16928033, 35.42039697], [134.16922777, 35.42033927], [134.16917974, 35.4202526], [134.16910223, 35.41999797], [134.1691014, 35.41994192], [134.16911477, 35.41991657], [134.16915228, 35.41988708], [134.1692615, 35.41982313], [134.16915726, 35.41982312], [134.16905735, 35.41982312], [134.16895744, 35.41982312], [134.16885753, 35.41982312], [134.16875762, 35.41982311], [134.16865771, 35.41982311], [134.1685578, 35.41982311], [134.16852931, 35.41982311], [134.16845789, 35.41982311], [134.16835797, 35.4198231], [134.16825806, 35.4198231], [134.16815815, 35.4198231], [134.16805824, 35.4198231], [134.16795833, 35.4198231], [134.16785842, 35.41982309], [134.16775851, 35.41982309], [134.1676586, 35.41982309], [134.16755869, 35.41982309], [134.16745878, 35.41982308], [134.16735624, 35.41982308], [134.16731429, 35.41991717], [134.16724228, 35.41999695], [134.16715654, 35.42004861], [134.16704165, 35.42007322], [134.16684299, 35.42005524], [134.16674169, 35.4200262], [134.16664005, 35.41995801], [134.16654078, 35.41985304], [134.16649938, 35.41982306], [134.16645967, 35.41982306], [134.16635976, 35.41982306], [134.16625985, 35.41982305], [134.16615994, 35.41982305], [134.16607361, 35.41982305], [134.16605278, 35.41983466], [134.16599176, 35.41990177], [134.16592957, 35.42004066], [134.16588933, 35.42009738], [134.16584213, 35.42013056], [134.165783, 35.42014736], [134.16568921, 35.42013545], [134.16563872, 35.42009241], [134.16563166, 35.42004578], [134.16564818, 35.4199042], [134.16561892, 35.41985685], [134.16558432, 35.41985119], [134.16560512, 35.41982304], [134.16556048, 35.41982304], [134.16546057, 35.41982303], [134.16536066, 35.41982303], [134.16526075, 35.41982303], [134.16516084, 35.41982303], [134.16506093, 35.41982303], [134.16496102, 35.41982302], [134.16486111, 35.41982302], [134.1647612, 35.41982302], [134.16466128, 35.41982302], [134.16456137, 35.41982301], [134.16446146, 35.41982301], [134.16436155, 35.41982301], [134.16426164, 35.41982301], [134.16417362, 35.419823], [134.16416204, 35.419823], [134.16406182, 35.419823], [134.16396191, 35.419823], [134.163862, 35.419823], [134.16376209, 35.41982299], [134.16366218, 35.41982299], [134.16356227, 35.41982299], [134.16350229, 35.41982299], [134.16346236, 35.41982299], [134.16336245, 35.41982298], [134.16326254, 35.41982298], [134.16316263, 35.41982298], [134.16306272, 35.41982298], [134.16296281, 35.41982297], [134.1628629, 35.41982297], [134.16276298, 35.41982297], [134.16271307, 35.41982297], [134.16266307, 35.41982297], [134.16256316, 35.41982296], [134.16246325, 35.41982296], [134.16236334, 35.41982296], [134.16226343, 35.41982296], [134.16216352, 35.41982295], [134.16206361, 35.41982295], [134.1619637, 35.41982295], [134.16186379, 35.41982295], [134.16176388, 35.41982295], [134.16166397, 35.41982294], [134.16156406, 35.41982294], [134.16146415, 35.41982294], [134.16136424, 35.41982294], [134.16126433, 35.41982293], [134.16116442, 35.41982293], [134.16106451, 35.41982293], [134.1609646, 35.41982293], [134.16089753, 35.41982292], [134.16086468, 35.41982292], [134.16076477, 35.41982292], [134.16066486, 35.41982292], [134.16056495, 35.41982292], [134.16046504, 35.41982291], [134.16036513, 35.41982291], [134.16026522, 35.41982291], [134.16016531, 35.41982291], [134.1600654, 35.4198229], [134.1600424, 35.4198229], [134.16003511, 35.41983553], [134.16003546, 35.41990175], [134.16007786, 35.42000841], [134.16008543, 35.42005727], [134.1601019, 35.42018564], [134.16006702, 35.42032608], [134.15998668, 35.4204378], [134.15992479, 35.4204906], [134.15988778, 35.42054768], [134.15988396, 35.42058266], [134.15990815, 35.42064113], [134.15999614, 35.42072178], [134.16013909, 35.42078766], [134.16027098, 35.42089239], [134.16044882, 35.42099216], [134.16059694, 35.42117505], [134.16062716, 35.42123792], [134.16063479, 35.42130848], [134.16061641, 35.42137598], [134.16055488, 35.42143881], [134.160401, 35.42152437], [134.1602457, 35.42158254], [134.16009791, 35.42170751], [134.15999277, 35.42177842], [134.15994216, 35.42184769], [134.15990549, 35.42193685], [134.1598333, 35.42194366], [134.15976456, 35.42195044], [134.15976446, 35.42494487], [134.1600078, 35.42502333], [134.16036649, 35.42508579], [134.16047478, 35.42507872], [134.1605545, 35.42504914], [134.16077155, 35.4247263], [134.16088226, 35.42452623], [134.16093871, 35.42443973], [134.16101082, 35.42425924], [134.16109425, 35.42411514], [134.16118464, 35.42401299], [134.16120453, 35.42396441], [134.1611857, 35.42388559], [134.16108825, 35.42370702], [134.1608713, 35.42305374], [134.16108728, 35.42293581], [134.1613677, 35.42285685], [134.16153394, 35.42287694], [134.16154468, 35.42295765], [134.1615011, 35.42330417], [134.16151044, 35.42362393], [134.16153156, 35.42371867], [134.16159881, 35.42389994], [134.16167926, 35.42403437], [134.16204748, 35.42408642], [134.1621999, 35.42411498], [134.16226627, 35.42412057], [134.16245338, 35.42411489], [134.16256596, 35.4240964], [134.16263176, 35.42407441], [134.16269193, 35.42404369], [134.16285384, 35.42392249], [134.16294596, 35.42388222], [134.16323959, 35.42438117], [134.16327192, 35.42448939], [134.16338584, 35.42451191], [134.16360666, 35.42459945], [134.16402185, 35.42475029], [134.16416814, 35.42480912], [134.16431308, 35.42488403], [134.16488994, 35.42518433], [134.16505662, 35.42527374], [134.16533777, 35.42538208], [134.16561115, 35.42550668], [134.16572258, 35.42559167], [134.16581124, 35.42571055], [134.16620058, 35.42574408], [134.16628291, 35.42576092], [134.16633889, 35.42579323], [134.16661579, 35.42602084], [134.16670523, 35.42596768], [134.16685292, 35.4259178], [134.16693429, 35.42588756], [134.16698377, 35.42588337], [134.16704381, 35.42593412], [134.16708851, 35.42599762], [134.16720588, 35.42625566], [134.16729554, 35.42644698], [134.16734493, 35.42650681], [134.16767979, 35.426357], [134.16806307, 35.42609779], [134.16824809, 35.42594375], [134.16835947, 35.42580801], [134.16842479, 35.42565637], [134.16842837, 35.42546892], [134.16837123, 35.42529934], [134.16823323, 35.42505529], [134.16816592, 35.42495986], [134.16809951, 35.42479499], [134.1680864, 35.42459795], [134.16806216, 35.42451966], [134.16798207, 35.42441664], [134.16783363, 35.42429236], [134.16779128, 35.42423406], [134.16778571, 35.42418403], [134.16783962, 35.42401651], [134.16782341, 35.42394025], [134.16774674, 35.42383611], [134.16759309, 35.42368558], [134.16755463, 35.42358256], [134.16755025, 35.42348978], [134.16760918, 35.42306677], [134.16759044, 35.42284223], [134.1675273, 35.42263292], [134.16752529, 35.42255572], [134.16754848, 35.42249422], [134.16762292, 35.4223746], [134.16770753, 35.42225804], [134.16776806, 35.42219749], [134.16782156, 35.42216609], [134.16788497, 35.42215357], [134.16794501, 35.4221644], [134.16799228, 35.42219885], [134.16839496, 35.42284684], [134.16852475, 35.42296963], [134.16863482, 35.42309854], [134.16885015, 35.42322569], [134.16895927, 35.42325408], [134.16905581, 35.42328052], [134.16912609, 35.4232926], [134.16929151, 35.42329148], [134.16936423, 35.4233136], [134.16942741, 35.42339063], [134.16945467, 35.42351378], [134.1694477, 35.42356757], [134.16940767, 35.42362507], [134.16928923, 35.42370254], [134.16908628, 35.42379948], [134.16906686, 35.42381565], [134.16906109, 35.42385458], [134.16913849, 35.42391834], [134.16952363, 35.42407447], [134.1695876, 35.42413465], [134.16960122, 35.42419719], [134.16957806, 35.42426113], [134.16952448, 35.42434705], [134.16944639, 35.42441021], [134.1693564, 35.42441306], [134.16920482, 35.42436431], [134.16914791, 35.42437465], [134.16910221, 35.42440714], [134.16903002, 35.42459114], [134.16876211, 35.42509386], [134.16873439, 35.42517246], [134.16873534, 35.42524163], [134.16881514, 35.4255041], [134.16890794, 35.42571809], [134.16897174, 35.42581363], [134.16902664, 35.42586265], [134.16938743, 35.42599344], [134.16946129, 35.42603631], [134.16956479, 35.42623207], [134.16972872, 35.4264945], [134.16983204, 35.42660601], [134.17006516, 35.42685764], [134.17023427, 35.42697216], [134.17066585, 35.42730135], [134.17112049, 35.4276186], [134.17145822, 35.42787347], [134.17164833, 35.42801693], [134.17173068, 35.42806672], [134.17171408, 35.42812954], [134.17226323, 35.42812952], [134.17226333, 35.42514065], [134.17225997, 35.42514356]]]}}, {"type": "Feature", "properties": {"MESH2_C": "533411", "grid_code": "53341103", "grid_area": 1049138.8155429214, "grid_perimeter": 4118.692832823683, "area": 88973.17902973879, "perimeter": 2134.3461387730317, "connect": 0.35662584840989464, "connect_rev": 0.030243982004217372}, "geometry": {"type": "Polygon", "coordinates": [[[134.16785476, 35.42810864], [134.16781726, 35.42803126], [134.16779448, 35.42798204], [134.1677742, 35.427838], [134.16775457, 35.42778549], [134.16755949, 35.42747243], [134.1673176, 35.42704415], [134.16731537, 35.42701037], [134.16724395, 35.42698855], [134.16718523, 35.42693973], [134.16711783, 35.42674646], [134.16703821, 35.42660017], [134.16698142, 35.42651829], [134.16686521, 35.42639675], [134.16681561, 35.42637502], [134.16676013, 35.42638121], [134.16655647, 35.42647822], [134.16647472, 35.42654682], [134.16638363, 35.4266497], [134.16617907, 35.42681138], [134.16590149, 35.42702869], [134.16586527, 35.42705034], [134.16579419, 35.42707093], [134.16560511, 35.42709634], [134.16547659, 35.42709382], [134.16549487, 35.42699998], [134.16547471, 35.42692091], [134.16541867, 35.4268774], [134.1652222, 35.42680456], [134.16461974, 35.42669603], [134.16453975, 35.42669905], [134.16447029, 35.42672949], [134.16442469, 35.42681218], [134.16443027, 35.42685029], [134.1644603, 35.42689279], [134.16452668, 35.42692322], [134.16472413, 35.42695988], [134.16480838, 35.42697958], [134.16464722, 35.42710781], [134.16433727, 35.42726605], [134.16395502, 35.42742079], [134.16352607, 35.42758812], [134.162961, 35.42780133], [134.16275861, 35.42785593], [134.16251424, 35.42790477], [134.16245286, 35.42790377], [134.16241358, 35.42788879], [134.16237138, 35.42783374], [134.16232883, 35.42759518], [134.16219423, 35.42758263], [134.16199386, 35.42752419], [134.16194057, 35.42749594], [134.16160491, 35.42720163], [134.1612486, 35.42685804], [134.16100138, 35.42664642], [134.16079781, 35.42651939], [134.16018292, 35.4260932], [134.15977204, 35.42576855], [134.15976443, 35.42576432], [134.15976435, 35.42812924], [134.16787693, 35.42812957], [134.16785476, 35.42810864]]]}}, {"type": "Feature", "properties": {"MESH2_C": "533411", "grid_code": "53341102", "grid_area": 1049139.7258915305, "grid_perimeter": 4118.694619745027, "area": 84.48485225107288, "perimeter": 46.191654660495345, "connect": 0.595797233332825, "connect_rev": 4.79782053691158e-05}, "geometry": {"type": "Polygon", "coordinates": [[[134.15926612, 35.41982289], [134.15916621, 35.41982288], [134.15914368, 35.41982288], [134.15931343, 35.41990428], [134.15934976, 35.41982289], [134.15926612, 35.41982289]]]}}, {"type": "Feature", "properties": {"MESH2_C": "533411", "grid_code": "53341102", "grid_area": 1049139.7258915305, "grid_perimeter": 4118.694619745027, "area": 8881.881347794551, "perimeter": 488.46863615555753, "connect": 0.595797233332825, "connect_rev": 0.005043942387473306}, "geometry": {"type": "Polygon", "coordinates": [[[134.15865041, 35.42064864], [134.15818873, 35.4211311], [134.15792093, 35.42137519], [134.15787195, 35.42141619], [134.15797253, 35.42150396], [134.15817272, 35.42145033], [134.1584228, 35.42141959], [134.15861446, 35.42137887], [134.15880531, 35.42138617], [134.15900364, 35.42142285], [134.15901319, 35.42119064], [134.15907906, 35.42097898], [134.15924676, 35.42061878], [134.15938016, 35.42043333], [134.1594199, 35.42033127], [134.15942443, 35.42007359], [134.15939, 35.4200086], [134.15931712, 35.41998171], [134.15926212, 35.42001043], [134.1589771, 35.42036447], [134.15865041, 35.42064864]]]}}, {"type": "Feature", "properties": {"MESH2_C": "533411", "grid_code": "53341102", "grid_area": 1049139.7258915305, "grid_perimeter": 4118.694619745027, "area": 806024.747247995, "perimeter": 5143.811446394193, "connect": 0.595797233332825, "connect_rev": 0.4577343727977327}, "geometry": {"type": "Polygon", "coordinates": [[[134.15950706, 35.42197584], [134.15940231, 35.42198797], [134.15959151, 35.42226142], [134.15949665, 35.42229501], [134.15912926, 35.42248955], [134.15896356, 35.42256455], [134.15889124, 35.42247868], [134.15885481, 35.42241545], [134.15883797, 35.42234656], [134.15883878, 35.42228596], [134.15823567, 35.42227006], [134.15808852, 35.42224917], [134.15776911, 35.4222392], [134.15723603, 35.42216951], [134.15696674, 35.42217364], [134.15678021, 35.4221527], [134.15660271, 35.42209648], [134.15658016, 35.42198752], [134.1566065, 35.4216107], [134.15657295, 35.42134693], [134.15644503, 35.42095267], [134.15630756, 35.4205933], [134.15631176, 35.42048329], [134.15636474, 35.42032373], [134.15644935, 35.42024155], [134.15663485, 35.42012486], [134.15676625, 35.41998259], [134.1568397, 35.41982283], [134.15676835, 35.41982283], [134.15666844, 35.41982282], [134.15656853, 35.41982282], [134.15646862, 35.41982282], [134.15636871, 35.41982282], [134.1562688, 35.41982282], [134.15616889, 35.41982281], [134.15606898, 35.41982281], [134.15600851, 35.41982281], [134.15596907, 35.41982281], [134.15586915, 35.41982281], [134.15576924, 35.4198228], [134.15566934, 35.4198228], [134.15562552, 35.4198228], [134.15561509, 35.4198228], [134.15556942, 35.4198228], [134.15550013, 35.4198228], [134.15544495, 35.42021207], [134.15545575, 35.42062421], [134.15541593, 35.4207283], [134.15531591, 35.42073675], [134.15523024, 35.42069428], [134.15517897, 35.42062194], [134.15515104, 35.42049743], [134.15511749, 35.42037035], [134.15506304, 35.42025777], [134.15499659, 35.4201977], [134.15486014, 35.42011073], [134.15483104, 35.42004932], [134.15483858, 35.42001183], [134.1548758, 35.41997164], [134.15493166, 35.41994654], [134.15511591, 35.41989992], [134.15516502, 35.41986372], [134.15519938, 35.41982279], [134.15516978, 35.41982279], [134.15506987, 35.41982279], [134.15496996, 35.41982278], [134.15487005, 35.41982278], [134.15477014, 35.41982278], [134.15467023, 35.41982278], [134.15457032, 35.41982278], [134.15447041, 35.41982277], [134.1544305, 35.41982277], [134.1543705, 35.41982277], [134.15427058, 35.41982277], [134.15417066, 35.41982277], [134.15407076, 35.41982276], [134.15397085, 35.41982276], [134.15387094, 35.41982276], [134.15377103, 35.41982276], [134.15367112, 35.41982275], [134.15357121, 35.41982275], [134.1534713, 35.41982275], [134.15337139, 35.41982275], [134.15327148, 35.41982275], [134.15317157, 35.41982274], [134.15307166, 35.41982274], [134.15297175, 35.41982274], [134.15287184, 35.41982274], [134.15277193, 35.41982273], [134.15267201, 35.41982273], [134.1525721, 35.41982273], [134.15247219, 35.41982273], [134.15237228, 35.41982272], [134.15227237, 35.41982272], [134.15217246, 35.41982272], [134.15207255, 35.41982272], [134.15197264, 35.41982272], [134.15187273, 35.41982271], [134.15182182, 35.41982271], [134.15177282, 35.41982271], [134.15167291, 35.41982271], [134.151573, 35.41982271], [134.15147309, 35.4198227], [134.15137318, 35.4198227], [134.151304, 35.4198227], [134.15127327, 35.4198227], [134.15117335, 35.4198227], [134.15107344, 35.41982269], [134.15097353, 35.41982269], [134.15087362, 35.41982269], [134.15077371, 35.41982269], [134.1506738, 35.41982268], [134.15058364, 35.41982268], [134.15057389, 35.41982268], [134.15047398, 35.41982268], [134.15037407, 35.41982268], [134.15027416, 35.41982268], [134.15017425, 35.41982267], [134.15007434, 35.41982267], [134.14997443, 35.41982267], [134.14987452, 35.41982267], [134.14983155, 35.41982267], [134.14977461, 35.41982266], [134.1496747, 35.41982266], [134.14957478, 35.41982266], [134.14953945, 35.41982266], [134.14947487, 35.41982266], [134.14937496, 35.41982265], [134.14927505, 35.41982265], [134.14917514, 35.41982265], [134.14907523, 35.41982265], [134.14897532, 35.41982265], [134.14887541, 35.41982264], [134.14884805, 35.41982264], [134.1487755, 35.41982264], [134.14867559, 35.41982264], [134.14857568, 35.41982264], [134.14847577, 35.41982263], [134.14837586, 35.41982263], [134.14827595, 35.41982263], [134.14817604, 35.41982263], [134.14815319, 35.41982263], [134.14807612, 35.41982262], [134.14797621, 35.41982262], [134.1478763, 35.41982262], [134.14777639, 35.41982262], [134.14767649, 35.41982261], [134.14757657, 35.41982261], [134.14747666, 35.41982261], [134.14737675, 35.41982261], [134.14727684, 35.41982261], [134.14726575, 35.41982261], [134.14726563, 35.42330611], [134.14748245, 35.42335854], [134.14763422, 35.42338503], [134.14796285, 35.42346974], [134.14834048, 35.42364126], [134.14843025, 35.42368525], [134.14853359, 35.42376109], [134.14868664, 35.42389764], [134.14892525, 35.42416423], [134.14906858, 35.42430398], [134.14913518, 35.42439711], [134.14923342, 35.42459498], [134.1493775, 35.42482085], [134.14975923, 35.42527047], [134.15007576, 35.42554013], [134.15031388, 35.42569699], [134.15039181, 35.42576951], [134.15043087, 35.4258437], [134.15050824, 35.42607724], [134.15070708, 35.4264002], [134.15077283, 35.42653682], [134.15080593, 35.4266977], [134.15076969, 35.42682685], [134.15077313, 35.42686264], [134.15101891, 35.42716834], [134.15124424, 35.42752982], [134.15135052, 35.42777082], [134.15155026, 35.4281292], [134.15501683, 35.42812929], [134.15509471, 35.42807677], [134.15532327, 35.42790779], [134.15539403, 35.42787328], [134.15566637, 35.42781777], [134.15571021, 35.42782117], [134.15581857, 35.42785789], [134.15588101, 35.42786219], [134.15600173, 35.4278173], [134.15607903, 35.42776597], [134.15613034, 35.42771439], [134.1562184, 35.427496], [134.15627208, 35.42741379], [134.15634333, 35.42735798], [134.15642424, 35.42733457], [134.15650398, 35.42734957], [134.1565342, 35.4273774], [134.15654731, 35.4274132], [134.15651742, 35.42759378], [134.15654472, 35.42778482], [134.15654447, 35.42790062], [134.15647524, 35.42788445], [134.15641137, 35.42789256], [134.1559254, 35.42811964], [134.15589013, 35.42812929], [134.15976435, 35.42812924], [134.15976443, 35.42576432], [134.15946599, 35.42559827], [134.15897696, 35.42532922], [134.15888638, 35.42526593], [134.15883334, 35.42520838], [134.15864116, 35.42502557], [134.15843385, 35.42470983], [134.15838545, 35.42460296], [134.15836531, 35.42450588], [134.15839736, 35.42429684], [134.15850064, 35.42378851], [134.15855813, 35.42372841], [134.15871328, 35.4236691], [134.15876733, 35.42370823], [134.15881612, 35.42376396], [134.15889632, 35.42394453], [134.15892539, 35.42407117], [134.15897884, 35.42420085], [134.15902508, 35.42425931], [134.15918238, 35.42440149], [134.1593563, 35.42462152], [134.15950478, 35.42475942], [134.15974804, 35.42493958], [134.15976446, 35.42494487], [134.15976456, 35.42195044], [134.15950706, 35.42197584]], [[134.15267891, 35.42676623], [134.15279094, 35.42683694], [134.15292739, 35.42697659], [134.15298524, 35.42717995], [134.15297726, 35.42721649], [134.15294101, 35.42724991], [134.15289898, 35.42726343], [134.1528367, 35.42726353], [134.15273208, 35.42723044], [134.15255114, 35.42715261], [134.15229744, 35.42702011], [134.15206606, 35.42691865], [134.15188833, 35.42681449], [134.15184419, 35.42675773], [134.15183202, 35.42669347], [134.15184129, 35.42662734], [134.15187661, 35.42657398], [134.1519112, 35.42655316], [134.1519572, 35.4265447], [134.15207168, 35.426563], [134.15267891, 35.42676623]]]}}, {"type": "Feature", "properties": {"MESH2_C": "533411", "grid_code": "53341101", "grid_area": 1049140.7028570026, "grid_perimeter": 4118.696537428679, "area": 252855.15735372918, "perimeter": 2613.2930219871278, "connect": 0.3789968251926471, "connect_rev": 0.09134265938752005}, "geometry": {"type": "Polygon", "coordinates": [[[134.14717693, 35.4198226], [134.14711808, 35.4198226], [134.14707702, 35.4198226], [134.14697711, 35.4198226], [134.14687719, 35.4198226], [134.14683183, 35.4198226], [134.14677728, 35.41982259], [134.14667737, 35.41982259], [134.14657746, 35.41982259], [134.14647755, 35.41982259], [134.14637764, 35.41982259], [134.14627772, 35.41982258], [134.14617781, 35.41982258], [134.14610948, 35.41982258], [134.1460779, 35.41982258], [134.14600826, 35.41982258], [134.14597799, 35.41982258], [134.14587808, 35.41982258], [134.14577817, 35.41982257], [134.14567826, 35.41982257], [134.14557834, 35.41982257], [134.14547843, 35.41982257], [134.14537852, 35.41982257], [134.14527861, 35.41982256], [134.1451787, 35.41982256], [134.14510381, 35.41982256], [134.14492024, 35.41988141], [134.14473074, 35.41998251], [134.14460923, 35.41983073], [134.14459797, 35.41982255], [134.14457923, 35.41982255], [134.14447932, 35.41982255], [134.14437941, 35.41982254], [134.14427949, 35.41982254], [134.14417958, 35.41982254], [134.14407967, 35.41982254], [134.14398305, 35.41982254], [134.14387985, 35.41982253], [134.14377994, 35.41982253], [134.14368003, 35.41982253], [134.14358011, 35.41982253], [134.1434802, 35.41982253], [134.14338029, 35.41982252], [134.14328038, 35.41982252], [134.14318047, 35.41982252], [134.14308056, 35.41982252], [134.14298064, 35.41982251], [134.14288073, 35.41982251], [134.14278082, 35.41982251], [134.14268091, 35.41982251], [134.142581, 35.41982251], [134.14248109, 35.4198225], [134.14238118, 35.4198225], [134.14228126, 35.4198225], [134.14218135, 35.4198225], [134.14208144, 35.4198225], [134.14198153, 35.41982249], [134.14188162, 35.41982249], [134.14178171, 35.41982249], [134.14168179, 35.41982249], [134.14158188, 35.41982249], [134.14148197, 35.41982248], [134.14138206, 35.41982248], [134.14128215, 35.41982248], [134.14118224, 35.41982248], [134.14112406, 35.41982248], [134.14108233, 35.41982247], [134.14098241, 35.41982247], [134.1408825, 35.41982247], [134.14078259, 35.41982247], [134.14068268, 35.41982247], [134.14058277, 35.41982246], [134.14055444, 35.41982246], [134.14048286, 35.41982246], [134.14038295, 35.41982246], [134.14028303, 35.41982246], [134.14018312, 35.41982246], [134.14008321, 35.41982245], [134.1399833, 35.41982245], [134.13988339, 35.41982245], [134.13978348, 35.41982245], [134.13968356, 35.41982245], [134.13958365, 35.41982244], [134.13950344, 35.41982244], [134.13948374, 35.41982244], [134.13945735, 35.41982244], [134.13938383, 35.41982244], [134.13928392, 35.41982244], [134.13918401, 35.41982243], [134.1390841, 35.41982243], [134.13898418, 35.41982243], [134.13888427, 35.41982243], [134.13878436, 35.41982243], [134.13868445, 35.41982242], [134.13858454, 35.41982242], [134.13848463, 35.41982242], [134.13838471, 35.41982242], [134.1382848, 35.41982242], [134.13818105, 35.41982241], [134.13808498, 35.41982241], [134.13798507, 35.41982241], [134.13788516, 35.41982241], [134.13778525, 35.41982241], [134.13771722, 35.4198224], [134.13768533, 35.4198224], [134.13758542, 35.4198224], [134.13748551, 35.4198224], [134.1373856, 35.4198224], [134.13728569, 35.41982239], [134.13718578, 35.41982239], [134.13708586, 35.41982239], [134.13698595, 35.41982239], [134.13688604, 35.41982239], [134.13678612, 35.41982238], [134.13683612, 35.41983741], [134.1369088, 35.41988716], [134.1369915, 35.41997764], [134.13722113, 35.42034047], [134.13772574, 35.42105628], [134.13783009, 35.42118095], [134.13805837, 35.42150096], [134.13821573, 35.42179744], [134.13821915, 35.42184864], [134.13819795, 35.42190506], [134.13839339, 35.42194892], [134.13889793, 35.42197757], [134.13912185, 35.42196394], [134.1392452, 35.42192728], [134.13952697, 35.42178177], [134.13975529, 35.42163543], [134.13982936, 35.42160637], [134.13990892, 35.42158541], [134.13999309, 35.42157969], [134.14005876, 35.42159089], [134.1401053, 35.4216115], [134.14019348, 35.42169008], [134.14029073, 35.42183249], [134.1404182, 35.42210914], [134.14052031, 35.42226377], [134.14053379, 35.42231727], [134.14052882, 35.42237689], [134.14058171, 35.42237347], [134.14072159, 35.42238859], [134.1408004, 35.42238272], [134.1408508, 35.42235183], [134.14088329, 35.42229376], [134.14100886, 35.42239398], [134.14119332, 35.42248325], [134.14131571, 35.42256401], [134.14137597, 35.42263224], [134.14145514, 35.42277085], [134.14151997, 35.42284043], [134.14159869, 35.42286812], [134.14188835, 35.42287924], [134.14228168, 35.4228567], [134.14272655, 35.42287638], [134.14284026, 35.42290715], [134.14297896, 35.42291191], [134.14309067, 35.4228818], [134.14320905, 35.42282177], [134.143563, 35.42259501], [134.14375598, 35.42241437], [134.14385673, 35.42233669], [134.14394516, 35.42229894], [134.14417512, 35.42225557], [134.14427463, 35.42233031], [134.14436642, 35.42235865], [134.14444766, 35.42235099], [134.14455928, 35.42231547], [134.14477445, 35.42230554], [134.14491153, 35.42231747], [134.14507482, 35.42235013], [134.1452986, 35.42239489], [134.14564551, 35.42248111], [134.14598328, 35.42261928], [134.14621432, 35.42275877], [134.14629052, 35.42283467], [134.1464163, 35.42301075], [134.14653011, 35.42309047], [134.14677523, 35.42313502], [134.14700291, 35.42321161], [134.14717509, 35.42328421], [134.14726563, 35.42330611], [134.14726575, 35.41982261], [134.14717693, 35.4198226]]]}}, {"type": "Feature", "properties": {"MESH2_C": "533411", "grid_code": "53341101", "grid_area": 1049140.7028570026, "grid_perimeter": 4118.696537428679, "area": 24396.343740808545, "perimeter": 610.5863465597504, "connect": 0.3789968251926471, "connect_rev": 0.008813057008365054}, "geometry": {"type": "Polygon", "coordinates": [[[134.13849121, 35.42237703], [134.13822501, 35.42258493], [134.13818374, 35.42263057], [134.13815509, 35.42268457], [134.13824192, 35.42269169], [134.13833323, 35.42272141], [134.13854875, 35.4228179], [134.1386377, 35.422876], [134.13867173, 35.42292144], [134.1386814, 35.42295936], [134.13863321, 35.42320019], [134.13863888, 35.42326996], [134.13867014, 35.4233468], [134.13873062, 35.42341199], [134.13903333, 35.42361156], [134.13916706, 35.42361403], [134.1393118, 35.42360086], [134.13942773, 35.42357801], [134.13954395, 35.42352676], [134.13967204, 35.42344719], [134.13983519, 35.42333472], [134.1399576, 35.42324564], [134.1401036, 35.42311412], [134.14020866, 35.42302491], [134.1403368, 35.4229406], [134.14039579, 35.42283213], [134.1404315, 35.4227377], [134.14043286, 35.42260988], [134.14044082, 35.4223756], [134.14035223, 35.42234127], [134.14002713, 35.42206484], [134.13990403, 35.42199446], [134.13978121, 35.42195771], [134.13967754, 35.42194974], [134.13957377, 35.42195626], [134.13947935, 35.42197895], [134.1391715, 35.42210429], [134.13892715, 35.42214427], [134.13870003, 35.42221924], [134.13849121, 35.42237703]]]}}, {"type": "Feature", "properties": {"MESH2_C": "533411", "grid_code": "53341101", "grid_area": 1049140.7028570026, "grid_perimeter": 4118.696537428679, "area": 593606.2874697992, "perimeter": 3727.276831711051, "connect": 0.3789968251926471, "connect_rev": 0.21443729878442402}, "geometry": {"type": "Polygon", "coordinates": [[[134.14718675, 35.42397702], [134.14689608, 35.42388411], [134.14665201, 35.42373568], [134.14643353, 35.42357236], [134.14635017, 35.42352211], [134.14625529, 35.42344576], [134.14596024, 35.42326541], [134.14567565, 35.42301834], [134.14561628, 35.42294921], [134.14553907, 35.42289869], [134.14541864, 35.42285553], [134.14527863, 35.42281892], [134.14515732, 35.42278721], [134.14494612, 35.42276786], [134.14445716, 35.42274543], [134.14432775, 35.42274993], [134.14412464, 35.42280078], [134.14399662, 35.42286406], [134.14388042, 35.42296731], [134.14377483, 35.4231049], [134.14362364, 35.42325722], [134.14357538, 35.42330059], [134.14348391, 35.42343027], [134.1434292, 35.42348724], [134.14336403, 35.42345228], [134.14330647, 35.42344684], [134.14290421, 35.4233249], [134.14272047, 35.42326123], [134.14250807, 35.4232234], [134.1423895, 35.42321107], [134.14198065, 35.42320773], [134.14181799, 35.42317716], [134.14175494, 35.42315557], [134.14169736, 35.42311088], [134.14160605, 35.42294605], [134.14153982, 35.42301432], [134.14140589, 35.42319208], [134.14121536, 35.42332782], [134.14116624, 35.42337658], [134.14104454, 35.42364359], [134.14092663, 35.42382517], [134.14088218, 35.42390252], [134.14086417, 35.42393385], [134.14078747, 35.42407534], [134.14072828, 35.42420275], [134.14065751, 35.42432248], [134.14059654, 35.42433676], [134.14048441, 35.42429097], [134.14034017, 35.4242568], [134.14023069, 35.42421815], [134.14009766, 35.4242172], [134.13988352, 35.42422988], [134.13965147, 35.42429451], [134.13939045, 35.42436366], [134.13929183, 35.42439137], [134.13915569, 35.42437941], [134.13903477, 35.42436501], [134.13884516, 35.42431678], [134.13861627, 35.4242757], [134.13848799, 35.42423807], [134.1385271, 35.42419032], [134.13855064, 35.42413773], [134.13855471, 35.42408301], [134.13853666, 35.4240308], [134.13835717, 35.42382016], [134.13817055, 35.42368199], [134.13813649, 35.4236053], [134.13809804, 35.42319881], [134.13800805, 35.42319788], [134.13791259, 35.42317197], [134.13784855, 35.42312751], [134.13776941, 35.42303564], [134.13772818, 35.42296093], [134.13771385, 35.42288601], [134.13772423, 35.42278532], [134.13775318, 35.42268839], [134.13757828, 35.42255692], [134.1373206, 35.42239939], [134.13705644, 35.42221681], [134.13692568, 35.42259656], [134.13680277, 35.4228936], [134.13669863, 35.42318128], [134.1366744, 35.42332645], [134.13650678, 35.42343805], [134.13615928, 35.42358979], [134.13604729, 35.42359527], [134.13589368, 35.42353561], [134.13565243, 35.42340509], [134.13549306, 35.42332421], [134.13532815, 35.42329897], [134.13521723, 35.42331132], [134.13502107, 35.42338117], [134.13478531, 35.4234055], [134.13476675, 35.42340875], [134.13476659, 35.42812868], [134.14726547, 35.42812896], [134.14726561, 35.42401644], [134.14718675, 35.42397702]]]}}, {"type": "Feature", "properties": {"MESH2_C": "533411", "grid_code": "53341102", "grid_area": 1049139.7258915305, "grid_perimeter": 4118.694619745027, "area": 77690.0881130565, "perimeter": 1313.0658097711344, "connect": 0.595797233332825, "connect_rev": 0.044119518509137146}, "geometry": {"type": "Polygon", "coordinates": [[[134.15029817, 35.42770804], [134.15014616, 35.42751071], [134.15017645, 35.42746097], [134.15018991, 35.42740611], [134.15016893, 35.42731276], [134.14994902, 35.42708293], [134.14964433, 35.42685557], [134.14949394, 35.42670405], [134.14941688, 35.42658577], [134.14919476, 35.42615603], [134.14899399, 35.42566172], [134.14889266, 35.42553709], [134.14870502, 35.4253676], [134.14850345, 35.42515702], [134.14836485, 35.42497056], [134.14827469, 35.42488423], [134.14825048, 35.4248033], [134.14790677, 35.42436497], [134.1476752, 35.42419748], [134.14749161, 35.42410804], [134.14731423, 35.42404074], [134.14726561, 35.42401644], [134.14726547, 35.42812896], [134.15051895, 35.42812916], [134.15029817, 35.42770804]]]}}, {"type": "Feature", "properties": {"MESH2_C": "533411", "grid_code": "53341112", "grid_area": 1049033.1006451398, "grid_perimeter": 4118.463345701632, "area": 29182.21970234497, "perimeter": 781.9010475251542, "connect": 0.2015296709185162, "connect_rev": 0.005606194055905998}, "geometry": {"type": "Polygon", "coordinates": [[[134.15191966, 35.42879198], [134.1519377, 35.42882607], [134.15195541, 35.42891404], [134.15195181, 35.42908886], [134.15196101, 35.42916469], [134.15199339, 35.42923145], [134.15204428, 35.42927636], [134.1521225, 35.42931067], [134.15222958, 35.42932846], [134.15261453, 35.42931424], [134.15304239, 35.42927257], [134.15312536, 35.42928484], [134.15330664, 35.42935097], [134.15336968, 35.42936323], [134.15345013, 35.42935791], [134.15354229, 35.42932799], [134.15360936, 35.42928855], [134.15376145, 35.42914273], [134.15397254, 35.42898237], [134.15413303, 35.42888006], [134.15429962, 35.42874234], [134.15434515, 35.42868856], [134.15451936, 35.42850093], [134.15461816, 35.42839814], [134.15501683, 35.42812929], [134.15155026, 35.4281292], [134.15191966, 35.42879198]]]}}, {"type": "Feature", "properties": {"MESH2_C": "533411", "grid_code": "53341112", "grid_area": 1049033.1006451398, "grid_perimeter": 4118.463345701632, "area": 301156.8110639034, "perimeter": 2459.7637813247698, "connect": 0.2015296709185162, "connect_rev": 0.05785521256789086}, "geometry": {"type": "Polygon", "coordinates": [[[134.14729727, 35.43416454], [134.14761294, 35.4343796], [134.14775492, 35.43441827], [134.14787891, 35.43442877], [134.14810451, 35.43438432], [134.14826281, 35.43435313], [134.14833061, 35.43434724], [134.14837826, 35.43435687], [134.1484106, 35.43437914], [134.14843253, 35.43442405], [134.14843625, 35.43453922], [134.14846704, 35.43483818], [134.14884838, 35.43475229], [134.14897943, 35.43469427], [134.14935437, 35.43447493], [134.14941501, 35.4343896], [134.14945326, 35.43427935], [134.14946224, 35.43420249], [134.14945042, 35.43415361], [134.14937829, 35.43406971], [134.14923613, 35.43396323], [134.14890758, 35.43367725], [134.14884284, 35.43359505], [134.14889116, 35.43355303], [134.14901342, 35.43347115], [134.1490421, 35.43341997], [134.14925128, 35.43356405], [134.1494027, 35.43366007], [134.1494968, 35.43372591], [134.14973196, 35.43382321], [134.14993609, 35.43384214], [134.15036391, 35.43377752], [134.15088876, 35.43373302], [134.15112734, 35.43368036], [134.15126244, 35.43363245], [134.15139041, 35.43360347], [134.15165826, 35.43360775], [134.15174285, 35.43359888], [134.15185966, 35.43356904], [134.15215114, 35.43349459], [134.15245099, 35.43344859], [134.1527118, 35.43339552], [134.15324228, 35.43334169], [134.15336084, 35.43317081], [134.15353109, 35.43302149], [134.15357986, 35.43290788], [134.15357926, 35.43282668], [134.15352869, 35.43268361], [134.15348152, 35.43263314], [134.15340196, 35.43260233], [134.15342038, 35.43256192], [134.15341781, 35.4325096], [134.15328, 35.43212059], [134.15308849, 35.43177882], [134.15296454, 35.43160303], [134.15285832, 35.43147545], [134.15270715, 35.43120183], [134.15263432, 35.43109459], [134.15259011, 35.43093367], [134.15255735, 35.43086727], [134.15240011, 35.43061306], [134.15226406, 35.4303104], [134.15223841, 35.43013843], [134.1522202, 35.43003449], [134.15213531, 35.43001599], [134.15193964, 35.42995313], [134.15183691, 35.42990163], [134.15176969, 35.42983898], [134.15169269, 35.42967581], [134.15160733, 35.42955486], [134.15150688, 35.42938287], [134.15130633, 35.42916026], [134.15126797, 35.4291007], [134.15124334, 35.42900771], [134.15124366, 35.42876197], [134.15120672, 35.42867305], [134.15114922, 35.42860465], [134.15103804, 35.42851743], [134.1508672, 35.42843372], [134.15070018, 35.4283763], [134.15063816, 35.42833249], [134.15059546, 35.42827509], [134.15051895, 35.42812916], [134.14726547, 35.42812896], [134.14726527, 35.43415513], [134.14729727, 35.43416454]]]}}, {"type": "Feature", "properties": {"MESH2_C": "533411", "grid_code": "53341112", "grid_area": 1049033.1006451398, "grid_perimeter": 4118.463345701632, "area": 173686.5505565402, "perimeter": 2235.6605034793524, "connect": 0.2015296709185162, "connect_rev": 0.03336691030540929}, "geometry": {"type": "Polygon", "coordinates": [[[134.15634043, 35.43639804], [134.15627183, 35.43628929], [134.15620424, 35.43607709], [134.1560801, 35.43607654], [134.15583639, 35.43602908], [134.15550624, 35.43588034], [134.15532734, 35.43581477], [134.15524389, 35.43575561], [134.15507414, 35.43553666], [134.15491387, 35.43541964], [134.15479902, 35.43531125], [134.1547367, 35.43528683], [134.15468062, 35.43528544], [134.15464055, 35.43515085], [134.15465177, 35.43505813], [134.15470686, 35.43497445], [134.15492982, 35.43473013], [134.1549445, 35.43468405], [134.15493684, 35.43464883], [134.15459075, 35.43427057], [134.1544391, 35.43407452], [134.15409252, 35.43384399], [134.15404272, 35.43380575], [134.15398358, 35.43378561], [134.15389787, 35.43377804], [134.15351113, 35.43376444], [134.15334388, 35.4337873], [134.15316801, 35.43379272], [134.15286606, 35.43383205], [134.15272445, 35.43383026], [134.15234502, 35.433768], [134.15223364, 35.43376456], [134.15149779, 35.43388733], [134.1512414, 35.43397715], [134.15103559, 35.43407148], [134.15094492, 35.43410491], [134.15085893, 35.43412591], [134.15054266, 35.4341036], [134.15045918, 35.43407791], [134.15036087, 35.4340637], [134.14990593, 35.43411477], [134.14984124, 35.43417997], [134.14969909, 35.43446774], [134.14955468, 35.43469429], [134.1494933, 35.43476036], [134.14935441, 35.43487331], [134.14925794, 35.4349284], [134.14909101, 35.43498392], [134.14894661, 35.43504932], [134.14851575, 35.43515175], [134.14829011, 35.43516284], [134.14796145, 35.43518728], [134.14768157, 35.43517201], [134.14748991, 35.43515993], [134.14742581, 35.43514454], [134.14737802, 35.43511331], [134.14734244, 35.43504024], [134.14734351, 35.43491185], [134.1473826, 35.43480771], [134.14745072, 35.43474308], [134.14745778, 35.43467041], [134.14744355, 35.43461892], [134.14733707, 35.43447699], [134.14726526, 35.43442717], [134.14726519, 35.43646133], [134.1563986, 35.43646166], [134.15634043, 35.43639804]]]}}, {"type": "Feature", "properties": {"MESH2_C": "533411", "grid_code": "53341111", "grid_area": 1049034.077308312, "grid_perimeter": 4118.46526287953, "area": 985529.2774043255, "perimeter": 6259.232758657595, "connect": 0.8825917601044313, "connect_rev": 0.829162787362046}, "geometry": {"type": "Polygon", "coordinates": [[[134.14704285, 35.43427287], [134.14694998, 35.4342351], [134.14698762, 35.43418286], [134.1470152, 35.43412009], [134.14722011, 35.43414185], [134.14726527, 35.43415513], [134.14726547, 35.42812896], [134.13476659, 35.42812868], [134.13476631, 35.43646105], [134.14726519, 35.43646133], [134.14726526, 35.43442717], [134.14704285, 35.43427287]], [[134.14658459, 35.43180837], [134.14641218, 35.43171226], [134.14604599, 35.43142607], [134.14579323, 35.43126265], [134.1456945, 35.43121326], [134.14533521, 35.43108407], [134.14514786, 35.43096581], [134.14492439, 35.43078019], [134.14473714, 35.43064384], [134.14456585, 35.43033823], [134.14452631, 35.43024493], [134.14465184, 35.43024546], [134.1447189, 35.43023155], [134.14475771, 35.43021601], [134.14479227, 35.43019518], [134.14489312, 35.43008758], [134.14517881, 35.43032454], [134.14535498, 35.43045163], [134.14553457, 35.43062274], [134.14597397, 35.43095307], [134.1462899, 35.43116418], [134.14667393, 35.43134651], [134.14684506, 35.43146089], [134.14721569, 35.43167549], [134.14723668, 35.43170571], [134.14723091, 35.43175011], [134.14701783, 35.4319312], [134.14672794, 35.43186086], [134.14658459, 35.43180837]], [[134.14310625, 35.42939121], [134.14299915, 35.42933802], [134.14255642, 35.429047], [134.14235968, 35.42893807], [134.14213467, 35.42885539], [134.14188865, 35.42873038], [134.14180804, 35.42867711], [134.14150376, 35.42849336], [134.14155285, 35.4284035], [134.14163943, 35.42829902], [134.14170195, 35.42826405], [134.14177521, 35.42826916], [134.14212331, 35.42842725], [134.14252501, 35.4286798], [134.14279256, 35.42878019], [134.1430877, 35.42893008], [134.14343301, 35.42905906], [134.14358809, 35.42914717], [134.14357774, 35.42936148], [134.14349994, 35.42948613], [134.14341486, 35.42956369], [134.14321115, 35.42943695], [134.14310625, 35.42939121]], [[134.13947094, 35.42911294], [134.13967043, 35.42936425], [134.1397332, 35.42947479], [134.13973257, 35.4295789], [134.13965931, 35.42980237], [134.13972332, 35.4300825], [134.13972303, 35.43035726], [134.13969948, 35.43045652], [134.13963345, 35.43056752], [134.13958194, 35.43055292], [134.13951472, 35.43055105], [134.13911113, 35.43063016], [134.13894261, 35.43062273], [134.13884551, 35.43063088], [134.13810741, 35.43084908], [134.13802829, 35.43084499], [134.13771994, 35.43078389], [134.13745229, 35.4307151], [134.13736856, 35.43070697], [134.13723889, 35.43073044], [134.13682893, 35.43087295], [134.13674587, 35.43076884], [134.13660973, 35.43043955], [134.13653595, 35.4303196], [134.13648468, 35.4302693], [134.13635523, 35.43018606], [134.13612783, 35.42999119], [134.13601579, 35.42989702], [134.13618651, 35.42990734], [134.13632573, 35.42988727], [134.13647521, 35.42987148], [134.13661429, 35.42986405], [134.13678426, 35.42985684], [134.13700594, 35.42982892], [134.13720255, 35.42973763], [134.13730587, 35.42970465], [134.13741949, 35.42967175], [134.13757912, 35.42966868], [134.13769237, 35.42966949], [134.13775509, 35.42958145], [134.13785385, 35.42949366], [134.13795193, 35.42946908], [134.13808573, 35.42947425], [134.13817324, 35.42947487], [134.13827141, 35.42944186], [134.13837482, 35.42940046], [134.13852528, 35.42929198], [134.1387017, 35.4291626], [134.13883672, 35.42905401], [134.13902361, 35.42890786], [134.13916183, 35.42877212], [134.13921563, 35.42883162], [134.13947094, 35.42911294]]]}}, {"type": "Feature", "properties": {"MESH2_C": "533411", "grid_code": "53341120", "grid_area": 1048928.4723041058, "grid_perimeter": 4118.235987824739, "area": 103.3190476334712, "perimeter": 55.760480019455045, "connect": 0.19942651086121632, "connect_rev": 1.964343396055064e-05}, "geometry": {"type": "Polygon", "coordinates": [[[134.13472887, 35.43996131], [134.13469467, 35.44003475], [134.13471825, 35.44010672], [134.13476618, 35.44015977], [134.13476619, 35.43992425], [134.13472887, 35.43996131]]]}}, {"type": "Feature", "properties": {"MESH2_C": "533411", "grid_code": "53341120", "grid_area": 1048928.4723041058, "grid_perimeter": 4118.235987824739, "area": 229366.21202227328, "perimeter": 3144.1621863102127, "connect": 0.19942651086121632, "connect_rev": 0.043608029127647205}, "geometry": {"type": "Polygon", "coordinates": [[[134.12333001, 35.43651245], [134.12389356, 35.43683547], [134.12408926, 35.43696571], [134.12423924, 35.43705661], [134.12453108, 35.43718465], [134.12471632, 35.43725009], [134.12493841, 35.43735606], [134.1253329, 35.43764892], [134.12554639, 35.437752], [134.12567241, 35.43779262], [134.12586984, 35.43788869], [134.12630824, 35.43804825], [134.12638596, 35.43811685], [134.12640159, 35.43823649], [134.12650125, 35.43825838], [134.12723879, 35.43842248], [134.1276172, 35.4384882], [134.12788596, 35.43854771], [134.12803124, 35.43852539], [134.12845642, 35.43841402], [134.12866403, 35.43835007], [134.12887273, 35.43832503], [134.12911484, 35.43831539], [134.12921417, 35.43833046], [134.1293082, 35.43835142], [134.1295365, 35.4383584], [134.129719, 35.43837853], [134.12981421, 35.43836502], [134.12989165, 35.438334], [134.1299407, 35.43829673], [134.12996636, 35.4382513], [134.12996063, 35.43819926], [134.12989893, 35.43807315], [134.12952936, 35.43729364], [134.12965698, 35.43719748], [134.12972772, 35.43716607], [134.12988419, 35.43712643], [134.12996039, 35.43713462], [134.13001773, 35.43717755], [134.13013274, 35.43735163], [134.13018271, 35.43743868], [134.13041337, 35.43802496], [134.13054511, 35.43841363], [134.1305969, 35.43865583], [134.13063609, 35.43872966], [134.13069399, 35.43877758], [134.13083216, 35.43885923], [134.13100656, 35.43893462], [134.13109496, 35.43895702], [134.13125648, 35.43896791], [134.1314322, 35.43900744], [134.13160966, 35.43907602], [134.13174806, 35.43916886], [134.13182316, 35.43925476], [134.13199796, 35.43954333], [134.13201792, 35.43962142], [134.1320225, 35.43975337], [134.13210689, 35.44007246], [134.13213423, 35.44013882], [134.13217176, 35.44016408], [134.13221055, 35.44016048], [134.13226359, 35.44012776], [134.13232256, 35.4400701], [134.13236031, 35.4400102], [134.13245681, 35.43956679], [134.13234894, 35.43909623], [134.13273293, 35.43910452], [134.13278793, 35.43911848], [134.13282518, 35.43914806], [134.13294359, 35.43971688], [134.1330087, 35.43995661], [134.13305447, 35.44002796], [134.13309281, 35.44004604], [134.13314817, 35.44004162], [134.13328291, 35.43993369], [134.13333972, 35.43990545], [134.13353116, 35.43985744], [134.13363123, 35.43985749], [134.13368593, 35.4398837], [134.13371853, 35.43992636], [134.13373175, 35.43999685], [134.13372924, 35.44013057], [134.13374441, 35.44016909], [134.13378441, 35.44019702], [134.13385637, 35.44018459], [134.1339363, 35.44012394], [134.13401762, 35.4400196], [134.13419384, 35.43968819], [134.13426913, 35.43961763], [134.13444595, 35.43950455], [134.13454179, 35.43944367], [134.13473854, 35.4392656], [134.13476621, 35.439221], [134.13476631, 35.43646105], [134.12326513, 35.43646083], [134.12333001, 35.43651245]]]}}, {"type": "Feature", "properties": {"MESH2_C": "533411", "grid_code": "53341110", "grid_area": 1049035.1205547303, "grid_perimeter": 4118.467310756168, "area": 934366.4100640335, "perimeter": 6898.180168752661, "connect": 0.7933432699739948, "connect_rev": 0.7066239142899975}, "geometry": {"type": "Polygon", "coordinates": [[[134.12357478, 35.42818877], [134.12351748, 35.42831698], [134.12333904, 35.42851691], [134.12308772, 35.42872422], [134.12275272, 35.42893797], [134.12266241, 35.42901698], [134.12261244, 35.42908324], [134.12251453, 35.42935471], [134.12249545, 35.42944971], [134.12246663, 35.42976028], [134.12250201, 35.4299183], [134.12250554, 35.42999152], [134.12255247, 35.43004091], [134.12279268, 35.43012939], [134.12304413, 35.43019261], [134.12349523, 35.43041881], [134.12355734, 35.43049426], [134.12369186, 35.43076841], [134.12384252, 35.43097948], [134.12393009, 35.43101472], [134.12406631, 35.43102728], [134.12417601, 35.43105553], [134.12444062, 35.43116183], [134.12520226, 35.43157857], [134.12535599, 35.43168985], [134.12564699, 35.43182319], [134.12599249, 35.43204363], [134.12652217, 35.43243877], [134.12669839, 35.43268287], [134.12679717, 35.43287062], [134.12683926, 35.43299134], [134.12689996, 35.43304233], [134.12696014, 35.43304998], [134.1270964, 35.43303146], [134.12724149, 35.43302965], [134.12729539, 35.43299329], [134.12735368, 35.43289447], [134.12754081, 35.43263999], [134.12761394, 35.43256341], [134.12767128, 35.43253565], [134.12773302, 35.43253194], [134.1278082, 35.4325608], [134.12785789, 35.43260114], [134.12790618, 35.43270316], [134.12788915, 35.43287162], [134.12781673, 35.43310733], [134.1277186, 35.43329064], [134.12765957, 35.43344404], [134.12762848, 35.43359283], [134.127648, 35.43368819], [134.12769882, 35.43380088], [134.12787815, 35.43401491], [134.12794564, 35.43408006], [134.12788006, 35.43414514], [134.12781339, 35.43431555], [134.12777688, 35.43440393], [134.12785959, 35.43441451], [134.1280904, 35.43441735], [134.12813279, 35.43443546], [134.12817097, 35.43446719], [134.12826197, 35.43455768], [134.12832089, 35.43465598], [134.12835809, 35.43467187], [134.12838679, 35.43466762], [134.1287231, 35.43454323], [134.12879938, 35.4345215], [134.12886855, 35.43453859], [134.12897421, 35.43461832], [134.12903796, 35.43464231], [134.1291723, 35.43479194], [134.12923544, 35.43483801], [134.12957197, 35.43497986], [134.12965794, 35.43504335], [134.12968564, 35.43511475], [134.12964987, 35.43524626], [134.12965819, 35.43530861], [134.12968973, 35.43535402], [134.12985013, 35.43550345], [134.12994403, 35.43567384], [134.13006018, 35.43626415], [134.13006249, 35.43631805], [134.13005528, 35.43634111], [134.13002587, 35.43635897], [134.12987245, 35.43637505], [134.12974957, 35.43640994], [134.12970753, 35.43640963], [134.12968305, 35.43639945], [134.12966372, 35.43638017], [134.12965071, 35.43634288], [134.12964569, 35.43613019], [134.12958072, 35.43580568], [134.12952958, 35.43567843], [134.12947818, 35.43560685], [134.12942118, 35.43555829], [134.12919116, 35.43542307], [134.12896176, 35.43534321], [134.12869474, 35.43517694], [134.1285197, 35.43498987], [134.12848515, 35.43497505], [134.12843158, 35.43499361], [134.12834421, 35.4350859], [134.12818324, 35.43522476], [134.12812593, 35.435251], [134.12806618, 35.43524919], [134.12787451, 35.4351338], [134.1276887, 35.43504644], [134.12761149, 35.43498965], [134.12740838, 35.43480647], [134.12709013, 35.43444185], [134.12657654, 35.43370995], [134.12641645, 35.4335623], [134.12622653, 35.43341761], [134.12580528, 35.4331026], [134.12514755, 35.43268903], [134.12463695, 35.43239966], [134.1243347, 35.43219544], [134.12415569, 35.43209578], [134.12393713, 35.43200393], [134.12370054, 35.43187841], [134.1233204, 35.4314843], [134.12311053, 35.43123254], [134.12303756, 35.43111041], [134.12294349, 35.43104358], [134.12274803, 35.43096165], [134.12229863, 35.43083513], [134.12229863, 35.43091209], [134.12229862, 35.431012], [134.12229862, 35.43111191], [134.12229862, 35.43121182], [134.12229861, 35.43131173], [134.12229861, 35.43141164], [134.1222986, 35.43151155], [134.1222986, 35.43161569], [134.12229859, 35.43171137], [134.12229859, 35.43181128], [134.12229859, 35.43191118], [134.12229858, 35.43201109], [134.12229858, 35.432111], [134.12229857, 35.43221091], [134.12229857, 35.43231082], [134.12229856, 35.43241073], [134.12229856, 35.43246267], [134.12229856, 35.43251064], [134.12229856, 35.43261055], [134.12229855, 35.43271046], [134.12229855, 35.43281037], [134.12229854, 35.43291028], [134.12229854, 35.43301019], [134.12229853, 35.4331101], [134.12229853, 35.43321001], [134.12229853, 35.43330992], [134.12229852, 35.43340983], [134.12229852, 35.433483], [134.12229852, 35.43350974], [134.12229851, 35.43360965], [134.12229851, 35.43370956], [134.1222985, 35.43380947], [134.1222985, 35.43390937], [134.1222985, 35.43400928], [134.12229849, 35.43410919], [134.12229849, 35.4342091], [134.12229848, 35.43430901], [134.12229848, 35.43440892], [134.12229847, 35.43450554], [134.12229847, 35.43460874], [134.12229847, 35.43470865], [134.12229846, 35.43480856], [134.12229846, 35.43490847], [134.12229845, 35.43500838], [134.12229845, 35.43510829], [134.12229844, 35.4352082], [134.12229844, 35.43530811], [134.12229844, 35.43540802], [134.12229843, 35.43550793], [134.12229843, 35.43560784], [134.12229842, 35.43570775], [134.12229842, 35.43574523], [134.12257026, 35.43595712], [134.12293149, 35.43618217], [134.12325719, 35.43645452], [134.12326513, 35.43646083], [134.13476631, 35.43646105], [134.13476659, 35.42812868], [134.12356829, 35.42812848], [134.12357478, 35.42818877]], [[134.12282709, 35.43324591], [134.12306264, 35.43349295], [134.12333344, 35.43370755], [134.1234286, 35.43376335], [134.12351762, 35.43379675], [134.12365635, 35.43383694], [134.12386791, 35.43387339], [134.12395892, 35.43390649], [134.12405072, 35.43397577], [134.12408411, 35.43405317], [134.12401358, 35.43416442], [134.12396379, 35.43435419], [134.12392245, 35.43441315], [134.12384411, 35.4344591], [134.12347281, 35.4345803], [134.12341763, 35.43450856], [134.12317225, 35.43429352], [134.12285064, 35.43406547], [134.1226101, 35.43384967], [134.12239074, 35.43357582], [134.12239062, 35.43351356], [134.12243211, 35.43345399], [134.12263873, 35.4332325], [134.12270373, 35.43318795], [134.12276411, 35.43316135], [134.12282709, 35.43324591]], [[134.13082445, 35.4338271], [134.1308538, 35.43406122], [134.13084236, 35.43412211], [134.1307918, 35.43416644], [134.13071839, 35.43417454], [134.13035532, 35.43418658], [134.13003374, 35.43419792], [134.12987195, 35.43416669], [134.12975777, 35.43410379], [134.12980773, 35.43404457], [134.12995463, 35.4339841], [134.13000779, 35.43394321], [134.13003012, 35.43389426], [134.13005008, 35.43376592], [134.13010232, 35.43371747], [134.13060949, 35.43359782], [134.13068723, 35.43359752], [134.13074916, 35.43361779], [134.13082445, 35.4338271]]]}}, {"type": "Feature", "properties": {"MESH2_C": "533411", "grid_code": "53341110", "grid_area": 1049035.1205547303, "grid_perimeter": 4118.467310756168, "area": 3687.302128152558, "perimeter": 272.8961609936594, "connect": 0.7933432699739948, "connect_rev": 0.0027885590009452898}, "geometry": {"type": "Polygon", "coordinates": [[[134.12229874, 35.42821453], [134.12229874, 35.42831444], [134.12229874, 35.42841435], [134.12229873, 35.42851426], [134.12229873, 35.42861417], [134.12229872, 35.42871408], [134.12229872, 35.42881399], [134.12229871, 35.4289139], [134.12229871, 35.42894281], [134.12248935, 35.42881997], [134.12276814, 35.42856473], [134.12299145, 35.42824643], [134.12303675, 35.42815561], [134.12304559, 35.42812845], [134.12229875, 35.42812839], [134.12229874, 35.42821453]]]}}, {"type": "Feature", "properties": {"MESH2_C": "533411", "grid_code": "53341101", "grid_area": 1049140.7028570026, "grid_perimeter": 4118.696537428679, "area": 15918.367137999943, "perimeter": 774.5357544988842, "connect": 0.3789968251926471, "connect_rev": 0.0057504304152188055}, "geometry": {"type": "Polygon", "coordinates": [[[134.13480197, 35.42200173], [134.1357015, 35.42180521], [134.13593601, 35.42175864], [134.13591863, 35.42183964], [134.13588722, 35.42191636], [134.13582712, 35.4219828], [134.13574855, 35.4220337], [134.13545134, 35.42214868], [134.13508417, 35.42219411], [134.1350061, 35.42221866], [134.13495841, 35.42225328], [134.1349296, 35.42230342], [134.13492304, 35.42235813], [134.13495576, 35.42252205], [134.13502306, 35.42265867], [134.1351153, 35.42275828], [134.13517315, 35.42277883], [134.13525018, 35.42277246], [134.13553547, 35.42263822], [134.1360532, 35.42216284], [134.13640232, 35.42179887], [134.13632342, 35.42176571], [134.13619971, 35.42167712], [134.1359802, 35.42154848], [134.13583489, 35.42143434], [134.13546852, 35.42106797], [134.13539599, 35.42098771], [134.13536979, 35.42094274], [134.13531824, 35.4209163], [134.13522985, 35.42092483], [134.13508774, 35.42097364], [134.13495334, 35.42098894], [134.13485493, 35.42098532], [134.13477987, 35.42096245], [134.13476683, 35.42088103], [134.1347668, 35.42201349], [134.13480197, 35.42200173]]]}}, {"type": "Feature", "properties": {"MESH2_C": "533411", "grid_code": "53341101", "grid_area": 1049140.7028570026, "grid_perimeter": 4118.696537428679, "area": 2480.4945468391525, "perimeter": 265.87438636654844, "connect": 0.3789968251926471, "connect_rev": 0.0008960662336325806}, "geometry": {"type": "Polygon", "coordinates": [[[134.13558719, 35.41982236], [134.13548728, 35.41982236], [134.13538737, 35.41982235], [134.13532861, 35.41982235], [134.13539061, 35.41989595], [134.1355225, 35.42003172], [134.13574579, 35.42017671], [134.13588104, 35.42024403], [134.13619226, 35.41998944], [134.13633394, 35.41985522], [134.13658301, 35.41982238], [134.1364864, 35.41982238], [134.13638648, 35.41982238], [134.13628657, 35.41982237], [134.13627163, 35.41982237], [134.13618666, 35.41982237], [134.13608675, 35.41982237], [134.13598684, 35.41982237], [134.13588693, 35.41982236], [134.13578702, 35.41982236], [134.1356871, 35.41982236], [134.13558719, 35.41982236]]]}}, {"type": "Feature", "properties": {"MESH2_C": "533411", "grid_code": "53341101", "grid_area": 1049140.7028570026, "grid_perimeter": 4118.696537428679, "area": 1219.3352076847805, "perimeter": 163.78197886473222, "connect": 0.3789968251926471, "connect_rev": 0.00044047873778960237}, "geometry": {"type": "Polygon", "coordinates": [[[134.1349092, 35.42037422], [134.1349698, 35.42036347], [134.13505574, 35.42036748], [134.13513596, 35.42035302], [134.13516704, 35.4203309], [134.13516855, 35.42030033], [134.13513545, 35.4202512], [134.13485678, 35.41995403], [134.13476687, 35.41987587], [134.13476685, 35.42043151], [134.1349092, 35.42037422]]]}}, {"type": "Feature", "properties": {"MESH2_C": "533411", "grid_code": "53341100", "grid_area": 1049141.7464266494, "grid_perimeter": 4118.698585847405, "area": 1014479.4670902643, "perimeter": 5245.474997304236, "connect": 0.9350141558475183, "connect_rev": 0.904122503729158}, "geometry": {"type": "Polygon", "coordinates": [[[134.13456376, 35.42344434], [134.13444377, 35.4234382], [134.1343336, 35.42341733], [134.13433919, 35.42325526], [134.13438862, 35.42308934], [134.13449005, 35.42261068], [134.13459266, 35.42228277], [134.13471292, 35.42204912], [134.1347575, 35.4220166], [134.1347668, 35.42201349], [134.13476683, 35.42088103], [134.13471568, 35.42056143], [134.1347177, 35.42045129], [134.13476685, 35.42043151], [134.13476687, 35.41987587], [134.13471627, 35.41983188], [134.13470585, 35.41982234], [134.13468799, 35.41982234], [134.13458808, 35.41982234], [134.13448817, 35.41982233], [134.13438826, 35.41982233], [134.13428835, 35.41982233], [134.13418844, 35.41982233], [134.13408853, 35.41982232], [134.13398862, 35.41982232], [134.13388871, 35.41982232], [134.1337888, 35.41982232], [134.13368889, 35.41982231], [134.133586, 35.41982231], [134.13348907, 35.41982231], [134.13338916, 35.4198223], [134.13328925, 35.4198223], [134.13318934, 35.4198223], [134.13308943, 35.4198223], [134.13298952, 35.41982229], [134.13292139, 35.41982229], [134.13288961, 35.41982229], [134.13282108, 35.41982229], [134.1327897, 35.41982229], [134.13268979, 35.41982229], [134.13258988, 35.41982228], [134.13248997, 35.41982228], [134.13239006, 35.41982228], [134.13229015, 35.41982228], [134.13220636, 35.41982227], [134.13219023, 35.41982227], [134.13209033, 35.41982227], [134.13199042, 35.41982227], [134.13189051, 35.41982227], [134.1317906, 35.41982226], [134.13169069, 35.41982226], [134.13159078, 35.41982226], [134.13149087, 35.41982225], [134.13139096, 35.41982225], [134.13129105, 35.41982225], [134.13119114, 35.41982225], [134.13109123, 35.41982224], [134.13099132, 35.41982224], [134.13089142, 35.41982224], [134.1307915, 35.41982224], [134.13069159, 35.41982223], [134.13059168, 35.41982223], [134.13049178, 35.41982223], [134.13039186, 35.41982223], [134.13029195, 35.41982222], [134.13019204, 35.41982222], [134.13009214, 35.41982222], [134.12999222, 35.41982221], [134.12989231, 35.41982221], [134.1297924, 35.41982221], [134.12969249, 35.41982221], [134.12959258, 35.4198222], [134.12949267, 35.4198222], [134.12939277, 35.4198222], [134.12929286, 35.4198222], [134.12919294, 35.41982219], [134.12909303, 35.41982219], [134.12899312, 35.41982219], [134.12889319, 35.41982219], [134.1287933, 35.41982218], [134.12869339, 35.41982218], [134.12859348, 35.41982218], [134.12849357, 35.41982218], [134.12839366, 35.41982217], [134.12829375, 35.41982217], [134.12819384, 35.41982217], [134.12809394, 35.41982216], [134.12799403, 35.41982216], [134.12789412, 35.41982216], [134.1277942, 35.41982216], [134.12769429, 35.41982215], [134.12759438, 35.41982215], [134.12749447, 35.41982215], [134.12739456, 35.41982215], [134.12729466, 35.41982214], [134.12719475, 35.41982214], [134.12709484, 35.41982214], [134.1269927, 35.41982214], [134.12698416, 35.41982214], [134.12689532, 35.41982213], [134.1267951, 35.41982213], [134.1266952, 35.41982213], [134.12659528, 35.41982213], [134.12649538, 35.41982212], [134.12639547, 35.41982212], [134.12629556, 35.41982212], [134.12619565, 35.41982211], [134.12609574, 35.41982211], [134.12599583, 35.41982211], [134.12589592, 35.41982211], [134.12579601, 35.4198221], [134.1256961, 35.4198221], [134.12559619, 35.4198221], [134.12549628, 35.4198221], [134.12539637, 35.41982209], [134.12529646, 35.41982209], [134.12519655, 35.41982209], [134.12509664, 35.41982209], [134.12499673, 35.41982208], [134.12489682, 35.41982208], [134.12485079, 35.41982208], [134.12479691, 35.41982208], [134.124697, 35.41982207], [134.12459709, 35.41982207], [134.12449718, 35.41982207], [134.12439727, 35.41982207], [134.12429736, 35.41982206], [134.12419745, 35.41982206], [134.12409754, 35.41982206], [134.12399763, 35.41982206], [134.12389772, 35.41982205], [134.12379781, 35.41982205], [134.1236979, 35.41982205], [134.12359799, 35.41982205], [134.12349808, 35.41982204], [134.12339817, 35.41982204], [134.12329826, 35.41982204], [134.12319835, 35.41982204], [134.12309844, 35.41982203], [134.12299853, 35.41982203], [134.12289862, 35.41982203], [134.12279871, 35.41982202], [134.1226988, 35.41982202], [134.12259889, 35.41982202], [134.12249898, 35.41982202], [134.12239907, 35.41982201], [134.12229916, 35.41982201], [134.12229915, 35.41992192], [134.12229915, 35.42002183], [134.12229914, 35.42012174], [134.12229914, 35.42022166], [134.12229913, 35.42032157], [134.12229913, 35.42036382], [134.12229913, 35.42042148], [134.12229912, 35.42052139], [134.12229912, 35.4206213], [134.12229911, 35.42072121], [134.12229911, 35.42082112], [134.1222991, 35.42092103], [134.1222991, 35.42102094], [134.12229909, 35.42112085], [134.12229909, 35.42122077], [134.12229908, 35.42132068], [134.12229908, 35.42142059], [134.12229907, 35.4215205], [134.12229907, 35.42162041], [134.12229906, 35.42172032], [134.12229906, 35.42182023], [134.12229905, 35.42192014], [134.12229905, 35.42202005], [134.12229904, 35.42211996], [134.12229904, 35.42221988], [134.12229904, 35.42231979], [134.12229903, 35.4224197], [134.12229903, 35.42251961], [134.12229902, 35.42261952], [134.12229902, 35.42271943], [134.12229901, 35.42281934], [134.12229901, 35.42291925], [134.122299, 35.42301916], [134.122299, 35.42311907], [134.12229899, 35.42321899], [134.12229899, 35.4233189], [134.12229898, 35.42341881], [134.12229898, 35.42351872], [134.12229897, 35.42361863], [134.12229897, 35.42371854], [134.12229896, 35.42381845], [134.12229896, 35.42391836], [134.12229895, 35.42401827], [134.12229895, 35.42411818], [134.12229894, 35.42421809], [134.12229894, 35.42431801], [134.12229893, 35.42441792], [134.12229893, 35.42451783], [134.12229892, 35.42461774], [134.12229892, 35.42471765], [134.12229891, 35.42481756], [134.12229891, 35.42491747], [134.1222989, 35.42501738], [134.1222989, 35.42511729], [134.12229889, 35.42521721], [134.12229889, 35.42531712], [134.12229888, 35.42541703], [134.12229888, 35.42551694], [134.12229887, 35.42561685], [134.12229887, 35.42571676], [134.12229886, 35.42581667], [134.12229886, 35.42591658], [134.12229885, 35.42601649], [134.12229885, 35.4261164], [134.12229884, 35.42619487], [134.12229884, 35.42621632], [134.12229884, 35.42631623], [134.12229883, 35.42641614], [134.12229883, 35.42651605], [134.12229882, 35.42661596], [134.12229882, 35.42671587], [134.12229881, 35.42681578], [134.12229881, 35.42691569], [134.1222988, 35.4270156], [134.1222988, 35.42711551], [134.12229879, 35.42721543], [134.12229879, 35.42731534], [134.12229878, 35.42740302], [134.12229878, 35.42741525], [134.12229878, 35.42751516], [134.12229877, 35.42761507], [134.12229877, 35.42771498], [134.12229876, 35.42781489], [134.12229876, 35.4279148], [134.12229875, 35.42801471], [134.12229875, 35.42811462], [134.12229875, 35.42812839], [134.12304559, 35.42812845], [134.12308933, 35.42799414], [134.12307271, 35.4277769], [134.12309894, 35.42770156], [134.12320805, 35.42753385], [134.12337814, 35.42739335], [134.12349052, 35.42723053], [134.1235504, 35.42716026], [134.12345715, 35.42711784], [134.12338542, 35.42706051], [134.12334447, 35.42699117], [134.12335098, 35.42693311], [134.12341045, 35.42677091], [134.1234478, 35.42643087], [134.12348406, 35.42636835], [134.12353882, 35.42629755], [134.12355, 35.42621585], [134.12353978, 35.42614663], [134.12346347, 35.42591079], [134.12344601, 35.42575724], [134.12346499, 35.42568646], [134.12351729, 35.42563838], [134.12359495, 35.42562365], [134.12365665, 35.42563656], [134.12377, 35.4256948], [134.12397068, 35.42582279], [134.12406031, 35.42585485], [134.12414519, 35.42586635], [134.12421777, 35.42585815], [134.12447662, 35.4257842], [134.12462897, 35.42572523], [134.12467955, 35.42578257], [134.12474511, 35.42590662], [134.12478246, 35.42595003], [134.12484841, 35.425991], [134.12498035, 35.42599961], [134.12478628, 35.42619528], [134.12454381, 35.42641961], [134.12436781, 35.42658851], [134.12427421, 35.42671669], [134.12421576, 35.42676748], [134.12409745, 35.42681599], [134.12393425, 35.42691689], [134.12385977, 35.42694741], [134.12390841, 35.42700554], [134.12393517, 35.42706923], [134.12393931, 35.4271219], [134.12392251, 35.4272097], [134.12388265, 35.4272772], [134.12378, 35.42736518], [134.12358022, 35.42758415], [134.12351872, 35.42779591], [134.12351643, 35.42786457], [134.12355414, 35.42799701], [134.12356829, 35.42812848], [134.13476659, 35.42812868], [134.13476675, 35.42340875], [134.13456376, 35.42344434]], [[134.12910914, 35.42069836], [134.12899853, 35.42065458], [134.12871214, 35.42044912], [134.12825444, 35.41999883], [134.12810981, 35.41986565], [134.12882579, 35.41999565], [134.1290617, 35.42003977], [134.12985286, 35.42028495], [134.12955271, 35.42050306], [134.12943327, 35.42058367], [134.12925332, 35.42068471], [134.12919273, 35.42070291], [134.12910914, 35.42069836]]]}}]}